:020000040800F2
:100000000000022061020008B92800084B1B00080C
:10001000B5280008FB0A0008F15E00080000000097
:10002000000000000000000000000000A101000826
:10003000B90E000800000000FD0100080D42000894
:100040007B0200087B0200087B0200087B0200089C
:100050007B0200087B0200087B0200087B0200088C
:100060007B0200087B0200087B0200087B0200087C
:100070007B0200087B0200087B0200087B0200086C
:100080007B0200087B0200087B0200087B0200085C
:100090007B0200087B0200087B0200087B0200084C
:1000A0007B0200087B0200087B0200089D440008D8
:1000B0007B0200087B0200087B0200087B0200082C
:1000C0007B0200087B0200087B0200087B0200081C
:1000D0007B020008E55900087B020008A55B0008C8
:1000E0007B0200087B0200087B0200087B020008FC
:1000F0007B020008494B00087B0200087B020008D5
:100100007B0200087B0200087B0200087B020008DB
:1001100031580008095900087B0200087B020008DA
:100120007B020008290E00087B0200087B02000801
:100130007B0200087B0200087B0200087B020008AB
:100140007B0200087B0200087B0200087B0200089B
:100150007B0200087B0200087B020008B55B0008F8
:100160007B0200087B0200087B0200087B0200087B
:100170007B0200087B0200087B02000800000000F0
:100180007B0200087B020008DFF810D000F0EEF8D8
:10019000004800473D630008AFF3008000000220E4
:1001A0002C4B19680868B0E8F04F80F30988BFF35A
:1001B0006F8F4FF0000080F311887047000000003F
:1001C00008480068006880F308884FF0000080F35A
:1001D000148862B661B6BFF34F8FBFF36F8F00DF35
:1001E00000BF00BF08ED00E0DFF80C00016841F43B
:1001F00070010160704700BF88ED00E0EFF30980F7
:10020000BFF36F8F134B1A681EF0100F08BF20ED5D
:10021000108A20E9F04F106009B44FF0B00080F36D
:100220001188BFF34F8FBFF36F8F06F025FD4FF09E
:10023000000080F3118809BC19680868B0E8F04F25
:100240001EF0100F08BFB0EC108A80F30988BFF3CE
:100250006F8F704700000020EFF3058070470000AB
:100260000648804706480047FEE7FEE7FEE7FEE750
:10027000FEE7FEE7FEE7FEE7FEE7FEE721440008B3
:10028000890100082DE9F05F0546002092469B4653
:1002900088460646814640241BE02846414647469C
:1002A000224600F053F853465A46C01A914110D3E3
:1002B00011461846224600F03AF82D1A67EB01085D
:1002C0004F4622460120002100F031F817EB0009CB
:1002D0004E41201EA4F10104DFDC484631462A4687
:1002E0004346BDE8F09F40EA01039B0703D009E0C5
:1002F00008C9121F08C0042AFAD203E011F8013B12
:1003000000F8013B521EF9D27047D2B201E000F86A
:10031000012B491EFBD270470022F6E710B51346A9
:100320000A4604461946FFF7F0FF204610BD202A72
:1003300004DB203A00FA02F1002070479140C2F13C
:10034000200320FA03F3194390407047202A04DB6E
:10035000203A21FA02F00021704721FA02F3D0403E
:10036000C2F120029140084319467047064C074DE0
:1003700006E0E06840F0010394E807009847103475
:10038000AC42F6D3FFF704FF34CB030864CB030879
:1003900070B58C1810F8015B15F0070301D110F847
:1003A000013B2A1106D110F8012B03E010F8016B74
:1003B00001F8016B5B1EF9D12B0705D40023521EF7
:1003C0000DD401F8013BFAE710F8013BCB1A921C5F
:1003D00003E013F8015B01F8015B521EF9D5A1425D
:1003E000D8D3002070BD000030B58BB004460D4658
:1003F00002208DF8040021780A480AAA43690A48B5
:1004000098478DF806000DF10700BDF8281001800F
:1004100000BF03208DF805000448016801A8884743
:100420000BB030BD14CA030800480040C4C803081C
:1004300070B58AB004460E46257809A9601C00F004
:10044000C3FB0C48294682680B4890470948BDF811
:100450002420294603690848984703208DF80000A6
:1004600000208DF8010005480168684688470AB0F9
:1004700070BD000014CA030800480040C4C8030847
:100480007047000070B5049C0F4D05EB40152960C6
:100490000D4D05EB40156A600B4D05EB40152B72B9
:1004A000094D05EB4015EC600025074E06EB4016A4
:1004B0003574054E06EB401675615525024E06EB68
:1004C0004016B56170BD000084250020FEB50546CC
:1004D0000E46284600F0FCFF0446009404F14C0050
:1004E00001904C4802904C49681A8D425AD006DC63
:1004F0004A48284400B3B0F5806F7CD137E0B0F5AE
:10050000404F03D0B0F5444F7DD160E04448E065F2
:10051000444820660720A066424860660520E066E1
:100520004FF48070A060E0603F4820603F4860600A
:10053000002084F8780067E038484042E0653C4895
:1005400020660320A0663A4860660120E06600024B
:10055000A0608020E060374820603748606002205B
:1005600084F8780035482067401560674CE03448CF
:10057000E0652F4820660420A0662D4860660220B2
:10058000E0660002A0604010E0602E4820602E4827
:100590006060032084F878002C4820674FF4004006
:1005A000606731E01C48E065214820660720A066AE
:1005B0001F4860660020E0668020A060E06024485C
:1005C000206024486060042084F878001CE0224801
:1005D000E065144820660620A06612486066022086
:1005E000E0660002A0604010E0601C4820601C48EB
:1005F0006060052000E006E084F878001948206774
:100600008020606700E000BF00BF6846316888470F
:10061000FEBD0000FC0A00200050004000B8FFBFF3
:100620000010014000640240940C0020940D002052
:1006300000600240940E0020940F0020000C024045
:10064000004C004014100020141200200000024052
:1006500014130020941300200014014014140020EF
:10066000141600200008024000B587B04FF48060E7
:1006700001900220029001200490002005900320A8
:1006800003900720069001A9FE4801F0CEFC4FF42C
:100690000070019002200290002004900590032039
:1006A00003900720069001A9F64801F0BEFC202027
:1006B000019000200290049005900320039001A96E
:1006C000F14801F0B2FC4021EF4801F04AFD402022
:1006D00001900120029000200490059003200390D7
:1006E00001A9E94801F0A1FC4FF4806001900220CB
:1006F00002900020049005900320039008200690AB
:1007000001A9E24801F091FC4FF40041DD4801F0FD
:1007100028FD4FF400400190012002900020049039
:1007200005900320039001A9D64801F07EFC4FF408
:100730008070019002200290002004900590032018
:1007400003900720069001A9CF4801F06EFC4FF4FA
:100750000071CD4801F005FD4FF4007001900120BB
:1007600002900020049005900320039001A9C64840
:1007700001F05BFC04200190022002900120049013
:1007800000200590032003900820069001A9BE4890
:1007900001F04BFC4FF480500190022002900020A9
:1007A00004900590032003900820069001A9B74803
:1007B00001F03BFC402001900220029000200490B8
:1007C0000590032003900820069001A9AF4801F08E
:1007D0002CFC8021AD4801F0C4FC80200190012058
:1007E00002900020049005900320039001A9A748DF
:1007F00001F01BFC1021A34801F0BFFC1020019068
:10080000012002900020049005900320039001A98C
:100810009C4801F00AFCE020019002200290002098
:1008200004900590032003900520069001A99548A7
:1008300001F0FBFB8021964801F09FFC8020019095
:10084000012002900020049005900320039001A94C
:100850008F4801F0EAFB4FF480618B4801F08DFC7A
:100860004FF48060019001200290002004900590D8
:100870000320039001A9844801F0D7FB4FF40061E5
:10088000814801F07AFC4FF4006001900120029051
:100890000020049005900320039001A97A4801F0FC
:1008A000C4FB4FF40071794801F067FC4FF400700D
:1008B00001900120029000200490059003200390F5
:1008C00001A9724801F0B1FB4FF4007001900220C1
:1008D00002900020049005900320039001200690D0
:1008E00001A96B4801F0A1FB4FF4006001900220C8
:1008F00002900020049005900320039001200690B0
:1009000001A9634801F091FB4FF4005001900220CF
:10091000029000200490059003200390012006908F
:1009200001A95B4801F081FB4FF480400190022057
:10093000029000200490059003200390012006906F
:1009400001A9534801F071FB4FF48071504801F048
:1009500014FC4FF48070019001200290002004905C
:1009600005900320039001A9494801F05EFB4FF474
:100970008061474801F001FC4FF480600190012044
:1009800002900020049005900320039001A94048A4
:1009900001F04BFB4FF480513D4801F0EEFB4FF46A
:1009A00080500190012002900020049005900320C7
:1009B000039001A9364801F038FB4FF40041344858
:1009C00001F0DBFB4FF40040019001200290002079
:1009D000049005900320039001A92D4801F025FB08
:1009E0004FF40040019001200290002004900590F7
:1009F0000320039001A9244801F017FB4FF4804025
:100A000001900120029000200490059003200390A3
:100A100001A91D4801F009FB4FF40050019001208D
:100A200002900020049005900320039001A916482D
:100A300001F0FBFA4FF48050019001200290002059
:100A4000049005900320039001A90F4801F0EDFAEE
:100A50000120019002900020049005900320039053
:100A600001A9084801F0E1FA02200190012002905A
:100A70000020049005900320039001A9014801F093
:100A8000D4FA07E000000240000C024000080240D7
:100A900000100240042001900120029000200490E8
:100AA00005900320039001A9104801F0BEFA082028
:100AB00001900120029000200490059003200390F3
:100AC00001A90A4801F0B1FA4FF4807001900220A8
:100AD00002900020049001200590032003900690CE
:100AE00001A9034801F0A1FA07B000BD00000240CF
:100AF0000008024010B5029C10BD00BFFEE70000D8
:100B0000F8B504460D4616461F468DF800408DF890
:100B100001508DF802608DF8037000231A46694673
:100B20000248006806F05CFAF8BD0000B40000203E
:100B300070B530B1012812D002281ED003283ED152
:100B40002FE0012900D049B9012B02D100241D4D0D
:100B50002C70022B02D101241A4D2C7030E0012997
:100B600000D049B9012B02D10124164D6C70022B23
:100B700002D10024134D6C7022E0022910D1012A09
:100B80000ED1104CA478032C07DA0E4CA4780D4D2E
:100B9000AD786D1C0B4EB57000E00024094DAC70B3
:100BA0000EE0012900D049B9012B02D10124054DE5
:100BB000EC70022B02D10024024DEC7000E000BF6B
:100BC00000BF70BDAC00002002880A807047028818
:100BD0000A80704702880A80704702680A6070477E
:100BE00002680A60704701468878CB7818440B7910
:100BF000C218002005E04B1D1B5C13449AB2431C35
:100C0000D8B2CB789B1E8342F5DCD04382B2D2B2FD
:100C100010467047024610785378C118002005E04E
:100C2000931C1B5C0B4499B2431CD8B213789B1ED7
:100C30008342F5DCC84381B2C9B20846704710B59B
:100C4000044604F1100000F07AFA18B1204604F0CE
:100C500057FD01E00020A06410BD00003EB5044631
:100C60000648074900234022CDE90041029005A132
:100C7000094806F093FB094908603EBD042700209F
:100C800004260020427574746F6E7343616C6C624D
:100C900061636B5461736B00294D0008580B002091
:100CA0003EB504460648074900234022CDE90041ED
:100CB000029005A1084806F071FB084908603EBD96
:100CC0005828002058270020427574746F6E7350A6
:100CD0006F6C6C5461736B00794D00085C0B0020E5
:100CE0003EB504460748084900234FF40072CDE999
:100CF0000041029005A1084806F050FB0749086032
:100D00003EBD0000983100209829002047616D65A4
:100D10005461736B000000000D4E0008600B002052
:100D20003EB504460748084900234FF40072CDE958
:100D30000041029005A1084806F030FB0749086011
:100D40003EBD0000EC390020EC3100204772697094
:100D50007065725461736B00614E0008680B00206F
:100D60003EB504460748084900234FF40072CDE918
:100D70000041029005A1094806F010FB08490860EF
:100D80003EBD000040420020403A00204F646F6D9D
:100D9000657472795461736B00000000D9500008CB
:100DA000700B00203EB504460748084900234FF465
:100DB0000072CDE90041029005A1094806F0EEFA63
:100DC000084908603EBD0000944A0020944200207B
:100DD0005465726D696E616C5461736B0000000044
:100DE00011510008740B00203EB50446074808491D
:100DF00000234FF40072CDE90041029005A108489C
:100E000006F0CCFA074908603EBD0000E852002019
:100E1000E84A0020537465707065725461736B000A
:100E200071510008880B002010B500F001F810BDCA
:100E300010B500BF1D480068C0F3C020A0B300BFBC
:100E40004FF400601949886000BF08460121184A24
:100E5000525C8258C2F3001232B300BF144A525C93
:100E6000825822F01002124B5B5CC25000BF00BFE0
:100E70000F4A525C825822F001020D4B5B5CC2505B
:100E800000BF80150B49096A81430A4A116200BFFD
:100E9000104601F0F9F900BF0648006820F0010093
:100EA0000449086000BF00BF10BD0000006402409C
:100EB000A8C90308000401407047000010B50446AB
:100EC00005F0D2FE2021124801F0AAF9114A52F889
:100ED0002410114A52F8240001F046F9A8210C48C8
:100EE00001F0B1F900BF0A4801F083F90028FAD1F6
:100EF000084A52F82410084A52F8240001F03FF939
:100F00000021034801F08CF906F072FC10BD0000CE
:100F1000003001401C0100200C01002010B586B0FB
:100F200004460D4850F82400009001200190002054
:100F30000390049003200290084951F82400694668
:100F400001F073F8204603F073FE054951F82400C0
:100F500001F0A4F906B010BDF4010020D401002076
:100F60005401002010B50446024801692046884714
:100F700010BD0000F8C80308FEB504460D46002069
:100F800002900121CDE90010034802AB1822294646
:100F900086682046B047FEBD74CA030810B50446F3
:100FA000024841692046884710BD000044C9030833
:100FB000FEB504460D46002002900121CDE9001047
:100FC000034802AB1922294686682046B047FEBD79
:100FD00074CA030810B5044605F046FE20211248E5
:100FE00001F01EF9114A52F82410114A52F8240057
:100FF00001F0BAF8B8210C4801F025F900BF0A4801
:1010000001F0F7F80028FAD1084A52F82410084AEB
:1010100052F8240001F0B3F80021034801F000F970
:1010200006F0E6FB10BD0000003001401C0100206E
:101030000C01002010B586B004460E4850F824007C
:101040000090022001900020039004900320029061
:1010500002200590084951F82400694600F0E5FF98
:10106000204603F005FE054951F8240001F016F969
:1010700006B010BDF4010020D4010020540100206E
:1010800010B504460248C1682046884710BD0000DC
:10109000F8C80308FEB504460D4601200290002062
:1010A0000121CDE90010044802AB182229468668C8
:1010B0002046B047FEBD000074CA030810B50446C0
:1010C0000549085D05498A6832219047034801694E
:1010D0002046884710BD0000300B002044C903089B
:1010E000FEB504460D460120029000200121CDE905
:1010F0000010044802AB1922294686682046B047F2
:10110000FEBD000074CA030870B504460D46A06910
:10111000401C2169884201D1012070BD29466269C5
:10112000E068FFF7E0F804F10C006369D4E900120D
:1011300000F016F8A069401CA0610020EDE7014610
:10114000886908B1012070470020FCE701468869E2
:10115000401C0A69904201D0012070470020FCE742
:1011600010B50468944203D204681C44046000E093
:10117000016010BD70B504460D46A06908B9012094
:1011800070BD28466269A168FFF7ADF804F1080058
:101190006369D4E90012FFF7E3FFA069401EA06174
:1011A0000020EDE710B50160541E04FB03144460F9
:1011B0008160C160026143610024846110BD704799
:1011C000F0B595B005460E46144624210CA8FFF74D
:1011D000A3F8242218490CA8FFF785F824220CA9AB
:1011E00003A8FFF780F80020029003A8009013489E
:1011F00002232422314647682846B84707E04FF0CB
:1012000080500F490860BFF34F8FBFF36F8F9DF879
:101210000C000028F3D002A904A8FFF7DBFC4FF470
:1012200096710298484340F2FF31B0FBF1F0208004
:101230009DF80D0015B0F0BD48CA030874CA030834
:1012400004ED00E0F0B58BB005460E46144602A84A
:1012500000900D4801231522314647682846B847BB
:1012600007E04FF0805009490860BFF34F8FBFF38C
:101270006F8F9DF808000028F3D09DF80C002070B7
:101280009DF809000BB0F0BD74CA030804ED00E03E
:10129000F0B58BB005460E46144602A800900E48E5
:1012A00008231A46314647682846B84707E04FF0FA
:1012B00080500A490860BFF34F8FBFF36F8F9DF8CE
:1012C00008000028F3D003982060049860609DF81F
:1012D00009000BB0F0BD000074CA030804ED00E083
:1012E000F0B58BB005460E46144602A800900E4895
:1012F00002231222314647682846B84707E04FF0DC
:1013000080500A490860BFF34F8FBFF36F8F9DF87D
:1013100008000028F3D0214603A8FFF758FC9DF8E9
:1013200009000BB0F0BD000074CA030804ED00E032
:1013300030B58FB004460D460C4A117F90690C4AB7
:10134000936801AA9847122201A90DF11A00FEF72D
:10135000CAFF08208DF8180012208DF819000548E2
:10136000016806A888470FB030BD0000C8C7030851
:10137000E4C90308C4C80308F0B58BB005460E469F
:10138000144602A800900E481223042231464768F2
:101390002846B84707E04FF080500A490860BFF37D
:1013A0004F8FBFF36F8F9DF808000028F3D01422F1
:1013B00003A92046FEF797FF9DF809000BB0F0BD8A
:1013C00074CA030804ED00E0F0B58BB005460E4684
:1013D000144602A800900E480223102231464768A6
:1013E0002846B84707E04FF080500A490860BFF32D
:1013F0004F8FBFF36F8F9DF808000028F3D0214670
:1014000003A8FFF7E4FB9DF809000BB0F0BD000056
:1014100074CA030804ED00E0F0B58BB005460E4633
:10142000144602A800900D48012314223146476853
:101430002846B84707E04FF0805009490860BFF3DD
:101440004F8FBFF36F8F9DF808000028F3D09DF8F1
:101450000C0020709DF809000BB0F0BD74CA0308A1
:1014600004ED00E0064991ED000A80ED000A91EDDF
:10147000010A80ED010A91ED020A80ED020A70472F
:101480007C0C00200146034A52F82100C26A104633
:10149000704700004C01002030B589B004460D466D
:1014A0000E208DF8000008480078012800D100E0E7
:1014B00000208DF8020001208DF80100034801682A
:1014C0006846884709B030BDAC000020C4C8030896
:1014D0000146144A881A91421BD009DC124808447C
:1014E00078B1B0F5806F0FD0B0F5006F17D10EE076
:1014F000B0F5404F03D0B0F5444F10D10CE00B488D
:1015000070470A487C30FBE70848F830F8E708489D
:10151000F6E707487C30F3E70548F830F0E70020AD
:10152000EEE700000050004000BCFFBF1417002091
:101530008818002010B504462046FFF7C9FF10BDEB
:10154000F0B58BB005460E46144602A8009015482B
:1015500002232022314647682846B84707E04FF06B
:10156000805011490860BFF34F8FBFF36F8F9DF814
:1015700008000028F3D001A903A8FFF72BFBBDF951
:101580000400B0F5806F05DBBDF90400C0F5806094
:1015900000B20190BDF9040020809DF809000BB055
:1015A000F0BD000074CA030804ED00E0F8B504467D
:1015B0000E4615460020009005F056FB20212C48D1
:1015C00000F02EFE2B4A52F824102B4A52F8240029
:1015D00000F0CAFD06F01F0040F02001244800F092
:1015E00032FE00BF224800F004FE0028FAD103E0DA
:1015F00000BF1F48007B00BF1D4800F004FE00280C
:10160000F6D123E01B4A52F824101B4A52F824005A
:1016100000F0B5FD681EC5B2164A52F82410164AED
:1016200052F8240000F0A0FD0021114800F00BFE4C
:1016300000BF0F4800F0DDFD0028FAD10C4800F093
:10164000ECFDE9008840009908430090002DD9DCAA
:10165000084A52F82410084A52F8240000F08FFD7E
:101660000021034800F0DCFD06F0C2F80098F8BD48
:10167000003001401C0100200C010020F0B58BB0AF
:1016800005460E46144602A800901548022328225B
:10169000314647682846B84707E04FF08050114967
:1016A0000860BFF34F8FBFF36F8F9DF808000028CD
:1016B000F3D001A903A8FFF78DFABDF90400B0F536
:1016C000806F05DBBDF90400C0F5806000B20190B9
:1016D000BDF9040020809DF809000BB0F0BD0000AA
:1016E00074CA030804ED00E0014601EB810000EB41
:1016F0008110024A02EBC0004068704718020020C7
:10170000004870472C0B0020004870474C0B00200D
:1017100000487047540B0020F0B58BB006460F46CA
:1017200014461D4602A8009010480823042239469A
:10173000D0F804C03046E04707E04FF080500C4935
:101740000860BFF34F8FBFF36F8F9DF8080000282C
:10175000F3D0214603A8FFF743FA294604A8FFF770
:101760003FFA9DF809000BB0F0BD000074CA0308F1
:1017700004ED00E010B504460248214642680248E4
:10178000904710BDE8CA03080010014070B58AB048
:1017900006460C46114800680168304688470546F1
:1017A00005F12C00FFF7CBFCB0B101A905F12C002D
:1017B000FFF7E0FC9DF8050020709DF80400801EF6
:1017C00060709DF80400821E0DF10601A01CFEF75A
:1017D0008AFD01200AB070BD0020FBE7500B0020FD
:1017E00030B58DB004460D460F48816801A8884782
:1017F0000DF1120101A804F0C7FB0DF1160102A8BA
:1018000004F0C2FB0DF11A0103A804F0BDFB072090
:101810008DF810000C208DF811000448016804A810
:1018200088470DB030BD00008CC80308C4C8030849
:1018300030B58DB004460D460F48016901A88847B0
:101840000DF1120101A804F09FFB0DF1160102A891
:1018500004F09AFB0DF11A0103A804F095FB052092
:101860008DF810000C208DF811000448016804A8C0
:1018700088470DB030BD00008CC80308C4C80308F9
:101880003EB504460D4A117910680D4A53696A46FF
:1018900098470A4A117B9068094A536901AA9847F8
:1018A000064A117D1069064A536902AA98470548FD
:1018B00021468268684690473EBD0000C8C70308BD
:1018C000A4CA030834C803080146024800EB4110CB
:1018D000007C70478425002038B5044605F0C4F923
:1018E0002021374800F09CFC364A52F82410364A32
:1018F00052F8240000F038FCD021314800F0A3FC5D
:1019000000BF2F4800F075FC0028FAD103E000BFAB
:101910002B48007B00BF2A4800F075FC0028F6D158
:10192000284A52F82410284A52F8240000F027FCD4
:10193000244A52F82410244A52F8240000F014FCDF
:1019400000211F4800F07FFC00BF1D4800F051FC43
:101950000028FAD11A4800F060FC00020090194AF1
:1019600052F82410184A52F8240000F008FC154AD6
:1019700052F82410144A52F8240000F0F5FB00211C
:101980000F4800F060FC00BF0D4800F032FC00285A
:10199000FAD10B4800F041FC009908430090094A35
:1019A00052F82410084A52F8240000F0E8FB002105
:1019B000034800F035FC05F01BFF009838BD00001F
:1019C000003001401C0100200C010020014800688B
:1019D00070470000580B0020014800687047000065
:1019E0005C0B00200148006870470000600B00207D
:1019F0000148006870470000680B0020014800683B
:101A000070470000700B002001480068704700001C
:101A1000740B00200148006870470000880B00200C
:101A200030B589B004460D460F208DF800000848F7
:101A3000C078012800D100E000208DF802000120CC
:101A40008DF80100034801686846884709B030BD39
:101A5000AC000020C4C80308F0B58BB005460E46A4
:101A6000144602A800900E48042314223146476809
:101A70002846B84707E04FF080500A490860BFF396
:101A80004F8FBFF36F8F9DF808000028F3D02146D9
:101A900003A8FFF7A5F89DF809000BB0F0BD000002
:101AA00074CA030804ED00E0F0B58BB005460E469D
:101AB000144602A800900E480423102231464768BD
:101AC0002846B84707E04FF080500A490860BFF346
:101AD0004F8FBFF36F8F9DF808000028F3D0214689
:101AE00003A8FFF77DF89DF809000BB0F0BD0000DA
:101AF00074CA030804ED00E010B5012000F086F977
:101B0000022000F083F9042000F080F9082000F0A2
:101B10007DF9102000F07AF94FF4800000F084F98C
:101B20004FF4800000F088F94FF4800000F06EF967
:101B30004FF4001000F078F94FF4001000F07CF939
:101B40004FF4001000F062F910BD08B501200090BC
:101B500000BF00980028FCD000BF00BF08BD0000F7
:101B600010B50446084951F8240001F03FFA0A2054
:101B700004F0C2FF044951F8240001F07FFA0A2062
:101B800004F0BAFF10BD0000FC00002070B5012574
:101B9000002425E004EB44001C4951F82000E8B182
:101BA00004EB440051F82000401E04EB4401174AA6
:101BB00042F8210004EB4400114651F8200060B9BE
:101BC00004EB44020B4603EB8202906804EB4402F0
:101BD00003EB82025168884700E00025601CC4B214
:101BE000062CD7DB8DB100BF0948006820F001004A
:101BF0000749086000BF00BF0846C06820F0010028
:101C0000C86000BF00200349087070BDFC190020A7
:101C100000200040180B002010B5114A11791068FF
:101C2000104A9369002298470D4A117B90680D4A2B
:101C30009369002298470A4A117D1069094A9369FD
:101C4000002298479FED080A084880ED000A9FEDA2
:101C5000060A80ED010A9FED040A80ED020A10BD1C
:101C6000C8C70308A4CA0308000000007C0C0020B9
:101C700010B50446024951F82400804710BD000009
:101C8000B80A00202DE9F04105462C686E6813491A
:101C9000A8680860A068602802D3E068502801D2D4
:101CA000BDE8F081206800F130073021A068B0FB6A
:101CB000F1F0A0F1010830234246394604F110004A
:101CC000FFF770FA0020A064054870600548B06016
:101CD000054830600120F06000BFE1E7280B0020DC
:101CE0007D570008F52D0008392F00082DE9F04731
:101CF00005462C686E681D49A8680860A0682228FF
:101D000002D3E068222801D2BDE8F087206800F104
:101D10001107606800F111081121A068B0FBF1F013
:101D2000A0F10109E068B0FBF1F0A0F1010A112374
:101D30004A46394604F11000FFF734FA112352469F
:101D4000414604F12C00FFF72DFA0020A06408485A
:101D500070600848B060084830600020F0600348B8
:101D60000068C1682046884700BFCDE7440B0020CB
:101D7000D9570008B52E0008852F00082DE9F04737
:101D800005462C686E681E49A8680860A068482847
:101D900002D3E068482801D2BDE8F087206800F14E
:101DA0002507606800F12508A06825382321B0FBCD
:101DB000F1F9E0682538B0FBF1FA23234A463946A9
:101DC00004F11000FFF7EEF923235246414604F1D7
:101DD0002C00FFF7E7F90020A0640A4870600A4869
:101DE000B06000203060F060552225216068FEF769
:101DF0008CFA03480068C1682046884700BFCBE7DB
:101E0000500B002005580008ED2E000808B50549C4
:101E100009680143034A11601146096801400091B5
:101E200000BF08BD30380240024909680143014A39
:101E30001160704710380240024909688143014A25
:101E4000116070471038024008B505490968014320
:101E5000034A1160114609680140009100BF08BDA6
:101E600040380240024909680143014A1160704745
:101E700020380240024909688143014A11607047D5
:101E80002038024008B5054909680143034A11603A
:101E9000114609680140009100BF08BD4438024066
:101EA000024909680143014A116070472438024021
:101EB000024909688143014A116070472438024091
:101EC00070B505460C46034850F82410284688474C
:101ED00070BD0000DC0A00202021816070474FF4B3
:101EE0000061816070474FF40011816070474FF0CE
:101EF0000061816070472021C16070474FF400612C
:101F0000C16070474FF40011C16070474FF000612D
:101F1000C160704770B504460D461646F06A00B1C0
:101F200000BFD6E9021211433269114372691143AD
:101F3000B2691143F2691143B26A41EA02002949C8
:101F4000495D6158284A11400143264A525DA1501B
:101F500000BFF06A30B3D6E90B01224A525D224439
:101F6000526922F0070240EA01031A431D4B5B5DF0
:101F700023445A6100BF706B1A49495D615821F0D2
:101F8000C0710143174A525DA15000BFB06B1549A3
:101F9000495D615821F4C0010143124A525DA150CC
:101FA00000BF00BF70680F49495D2144C86000BF91
:101FB00030680C49495D2144886000BF306A094996
:101FC000495D214449686FF30F010143054A525DA1
:101FD0002244516000BF29462046726A00F006F88C
:101FE000002070BDF47800081F80FCFF10B5054B81
:101FF0005B5CC35823F060631343024C645C035181
:1020000010BD0000F478000800210160416081608B
:10201000C160016141618161C161016241628162AE
:10202000C1620163416381637047F0B502460B46AC
:1020300000240021186890FAA0F0B0FA80F48AE039
:102040000125A540186800EA050100297DD05868DF
:10205000012802D0586802281CD19868956891FA26
:10206000A1F6B6FA86F677000326BE40B54391FA8C
:10207000A1F6B6FA86F6760000FA06F635439560C4
:1020800000BFD86855688D4301FB00F635435560A5
:1020900000BF00BF1869D56891FAA1F6B6FA86F6B6
:1020A00077000326BE40B54391FAA1F6B6FA86F64C
:1020B000760000FA06F63543D56000BF586802285E
:1020C00031D191FAA1F0B0FA80F0082814D2586901
:1020D000156A91FAA1F6B6FA86F6B7000F26BE4049
:1020E000B54391FAA1F6B6FA86F6B60000FA06F6FE
:1020F0003543156200BF16E05869556A0E0A96FA14
:10210000A6F6B6FA86F6B7000F26BE40B5430E0A0D
:1021100096FAA6F6B6FA86F6B60000FA06F6354343
:10212000556200BF00BF5868156891FAA1F6B6FA6B
:1021300086F677000326BE40B54391FAA1F6B6FABB
:1021400086F6760000FA06F600E003E035431560F7
:1021500000BF00BF641C1868E04000287FF470AF27
:10216000F0BD0A04826170470A04826170470A0464
:10217000826170470A0482617047816170478161A2
:1021800070478161704730B50246012300BF106877
:10219000C0F3801038BBD1E9000420438C68204391
:1021A000CC6820430C6920434C6920438C69204350
:1021B000CC6920430C6A204314684FF6BF75AC43CA
:1021C00020431060506820F004004C6940EA14403D
:1021D0005060086AB0F5005F04D1486A84B21461A7
:1021E00000BF00BF0023D06920F40060D061184612
:1021F00030BD01468868C0F3C0107047014688684A
:10220000C0F3C01070470146886800F001007047B5
:1022100001468868C0F3400070470146087B70475C
:10222000026822F038020A43026070470021016010
:1022300041608160C160016141618161C161016290
:102240000721416270470173704701737047026A4A
:102250008A4302627047416841F001014160704762
:10226000016841F0800101607047416C41F4004118
:1022700041647047016841F00101016070474169A4
:1022800041F0200141617047416941F02001416105
:102290007047416941F0010141617047416941F076
:1022A0000101416170470000F0B51346012901D1D9
:1022B000002516E0042901D1012512E0102901D1E1
:1022C00002250EE0402901D103250AE0B1F5807F07
:1022D00001D1042505E0B1F5806F01D1052500E0AD
:1022E00006252A46134DAE5C00F1180574192568C1
:1022F000114EB75C0326BE40B5432560056A0F4EFC
:10230000B75C0226BE40B54303F002060B4FBF5C2C
:10231000BE40354305624568094EB75C4FF4807690
:10232000BE40B54303F48076054FBF5CBE403543E5
:102330004560F0BDD4C80308DBC80308E9C803083A
:10234000F0C8030870B50246012901D1002416E047
:10235000042901D1012412E0102901D102240EE048
:10236000402901D103240AE0B1F5807F01D1042482
:1023700005E0B1F5806F01D1052400E00624234675
:10238000064CE55C02F1180428190468044DEE5C63
:102390000425B5402C43046070BD0000D4C8030878
:1023A000DBC8030870B50246012901D1002416E0FC
:1023B000042901D1012412E0102901D102240EE0E8
:1023C000402901D103240AE0B1F5807F01D1042422
:1023D00005E0B1F5806F01D1052400E00624234615
:1023E000064CE55C02F1180428190468044DEE5C03
:1023F0000825B5402C43046070BD0000D4C8030814
:10240000DBC80308C1637047F0B5034614460129D1
:1024100001D1002516E0042901D1012512E010297F
:1024200001D102250EE0402901D103250AE0B1F5D2
:10243000807F01D1042505E0B1F5806F01D105252C
:1024400000E006252846094D2E5C03F11805721997
:102450001568074E375C7326BE40B543044E365CA4
:1024600004FA06F635431560F0BD0000D4C8030831
:10247000DBC80308F0B503461446012901D1002545
:1024800016E0042901D1012512E0102901D102250D
:102490000EE0402901D103250AE0B1F5807F01D18A
:1024A000042505E0B1F5806F01D1052500E0062582
:1024B0002846094D2E5C03F1180572191568074E60
:1024C000375C7326BE40B543044E365C04FA06F60C
:1024D00035431560F0BD00005CC9030863C90308FB
:1024E000C1627047026822F440720A43026070477A
:1024F000826844F207039A430A438260704741624C
:102500007047026822F070020A43026070478162DD
:10251000704708B50168009100BF4168009100BF95
:1025200008BD6FF0400101607047016921F49041DE
:102530000161416921F02A0141617047016921F47B
:1025400090410161416921F022014161416941F0FD
:10255000080141617047C16841F40051C160704792
:1025600000BF00BF00F1140252E8002F42F040010A
:1025700000F1140242E80013002BF3D100BF7047B2
:1025800000BF00BF00F1140252E8002F42F08001AA
:1025900000F1140242E80013002BF3D100BF704792
:1025A0002DE9FC5F06460C4691461D46B9F5004FE5
:1025B00068D10220A0FB057003461920A4FB00A0EF
:1025C00001463A465046FDF75DFE6421B0FBF1F04E
:1025D0004FEA001A0220A0FB05710B461920A4FB4C
:1025E00000B13A465846FDF74DFE83460220A0FB57
:1025F000057003461920A4FB00013A46CDE900010D
:10260000FDF740FE6421B0FBF1F000EBC00101EBEF
:102610000010ABEB8000322101EBC0006421B0FB65
:10262000F1F000F0F8000AEB400A0220A0FB057070
:1026300003461920A4FB00B13A465846FDF722FE96
:1026400083460220A0FB057003461920A4FB00016D
:102650003A46CDE90001FDF715FE6421B0FBF1F02B
:1026600000EBC00101EB0010ABEB8000322101EB6D
:10267000C0006421B0FBF1F000F00700504480B2CC
:10268000B06067E00420A0FB057003461920A4FB9E
:1026900000A001463A465046FDF7F4FD824604206C
:1026A000A0FB05711920A4FB00B084463A460B46F6
:1026B00058466146FDF7E6FD6421B0FBF1F000EB02
:1026C000C00101EB0010AAEB8000322101EB0010E9
:1026D0006421B0FBF1F000F0F00A0420A0FB0570CB
:1026E00003461920A4FB00B001463A465846FDF7C0
:1026F000C9FD6421B0FBF1F00AEB001A0420A0FB35
:10270000057003461920A4FB00B13A465846FDF770
:10271000B9FD83460420A0FB057003461920A4FBE5
:1027200000013A46CDE90001FDF7ACFD6421B0FBA4
:10273000F1F000EBC00101EB0010ABEB80003221A7
:1027400001EB00106421B0FBF1F000F00F005044E9
:1027500080B2B060BDE8FC9FC26822F480520A4398
:10276000C2607047C26822F400420A43C2607047E8
:10277000C26822F4C0620A43C2607047026922F450
:1027800040520A430261704710B500BF00BF00F11C
:102790000C0353E8003F23F00C0343EA010200F16D
:1027A0000C0343E80024002CF1D100BF10BD000051
:1027B00000B597B01C4B032211461C4803F0C0FC27
:1027C0001B4B032211461B4803F0BAFC9FED1A0A6B
:1027D0001A4880ED000A9FED1A0A1A4880ED000A97
:1027E000242219490EA8FDF77EFD0EAB03221146E7
:1027F0000CA803F0A5FC0D4A0CA9104603F0A4FC9C
:1028000024221149243103A8FDF76DFD03AB0322F7
:10281000114601A803F094FC064A114601A803F0F2
:1028200093FC17B000BD00004C0000209400002075
:10283000700000209C0000200FE4D04BA40000207A
:10284000FC0F1336A800002044C8030810B5094B3C
:1028500019791868084B1A6A9047064B197B9868D3
:10286000054B1A6A9047034B197D1869024B1A6A87
:10287000904710BDC8C70308A4CA030810B50B4A87
:10288000117910680A4A136900229847074A117B98
:102890009068074A136900229847044A117D10691D
:1028A000034A13690022984710BD0000C8C70308F7
:1028B000A4CA030800BFFEE700BFFEE730B589B039
:1028C00004460D464FF480400A4A516920EA01024D
:1028D00001EA000342EA0342064B9A6100BF00206E
:1028E0008DF800008DF801000348016868468847AC
:1028F00009B030BD000C0240C4C8030830B589B02F
:1029000004460D460B486A46294603682046984708
:1029100007E04FF0805008490860BFF34F8FBFF3C6
:102920006F8F9DF800000028F3D09DF8010009B0DA
:1029300030BD000074CA030804ED00E030B589B072
:1029400004460D460B486A462946036820469847C8
:1029500007E04FF0805008490860BFF34F8FBFF386
:102960006F8F9DF800000028F3D09DF8010009B09A
:1029700030BD000074CA030804ED00E030B589B032
:1029800004460D460B486A46294603682046984788
:1029900007E04FF0805008490860BFF34F8FBFF346
:1029A0006F8F9DF800000028F3D09DF8010009B05A
:1029B00030BD000074CA030804ED00E0F0B58DB02E
:1029C00006460D461446124800680168304688479E
:1029D0000746FF208DF804008DF805008DF806509D
:1029E00002208DF8070001208DF8080001A8FEF7ED
:1029F000FAF88DF809000B9401208DF830000020C2
:102A0000207001A9384602F01FFE0DB0F0BD000095
:102A1000280B002070B500200446F8E07E4A02EB47
:102A2000441211687C4A02EB441250680A69024061
:102A3000824201D1012200E00022774800EB4410DD
:102A4000007A82EA0005744800EB4410806945EA88
:102A50004000714901EB441188616F4800EB44105C
:102A6000007C012802D002283CD11DE06A4800EB1E
:102A70004410007EB8B90220674901EB4411087484
:102A80000120654901EB44114861634800EB4410A3
:102A9000C06840B1604800EB4410022300220121CD
:102AA000C6682046B04751E05B4800EB4410007E0A
:102AB000FF2816D10120584901EB441108745649EA
:102AC00001EB44114861544800EB4410C06840B128
:102AD000514800EB4410012300221946C6682046E5
:102AE000B04733E04C4800EB4410007E98B9022018
:102AF000494901EB44110874474800EB4410C06891
:102B000040B1454800EB4410022300221146C6683C
:102B10002046B0471AE0404800EB4410007EFF28F2
:102B200013D101203C4901EB441108743A4800EBF1
:102B30004410C06840B1384800EB44100123002223
:102B40001146C6682046B04700E000BF00BF3248CB
:102B500000EB4410406900B956E02F4800EB4410E8
:102B6000007C012802D0022846D125E02A4800EB4B
:102B70004410C069B0F5FA7F0DD1274800EB44102E
:102B8000C06840B1244800EB4410012302221146E2
:102B9000C6682046B047204800EB4410C069B0F535
:102BA000FA7F08D81C4800EB4410C069401C1A4941
:102BB00001EB4411C86125E0174800EB4410C069DF
:102BC000A0B1154800EB4410C069B0F5FA7F0DD8EC
:102BD000114800EB4410C06840B10F4800EB4410AE
:102BE000022301221946C6682046B04700200A4940
:102BF00001EB4411C86105E00020074901EB4411D5
:102C0000C86100BF00BF00BF601CC0B20446042CF6
:102C1000FFF604AF70BD000084250020F0B585B03C
:102C200007460E4614461F48006801683846884724
:102C300005465CB100201C4908704FF47A7004FB13
:102C400000F11848006842692846904728E005F1DD
:102C50002C00FEF774FAA0B1694605F12C00FEF7CE
:102C600089FA24B10F4800688169284688479DF891
:102C7000102069463046FDF736FB9DF8100005B080
:102C8000F0BD14B10848007800B90CB90020F6E78F
:102C90004FF0805005490860BFF34F8FBFF36F8F2F
:102CA000D5E70000440B0020480B002004ED00E0B5
:102CB0002DE9F0438DB080460C4615461E46149F04
:102CC000144800680168404688478146FF208DF817
:102CD00004008DF805008DF8064004208DF80700EB
:102CE00002208DF808008DF809508DF80A6001A8BF
:102CF000FDF779FF8DF80B000B9701208DF8300060
:102D00000020387001A9484602F09EFC0DB0BDE8D5
:102D1000F0830000280B0020704730B5DDE9034543
:102D200030BD70B50446254695F8780000F002F8ED
:102D300070BD0000002100EB4002024B43F822105E
:102D400070470000FC19002010B50446206890F878
:102D50002D00401E216881F82D002068C078011DDB
:102D60000248006842682046904710BD280B0020AA
:102D700000B587B04FF40040019000200290012080
:102D80000490022005900320039001A91748FFF743
:102D90004CF9402001900020029001200490022074
:102DA00005900320039001A91148FFF73EF9202068
:102DB0000190002002900120049002200590032041
:102DC000039001A90A48FFF730F904200190002080
:102DD000029001200490022005900320039001A995
:102DE0000348FFF722F907B000BD000000080240C9
:102DF000001002402DE9F047074688467E6808F03B
:102E0000FF094946304603F075F808B1BDE8F08780
:102E10002748006881693846884725480068016965
:102E2000384688477D683C6815F8260F401E287094
:102E30006878317901F05801084368706878263D58
:102E400050B194F82D0038B195F8260000B1DDE7B7
:102E50003846FFF779FFD9E7A06A80B10020A16A60
:102E600048703079A16A8870F078801EA16AC870B5
:102E7000F1788A1EA16A081D711DFDF734FA95F8D4
:102E8000260050B1A06A10B1A06A2430A0620848A0
:102E90000068C16838468847B8E7A06A10B10120C9
:102EA000A16A08703846FDF7CAFE00BFAEE7000011
:102EB000280B002070B504460D460B4800680169D8
:102EC0002046884704F12C00FEF740F930B16168D4
:102ED0000D7404F12C006168FEF716F902480068D1
:102EE000C1682046884770BD440B002070B5044679
:102EF0000D46104800680169204688476668E9B2B7
:102F0000304603F01CF848B904F12C00FEF71EF916
:102F100020B1B11C04F12C00FEF7F6F85522252152
:102F20006068FDF7F2F903480068C16820468847E9
:102F300070BD0000500B002070B5054610480068B9
:102F40000169284688472C6894F82D0018B1284656
:102F5000FFF7FAFE70BDA06A60B100BF012054F80F
:102F6000281F4870216808702179481E2071283C6C
:102F70000029F3D12846FDF762FE00BFEAE7000012
:102F8000280B00200121014A11707047480B0020D6
:102F900000B58BB04FF48050FEF782FF4FF48050A5
:102FA000FEF786FF4FF48050FEF76CFF01A8FFF795
:102FB0003DF901200590022004904FF482700290A8
:102FC0004FF4007006900020079001A90648FFF713
:102FD000DAF800BF0448006840F040000249086089
:102FE00000BF0BB000BD00000030014070B50446CA
:102FF0001F480068A0431E49086003F035FE1021F9
:103000001C48FFF7B4F81A4801781B48FFF71DF970
:1030100017480088C0F3072500BF1748FFF7F8F8E6
:103020000028FAD029461448FFF70FF91048006825
:10303000C0F3074500BF1048FFF7EAF80028FAD0B0
:1030400029460D48FFF701F900BF0B48FFF7E0F8EC
:103050000028FAD000BF0848FFF7D0F80028FAD1BE
:1030600010210448FFF78DF804F0C2FB70BD00008A
:1030700014020020000002400030014070B50446F8
:103080001F48006820431E49086003F0EDFD102131
:103090001C48FFF76CF81A4801781B48FFF7D5F871
:1030A00017480088C0F3072500BF1748FFF7B0F89E
:1030B0000028FAD029461448FFF7C7F810480068DE
:1030C000C0F3074500BF1048FFF7A2F80028FAD068
:1030D00029460D48FFF7B9F800BF0B48FFF798F8ED
:1030E0000028FAD000BF0848FFF788F80028FAD176
:1030F00010210448FFF745F804F07AFB70BD00008A
:1031000014020020000002400030014010B54FF4CE
:103110008040FEF7B7FE4FF08050FEF795FE10BDE1
:1031200010B504460248214602680248904710BD87
:10313000E8CA03080010014030B589B005460C46C6
:1031400020788DF801006078801CC0B28DF80000F6
:103150006278A11C0DF10200FDF7C5F86846FDF785
:1031600059FD62780DF1020188546946284602F043
:1031700095FA09B030BD0000FEB505460E4614466E
:10318000C4EB84204FF49671B0FBF1F080B2029052
:1031900000200221CDE90010034802AB1E22314677
:1031A00087682846B847FEBD74CA0308FFB58BB0D0
:1031B00004460D46164602A80221CDE900100C482F
:1031C0000EAB3246294687682046B84707E04FF0E5
:1031D000805008490860BFF34F8FBFF36F8F9DF891
:1031E00008000028F3D09DF809000FB0F0BD0000E2
:1031F00074CA030804ED00E090ED000A054981ED72
:10320000000A90ED010A81ED010A90ED020A81EDBC
:10321000020A70477C0C002070B505460C4604F08D
:103220007F0201230921284600F0B0F870BD00009C
:1032300070B52DED028B0546B0EE408A9FED0F0A6A
:10324000B4EEC08AF1EE10FA0DDB9FED0C0A38EEF9
:10325000400ADFED0A0A80EE201ABCEEC10A10EE29
:10326000100AC4B200E0002404F07F020123092107
:10327000284600F08BF8BDEC028B70BD0000FA41CF
:1032800070B504460D4645B1084A52F82410084A64
:1032900052F82400FEF773FF07E0044A52F82410A6
:1032A000034A52F82400FEF75FFF70BD3C01002086
:1032B0002C01002070B5094B53F82020936A1C465E
:1032C000064D55F82020651C054EB6FBF5F5B5FBFF
:1032D000F1F56B1ED36200BF70BD00004C010020F1
:1032E00000BD0105FEB504460D4607A0006802902A
:1032F00000200421CDE90010044802AB0622294633
:1033000086682046B047FEBD0000FF0374CA03086C
:1033100077B583B004460D46BDF91400002805DAE0
:10332000BDF91400C0F5806000B2059000200221B4
:10333000CDE90010044805AB2022294686682046C6
:10334000B04706B070BD000074CA030870B50546EA
:103350000C46642C00D970BD074951F82500C16A9C
:10336000491C61436420B1FBF0F63146284601F068
:1033700099FC00BFEFE700005401002070B504463F
:103380000D462946204601F08DFC70BD2DE9F04127
:1033900004460E4617461D4603F066FC20212448CD
:1033A000FEF73EFF234A52F82410234A52F8240025
:1033B000FEF7DAFE06F01F011D48FEF744FF00BFCE
:1033C0001B48FEF716FF0028FAD11EE0194A52F8F2
:1033D0002410194A52F82400FEF7D1FE681EC5B227
:1033E000144A52F82410144A52F82400FEF7BCFE86
:1033F000E80027FA00F0C1B20D48FEF724FF00BF35
:103400000B48FEF7F6FE0028FAD1002DDEDC094A53
:1034100052F82410084A52F82400FEF7B0FE0021AA
:103420000348FEF7FDFE04F0E3F9BDE8F08100007B
:10343000003001401C0100200C0100207FB584B049
:1034400004460D4602A906A802F0A1FD03A907A89B
:1034500002F09DFD00200821CDE90010044802ABD8
:103460000422294686682046B04708B070BD000097
:1034700074CA030830B58DB004460D4601A9204634
:10348000FDF7ABFB02A9201DFDF7A7FB03A904F183
:103490000800FDF7A2FB0848416801A888470620FC
:1034A0008DF8100000208DF811000448016804A870
:1034B00088470DB030BD00008CC80308C4C803089D
:1034C00030B58DB004460D4601A92046FDF785FBB9
:1034D00002A9201DFDF781FB03A904F10800FDF7F7
:1034E0007CFB0848C16801A8884704208DF81000BB
:1034F00000208DF811000448016804A888470DB029
:1035000030BD00008CC80308C4C8030870B5044669
:103510000E46254695F8780023463146EA6C00F0C1
:103520005BF870BD2DE9F05F05460C4616461F4658
:10353000DDF82880301B00FB08F0B0FBF7F000EB53
:1035400004090A4A505D0A4A1168884782460AF10E
:10355000010009FB00F044F62061B0FBF1FB0448D8
:103560005946426828469047BDE8F09F300B00203E
:1035700044C903083EB504460D48694642682046E2
:1035800090470C4D2979009A28680B4D2B69984774
:10359000084D297B019AA868074D2B699847054D6E
:1035A000297D029A2869044D2B6998473EBD000089
:1035B00034C80308C8C70308A4CA030870B5054681
:1035C0000C4604F0070040F088020123162128462B
:1035D000FFF7DCFE70BD000070B56424B1FBF4F4AD
:1035E00000EB4005124E46F8254000EB40043546FE
:1035F00005EB8404626000EB400405EB8404A360E7
:103600000C4C247894B901240A4D2C7000BF0A4C4C
:10361000246844F00104084D2C6000BF00BF2C4614
:10362000E46844F00104EC6000BF00BF70BD00001E
:10363000FC190020180B00200020004077B583B053
:1036400004460D4602A905A802F0A1FC00200421B1
:10365000CDE90010044802AB1422294686682046B2
:10366000B04706B070BD000074CA0308FEB504463A
:103670000D46002002900421CDE90010034802AB62
:103680000622294686682046B047FEBD74CA030854
:1036900010B50446204600F0DBFC002004EB84015A
:1036A00001EB8411054A02EBC101486004EB84017F
:1036B00001EB841102EBC101886010BD18020020EB
:1036C00070B58AB004460E466946601CFDF77CFA68
:1036D00022780A4B197F9869094B5D6ABDF8003062
:1036E000A84709208DF8040000208DF80500054842
:1036F000016801A888470AB070BD0000C8C7030868
:10370000E4C90308C4C803083C2900DD704700BFB2
:10371000FCE7000077B583B004460D460020012188
:10372000CDE90010044805AB0A46294686682046C4
:10373000B04706B070BD000074CA030877B583B007
:1037400004460D4600200121CDE90010044805ABD8
:103750000322294686682046B04706B070BD0000A7
:1037600074CA030877B583B004460D4600200121D2
:10377000CDE90010044805AB0A4629468668204674
:10378000B04706B070BD000074CA03082DE9F041CF
:1037900006460F463C2F01DDBDE8F08107EB4700F0
:1037A000C400002512E000200DE0317880220241A3
:1037B000114009B18E2100E04421294A22F8151058
:1037C0006D1C411CC8B20828EFDB761CA542EAD16B
:1037D00024480121224A244B5B5C0344DA6000BF89
:1037E00000BF214A525C024452686FF30F02224329
:1037F0001D4B5B5C03445A6000BF00BFC0141949F5
:10380000886000BF08460121174A525C825842F086
:103810000102154B5B5CC25000BF00BF124A525CF4
:10382000825842F01002104B5B5CC25000BF03F0A4
:103830001BFA4FF480700D49096A01430B4A11626B
:1038400000BF1046FEF720FD00BF0848006840F0AA
:1038500001000649086000BF03F0CAFF00BF9BE7F4
:10386000441A002000640240A8C903080004014073
:1038700077B583B004460D4602A905A802F087FB80
:1038800000200421CDE90010044802AB1022294693
:1038900086682046B04706B070BD000074CA0308B1
:1038A00030B587B005460C462B460122032105A8FA
:1038B00002F046FC6B460122032103A802F040FC03
:1038C00003AA05A9114802F03FFC9DED000A10482B
:1038D000D0ED000A20EE200ABDEEC00A84ED000AF9
:1038E0009DED010AD0ED000A20EE200ABDEEC00ACF
:1038F00084ED010A9DED020AD0ED000A20EE200AB7
:10390000BDEEC00A84ED020A07B030BD940000206D
:10391000A40000202DE9F04104460D4616461F463E
:1039200029462046FEF7CCFA00BF0F48405D2044F0
:10393000C66000BF00BF0C48405D204440686FF384
:103940000F0038430849495D2144486000BF00BF6B
:103950000548405D205840F001000349495D605032
:1039600000BFBDE8F08100009CC90308F8B505461A
:103970002C4672B6A06D18B1D4E91C01FEF7FAFB13
:10398000E06D00BF00BF00BF00F10C0252E8002F45
:1039900042F0040100F10C0242E80013002BF3D1C5
:1039A00000BF00BFE06D0168009100BF4168009159
:1039B00000BF00BFE06D6FF02001016000BFE06D4F
:1039C000FEF7A7FDE3686268E16E606EFFF7A2FF95
:1039D000E06D00BF00BF00BF00F10C0252E8002FF5
:1039E00042F0100100F10C0242E80013002BF3D169
:1039F00000BF00BF62B6F8BD70B505460E462C4646
:103A000072B6A06D20B1D4E91C01816100BF00BF76
:103A1000E06D00BF00BF00BF00F10C0252E8002FB4
:103A200042F0080100F10C0242E80013002BF3D130
:103A300000BF00BFE06DFEF774FD33462268A16E43
:103A4000206EFFF767FF00BFE06D0168C1F3C01192
:103A50000029F9D1E06D00BF00BF00BF00F10C02EA
:103A600052E8002F42F0400100F10C0242E800133E
:103A7000002BF3D100BF00BF62B670BD2DE9F05F2F
:103A800004460E4617461D46DDF8289004EB8400D8
:103A900000EB8410FE4901EBC0004068B04201D148
:103AA000BDE8F09FAF4200D2FAE7202F00D92027CF
:103AB000B9F10A0F00D22F46204600F0C9FA04EBF4
:103AC000840000EB8410F24901EBC0008660002006
:103AD00004EB840101EB8411ED4A02EBC101C860E3
:103AE00004EB840101EB841102EBC101086104EBDA
:103AF000840101EB841102EBC101486104EB8400F5
:103B000000EB8410114601EBC0004068B04208DAB7
:103B100004EB840000EB841001EBC0004068301A15
:103B200008E004EB840000EB8410D94901EBC000ED
:103B30004068801B824600BFD648806A401CD64938
:103B40000968B1FBF0F1D348C06A401CB1FBF0FB3F
:103B50000BFB09F04FF47A71B0FBF1F826E1BD429E
:103B60000CD10021CD4A1160691E04EB840202EBE6
:103B70008412C74B03EBC202516118E100EE105AE8
:103B8000B8EE400AB7EE001AC1EE000A00EE107A55
:103B9000B8EE400AB7EE001AC1EE001A70EEE10A64
:103BA00000EE108AB8EE400A80EE801ABC4981ED22
:103BB000001A00EE105AB8EE400AB7EE001AC1EE35
:103BC000000A691C00EE101AB8EE400AB7EE001A9F
:103BD000C1EE001A30EEE10ADFEDB20A20EE200A53
:103BE000B14981ED000A91ED000AF0EE000A20EEE5
:103BF000200AAB49D1ED000A80EE201ABCEEC10AC2
:103C0000AA4981ED000A04EB840101EB8411A04A6A
:103C100002EBC101C1F82851A4490968CA0804EBA4
:103C2000840101EB84119A4B03EBC101C1F82C21F3
:103C300004EB840101EB84111A4602EBC101C1F8C7
:103C400020519A490968CA0804EB840101EB8411E8
:103C500003EBC101C1F8242194490968B1FBF5F1D6
:103C6000C908934A116001218C4A11602846411C01
:103C700090E001EE100AB8EE411AB7EE002AC2EE4B
:103C8000011A01EE101AB8EE411AB7EE002AC2EE80
:103C9000012A31EEE21AF0EE410A834A92ED001A4F
:103CA00030EEC11AB0EE410AB5EEC00AF1EE10FADC
:103CB00000D86EE07D4A92ED001AB8EE411A21EE6E
:103CC000001A794AD2ED001A81EE212ABCEEC21AFE
:103CD000764A82ED001A126802B95AE00846724A22
:103CE00082ED000A04EB840202EB8412684B03EBC2
:103CF000C2022832694B1B68203342F833106B4AEA
:103D0000D2F800C004EB840202EB8412604B03EB98
:103D1000C2022832614B1B68203302EBC302C2F897
:103D200004C004EB840202EB8412594B03EBC20281
:103D300028325A4B1B68C3F11F0342F833105B4A09
:103D4000136804EB840202EB8412DFF844C10CEB2D
:103D5000C2022832DFF844C1DCF800C0CCF11F0CED
:103D600002EBCC0253604D4A1268521C4B4B1A6056
:103D70004E4A1268B2FBF1F24D4B1B681A444C4B91
:103D80001A601A461268BAEB420F01D26D1C05E0A8
:103D900000BF491C7A1C9142FFF46BAF00BF44493D
:103DA0000968BAEB410F00D301E000BFD7E600BFBE
:103DB0003A480068C0F1200004EB840101EB841153
:103DC000334A02EBC101C861202004EB840101EBFE
:103DD000841102EBC1010862304800681F3004EB17
:103DE000840101EB841102EBC101486204EB840001
:103DF00000EB8410114601EBC0004068B0420FDABE
:103E00002B480068301A04EB840101EB841102EBAB
:103E1000C101886127480121026A204690470FE0CE
:103E200023480068304404EB840101EB8411184AF4
:103E300002EBC10188611F480021026A20469047B9
:103E400000BF1448006A04EB840101EB8411104A9E
:103E500052F8311008430F49086200BF04EB840098
:103E600000EB841052F8301040220A48FEF702FBA3
:103E70000848FEF704FA00BF0648C068611C01222A
:103E80008A4010430349C86000BF00BF08E6000035
:103E90001802002000000140B8000020D80A0020CD
:103EA000C80A002014AE473FCC0A0020D00A0020E8
:103EB000D40A0020F8C8030870B51748416A0020EA
:103EC000884703241448012322461721056800204F
:103ED000A84747F6034410480223224618210568E4
:103EE0000020A8471F240C48012322461021056802
:103EF0000020A84708480021426908469047064824
:103F00009FED060AC1690020884703480121026A23
:103F10000020904770BD0000F8C803080080894465
:103F200070B51348416A012088478724104801234F
:103F30002246172105681846A84742F683040C4814
:103F400002232246182105680120A84708480021BD
:103F500042690120904706489FED060AC169012089
:103F6000884703480121026A0846904770BD000057
:103F7000F8C803080080BB4470B51348416A0220AA
:103F8000884787241048012322461721056802200C
:103F9000A84742F683040C480223224618210568EC
:103FA0001846A84708480021426902209047064861
:103FB0009FED060AC1690220884703480121026A71
:103FC0000220904770BD0000F8C8030800808944B3
:103FD00070B51348416A032088478724104801239D
:103FE0002246172105680320A84742F683040C489F
:103FF00002232246182105680320A847084800210B
:1040000042690320904706489FED060AC1690320D4
:10401000884703480121026A0320904770BD0000D1
:10402000F8C803080080894470B505460C4600BFF7
:104030000648005D285820F001000449095D6850D9
:1040400000BF21462846FDF73BFF70BD9CC9030811
:1040500010B5044621460B4800F0FCFD04EB84003B
:1040600000EB8410084A52F8301040220548FEF751
:1040700001FA0448FEF703F92146024800F00AFE5F
:1040800010BD0000000001401802002070B5054678
:104090002C4672B6E06D00BF00BF00BF00F10C02FD
:1040A00052E8002F22F0040100F10C0242E8001354
:1040B000002BF3D100BF00BFE16E606EFFF7B4FFCD
:1040C000E06D00BF00BF00BF00F10C0252E8002FFE
:1040D00022F0100100F10C0242E80013002BF3D192
:1040E00000BF00BF62B670BD70B505462C4672B603
:1040F000E06D00BF00BF00BF00F10C0252E8002FCE
:1041000022F0080100F10C0242E80013002BF3D169
:1041100000BF00BFA06D18B1D4E91C01FEF72AF85A
:10412000A16E206EFFF780FFE06D00BF00BF00BFF3
:1041300000F10C0252E8002F22F0400100F10C02C5
:1041400042E80013002BF3D100BF00BF62B670BD80
:104150002DE9FF4F8DB00F4616469846DDE91AB49B
:10416000DDF870902848006801680D9888470C9029
:10417000FF208DF800008DF80100FE208DF8020070
:10418000601C7043001DC0B28DF8030083208DF8C1
:1041900004008DF805808DF80640601C00F0FF0AD1
:1041A00000BF701EC5B27A5D0AFB05F0801C0DF1E0
:1041B00005010A5404FB05B10AFB05F2D21C0DF1FE
:1041C0000503D0182246FCF78EF8002005EBC50148
:1041D00009F82100301EA6F10101CEB2E1D16846F6
:1041E000FCF701FD9DF80310891E0DF105025054E6
:1041F000CDF8289000208DF82C0069460C9801F02D
:1042000023FA11B0BDE8F08F280B002010B500BFD5
:10421000B02080F31188BFF34F8FBFF36F8F00BFC3
:1042200003F098F918B14FF080500449086000BFBE
:10423000002080F3118800BF10BD000004ED00E0F5
:1042400070B54FF08050FDF7FFFD4FF480404049BE
:10425000096821F4804101433D4A116000BF0520F7
:104260003C49096821F0070101433A4A116000BF47
:1042700000BF3948006840F480303749086000BF0B
:1042800000BF00BF34480068C0F340400028F8D0A9
:104290004FF480000821A822002340EA010444EAE8
:1042A00082142D4D2D1D2D682C4E35402C432A4D4A
:1042B0002D1D2C602C46246824F440341C432C60B3
:1042C00000BF030140EA010444EA82141C432D6844
:1042D000234E35402C43204D2D1D2C6000BF00BFC8
:1042E000281F006840F08070291F086000BF00BFD1
:1042F00000BF19480068C0F340600028F8D00020D3
:1043000015490831096821F0F0010143124A0832C9
:10431000116000BF4FF4A0501146096821F4E0512C
:104320000143116000BF4FF400401146096821F4B9
:1043300060410143116000BF02201146096821F06D
:1043400003010143116000BF00F00CF870BD0000D4
:1043500000700040003C0240003802400080BFFF77
:104360000080BFF070B5002000220223002402214B
:10437000274D2D6805F00C0020B1042806D0082830
:1043800034D107E0234D244E356033E0214D224ED9
:1043900035602FE01E4D2D1F2D68C5F380541C4D38
:1043A0002D1F2D6805F03F0154B11A4DB5FBF1F5F5
:1043B000174E361F3668C6F3881605FB06F209E06D
:1043C000144DB5FBF1F5124E361F3668C6F388164C
:1043D00005FB06F20E4D2D1F2D68C5F301456D1C22
:1043E0006B00B2FBF3F50C4E356003E0094D0A4E4D
:1043F000356000BF00BF064D2D68C5F30315074E9D
:10440000705D054D2D68C540034E356070BD0000E0
:10441000083802400024F400B8000020A4C80308B3
:104420000348006840F470000149086070470000CC
:1044300088ED00E010B54FF48070FDF713FD4FF4E8
:104440008070FDF717FD4FF48070FDF7FDFC002133
:104450001148FEF75CF800210F48FEF752F80021E2
:104460000D48FEF74CF80C48FDF7FAFE42F2D00179
:104470000948FEF735F800BF0748006820F0010042
:104480000549086000BF03212D2001F0EDFD2D201E
:1044900001F0DCFD10BD00000020004010B500F070
:1044A00001F810BD2DE9F0410024AEE12046DB49C2
:1044B0000969421C0123934019400123934099420A
:1044C00001D1012100E0002100297DD000BF601C46
:1044D00001218140C843D149086100BF2046096AD3
:1044E00000EB800202EB8012CD4B53F832201140DA
:1044F00000EB800202EB801253F83220914201D18E
:10450000012100E000210029DFD004EB840000EB52
:104510008410C34951F83000012801D1002039E04E
:1045200004EB840000EB8410BD4951F830000428EE
:1045300001D101202EE004EB840000EB8410B84987
:1045400051F83000102801D1022023E004EB840050
:1045500000EB8410B24951F83000402801D103200B
:1045600018E004EB840000EB8410AD4951F83000F2
:10457000B0F5807F01D104200CE004EB840000EB57
:104580008410A74951F83000B0F5806F01D10520A3
:1045900000E006200546A348405DA04918314618B2
:1045A0003068A1494A5D7321914008409E49495DA8
:1045B00020FA01F7602F71D104EB840000EB841026
:1045C000974901EBC00000E01CE1406804EB840166
:1045D00001EB8411924A02EBC1018968884208D13B
:1045E00021468E4800F036FB21468C4800F052FBF5
:1045F00009E104EB840000EB8410894901EBC00061
:10460000406804EB840101EB8411854A02EBC1018F
:104610008968884210DA04EB840000EB84101146AC
:1046200001EBC0004068401C04EB840101EB8411E5
:1046300002EBC101486010E004EB840000EB841041
:10464000774901EBC0004068401E04EB840101EB98
:104650008411734A02EBC101486004EB840000EB53
:1046600084106F4901EBC000406804EB840101EB4A
:1046700084116B4A02EBC101896988420ED104EBB7
:10468000840000EB8410114601EBC000406A04EB8B
:10469000840101EB841102EBC101086204EB840088
:1046A00000EB84105E4901EBC000C068E8BB04EB7E
:1046B000840000EB841001EBC000C06904EB8401AE
:1046C00001EB8411564A02EBC101096A884256D2B5
:1046D00004EB840000EB8410114601EBC00028308D
:1046E00004EB840101EB841102EBC101C96950F8AC
:1046F0003100401E04EB840101EB841102EBC10187
:10470000486104EB840000EB8410114601EBC0000B
:10471000283004EB840101EB841102EBC101C9696B
:1047200000EBC1004068401E00E017E004EB84018C
:1047300001EB841102EBC101C86004EB840000EBC3
:104740008410114601EBC000C069401C04EB8401D9
:1047500001EB841102EBC101C86110E004EB84009D
:1047600000EB84102E4901EBC000C068401E04EB32
:10477000840101EB84112A4A02EBC101C86004EBF9
:10478000840000EB8410264901EBC0000069D8B911
:1047900004EB840000EB841001EBC000406904EBE3
:1047A000840101EB84111E4A02EBC10108613068EB
:1047B0001D494A5D7321914088431B494A5D602130
:1047C0009140084330601CE004EB840000EB84104F
:1047D000134901EBC0000069401E04EB840101EBAA
:1047E00084110F4A02EBC101086130680E494A5D2D
:1047F0007321914088430C494A5D40219140084310
:10480000306000BF00BF601CC4B2042CFFF64EAE87
:104810000248FDF734FDBDE8F081000000000140D2
:10482000180200205CC9030863C9030870B50120A1
:10483000FDF736FB0120FDF73BFB0120FDF722FBD6
:1048400000250EE04E480168681CB1FBF0F04FF403
:104850009641B0FBF1F4B4F5803F01D36D1C00E04C
:1048600000E0EFE700BF00214648FDF741FE294682
:104870004448FDF74CFE00214248FDF733FE414815
:10488000FDF7E9FC3F48FDF704FD00213D48FDF739
:1048900038FE00213B48FDF732FE3A48FDF7E0FCC8
:1048A000611E3848FDF71CFE4FF480513548FDF776
:1048B00079FD4FF480713348FDF774FD10213148C4
:1048C000FDF770FD01212F48FDF76CFD60224FF4CC
:1048D00080512C48FDF798FD60224FF480712948E3
:1048E000FDF792FD602210212648FDF78DFD602224
:1048F00001212448FDF788FD00224FF48051214812
:10490000FDF7D2FC00224FF480711E48FDF7CCFC6D
:10491000002210211B48FDF7C7FC00220121194885
:10492000FDF7C2FC60081749086400BF610815481C
:10493000FDF768FD60081349886300BF600848639D
:1049400000BF89140F48FDF782FC4FF480710D48B9
:10495000FDF77DFC10210B48FDF779FC012109488A
:10496000FDF775FC0748FDF785FC0648FDF77DFC63
:1049700001211B2001F078FB1B2001F067FB70BDBB
:10498000B80000200000014010B50420FDF76AFACD
:104990000420FDF76FFA0420FDF756FA0021314894
:1049A000FDF7A6FD53212F48FDF7B1FD2D48FDF77A
:1049B00052FC00212B48FDF7A4FD00212948FDF7FA
:1049C0009EFD2848FDF74CFC44F61F612548FDF785
:1049D00087FD602201212348FDF716FD602210218A
:1049E0002048FDF711FD60224FF480711D48FDF74E
:1049F0000BFD60224FF480511A48FDF705FD00229F
:104A000001211848FDF750FC002210211548FDF740
:104A10004BFC00224FF480711248FDF745FC002248
:104A20004FF480510F48FDF73FFC01210D48FDF781
:104A300089FC10210B48FDF785FC4FF48071094873
:104A4000FDF780FC4FF480510648FDF77BFC0548DC
:104A5000FDF71FFC0348FDF70DFC0248FDF705FCC0
:104A600010BD00000008004010B50820FDF7FAF95D
:104A70000820FDF7FFF90820FDF7E6F9002131488D
:104A8000FDF736FD53212F48FDF741FD2D48FDF779
:104A9000E2FB00212B48FDF734FD00212948FDF7FA
:104AA0002EFD2848FDF7DCFB44F61F612548FDF785
:104AB00017FD602201212348FDF7A6FC602210218A
:104AC0002048FDF7A1FC60224FF480711D48FDF7DE
:104AD0009BFC60224FF480511A48FDF795FC0022A0
:104AE00001211848FDF7E0FB002210211548FDF7D1
:104AF000DBFB00224FF480711248FDF7D5FB00224A
:104B00004FF480510F48FDF7CFFB01210D48FDF711
:104B100019FC10210B48FDF715FC4FF48071094872
:104B2000FDF710FC4FF480510648FDF70BFC0548DB
:104B3000FDF7AFFB0348FDF79DFB0248FDF795FB32
:104B400010BD0000000C004010B501F0D5F810BDFC
:104B500000B58FB00220FDF7A3F90220FDF7A8F9F8
:104B60000220FDF78FF900212F48FDF7C1FC00213D
:104B70002D48FDF7CCFC00212B48FDF7B3FC2A485B
:104B8000FDF769FB00212848FDF7BBFC0021264802
:104B9000FDF7B5FC2448FDF763FBD2212248FDF761
:104BA0009FFC4FF480712048FDF7FCFB60224FF41E
:104BB00080711D48FDF728FC00224FF480711A48CF
:104BC000FDF772FB02211848FDF71CFC1648FDF7A3
:104BD00060FB1548FDF749FB00BF1348C06840F46F
:104BE00080701149C86000BF6846FDF70DFA40208B
:104BF00002900D483C300090C01406904010059083
:104C0000C00007904FF0606009906A460121074894
:104C1000FDF780F90521392001F026FA392001F04D
:104C200015FA0FB000BD000000040140006402400E
:104C3000064951F820100968054A52F8202091438E
:104C4000024A52F82020116070470000B401002091
:104C50007401002010B5026A01EB810303EB81139C
:104C6000024C54F833309A43026210BD18020020FF
:104C7000064951F820100968054A52F820201143CE
:104C8000024A52F82020116070470000B401002051
:104C90007401002010B5C2684B1C01249C40A24343
:104CA000C26010BD024A52F8202011607047000017
:104CB0009401002030B587B004460D4694ED000AFB
:104CC000B8EEC00A1648D0ED000A80EE201A8DED2D
:104CD000001A94ED010AB8EEC00AD0ED000A80EE89
:104CE000201A8DED011A94ED020AB8EEC00AD0ED3B
:104CF000000A80EE201A8DED021A2B4601220321B4
:104D000005A801F01DFA6B460122032103A801F05A
:104D100017FA05AA03A9034801F016FA07B030BD37
:104D2000A40000209C00002008B507E04FF0805050
:104D30000F490860BFF34F8FBFF36F8F0D480068B6
:104D40000028F3D013E000BF4FF0FF326946094856
:104D5000006802F019FA0028F6D09DF803309DF89B
:104D600002209DF801109DF80000FBF7E1FEEAE744
:104D700004ED00E0B40000201CB51D4800901D4863
:104D800000234FF400421C4904681846A047184805
:104D90000090184800234022184904680120A047C9
:104DA000134800901348002320221449046802206D
:104DB000A0470F4800900F48002304220F490468C1
:104DC0000320A04700200E4B0E4A04210090084605
:104DD00002F04CF80C49086009E002F0B5FB0190C4
:104DE000044988688047012101A802F031FBF4E7FB
:104DF000010B00081C0B00200008024000100240BC
:104E0000BC280020AC280020B4000020002012495B
:104E10000870322001F070FE1DE0FDF72FFDFDF758
:104E200015FD07E04FF080500C490860BFF34F8F2D
:104E3000BFF36F8F084800780028F3D007E04FF0E9
:104E4000805006490860BFF34F8FBFF36F8F024851
:104E500000780128F3D0E0E7AC00002004ED00E08A
:104E6000322001F049FE984B93F82410186A974BB2
:104E70009A689047944B93F82C10986A934B9A68D1
:104E80009047914B93F83410186B904B9A68904769
:104E90008D4B93F83C10986B8C4B9A6890478A4BDB
:104EA00093F84410186C894B9A6890470020884901
:104EB00008800FE0844A92F82C10906A834A136AA3
:104EC00064229847804A92F82C10906A7F4A536A6D
:104ED0007F4A98477E4800886428EBD100207C49AF
:104EE00008800FE0784A92F83410106B774A136A02
:104EF00064229847744A92F83410106B734A536ACC
:104F0000734A9847724800886428EBD100207049A2
:104F100008800FE06C4A92F83C10906B6B4A136A61
:104F200064229847684A92F83C10906B674A536A2B
:104F3000674A9847664800886428EBD10020644996
:104F400008800FE0604A92F84410106C5F4A136AC0
:104F5000642298475C4A92F84410106C5B4A536A8A
:104F60005B4A98475A4800886428EBD1AAE0594820
:104F700090F9000007287DD2DFE800F004101C3013
:104F800054688E00504A92F82410106A4F4A1369F0
:104F90003C229847FF204F49087092E04A4A92F815
:104FA0002410106A494A13697D229847FF20494915
:104FB000087086E0444A92F82C10906A434A1369BC
:104FC000A7229847404A92F83410106B3F4A136961
:104FD000BA229847FF203F49087072E03A4A92F897
:104FE0002C10906A394A13694D229847364A92F834
:104FF0003410106B354A13695D229847324A92F893
:105000003C10906B314A1369CB2298472E4A92F894
:105010004410106C2D4A1369CA229847FF202D496D
:1050200008704EE0284A92F82C10906A274A1369BB
:105030001E229847244A92F83410106B234A1369B1
:1050400030229847FF20234908703AE01E4A92F820
:105050002C10906A1D4A1369912298471A4A92F8B7
:105060003410106B194A1369A3229847164A92F814
:105070003C1000E024E0906B144A136953229847D7
:10508000114A92F84410106C104A13695222984742
:10509000FF201049087014E00B4A92F82C10906A17
:1050A0000A4A1369C3229847074A92F83410106BD2
:1050B000064A1369D5229847FF200649087000E088
:1050C00000BF00BF53E70000C8C7030814CA0308A5
:1050D0006C0B0020640B002008B500BF642001F0B9
:1050E0000BFD09490868804708490868804709E0BE
:1050F00002F02AFA00900549486980470A2168466B
:1051000002F0A6F9F4E7000034C803088CC80308CD
:105110008AB0642001F0F0FC22E013E09DF8040066
:10512000104951F8200068B19DF80400102809DAF0
:105130009DF805109DF804000A4B53F820200DF14E
:10514000060090470848416801A888470028E5D133
:105150004FF0805005490860BFF34F8FBFF36F8F4A
:10516000DBE70000BC000020C4C8030804ED00E039
:1051700008B5322001F0C0FC8E48816900208847C4
:105180008C488169012088478A48816902208847C4
:10519000884881690320884786480168002088473D
:1051A00084480168012088478248016802208847B6
:1051B00080480168032088474FF47A64651040F600
:1051C00054367D4FF5E07D4890F9000007286ED2F7
:1051D000DFE800F00417293C4E6E8C00002078496F
:1051E00008604FF448700090724812232022D0F8D3
:1051F00004C0084601680020E047FF206F4908709E
:1052000093E06F4804604FF448700090694812239F
:105210002022D0F804C06A4801680020E047FF203F
:105220006649087081E00020664908604FF44870C4
:105230000090604810232022D0F804C0084601687E
:105240000120E047FF205D4908706EE05D48056081
:105250004FF448700090574810232022D0F804C023
:10526000584801680120E047FF20544908705CE07D
:105270000020554908604FF4487000904D481023B5
:105280002022D0F804C0084601680220E0474FF40D
:1052900048700090474810232022D0F804C04A48A4
:1052A00001680320E047FF20444908703DE03BE0EF
:1052B000454806604FF4FA7000903E4810232022C3
:1052C000D0F804C0404801680220E0474FF4FA706B
:1052D0000090384810232022D0F804C03A480168D2
:1052E0000320E047FF20354908701EE0364807607C
:1052F0004FF4FA7000902F4810232022D0F804C0F9
:10530000314801680220E0474FF4FA7000902948C4
:1053100010232022D0F804C02B4801680320E04766
:10532000FF202649087000E000BF00BF21488168C7
:105330000020884722490968884204D01D48016935
:105340000020884703E01B4841690020884719482E
:105350008168012088471B490968884204D01548A4
:1053600001690120884703E012484169012088470C
:10537000104881680220884713490968884207D18C
:105380000C488168032088470F490968884208D083
:1053900008480169022088470648016903208847B8
:1053A00007E0044841690220884702484169032018
:1053B000884708E780C90308A2FEFFFF780B00209A
:1053C0007C0B0020800B0020840B002030B589B0BE
:1053D00004460D46207840B2064908700A208DF830
:1053E000000000208DF801000348016868468847E6
:1053F00009B030BD640B0020C4C80308F0B58BB001
:1054000004460F4641484168002088473F484168AC
:10541000012088473D484168022088473B48416851
:1054200003208847257835B1012D1BD0022D30D0BF
:10543000032D5CD144E0002000903448B4234FF4A5
:1054400016624FF42F7106680020B04700200090CC
:105450002E48B42340F6C4124FF4FA7106680120B6
:10546000B04745E0B42000902848B4234FF41662BA
:105470004FF42F7106680020B047B42000902348F5
:10548000B42340F6C4124FF4FA7106680120B04705
:105490002EE0B42000901D48B4234FF416624FF460
:1054A0002F7106680220B047B42000901748B4233B
:1054B0004FF416624FF42F7106680320B04717E0CF
:1054C000002000901148B4234FF416624FF42F715E
:1054D00006680220B047002000900C48B4234FF427
:1054E00016624FF42F7106680320B04700E000BF3A
:1054F00000BF0D208DF8080000208DF80900044839
:10550000016802A888470BB0F0BD0000380B0020EE
:10551000C4C8030870B58AB004460E46257835B174
:10552000012D09D0022D0CD0032D14D10EE04FF423
:105530008010FDF75BFD0FE04FF48010FDF79EFD3E
:105540000AE04FF40010FDF751FD05E04FF40010A4
:10555000FDF794FD00E000BF00BF0C208DF80400B3
:1055600000208DF805000348016801A888470AB0AB
:1055700070BD0000C4C8030830B589B004460D46AC
:10558000207840B2064908700B208DF800000020FA
:105590008DF80100034801686846884709B030BDAE
:1055A000780B0020C4C80308FEB504460D46002051
:1055B00002900121CDE90010034802AB18222946D0
:1055C00086682046B047FEBD74CA0308FEB504468F
:1055D0000D460120029000200121CDE90010044871
:1055E00002AB1822294686682046B047FEBD00005F
:1055F00074CA030870B504460D4611E001F034FB8F
:1056000004F11000FBF7A2FD00B10AE002F0F0F88F
:105610004FF080500B490860BFF34F8FBFF36F8F7F
:10562000ECE700BF294604F11000FBF76DFDA06C0C
:1056300020B90120A064204600F08EF802F0D8F8CE
:1056400070BD000004ED00E070B504460D4611E0A9
:1056500001F00AFB04F11000FBF778FD00B10AE04D
:1056600002F0C6F84FF080500B490860BFF34F8F2F
:10567000BFF36F8FECE700BF294604F11000FBF782
:1056800043FDA06C20B90120A064204600F038F84A
:1056900002F0AEF870BD000004ED00E070B5054604
:1056A0000E4615480068016828468847044611E000
:1056B00001F0DAFA04F11000FBF748FD00B10AE04E
:1056C00002F096F84FF080500C490860BFF34F8FFE
:1056D000BFF36F8FECE700BF314604F11000FBF71A
:1056E00013FDA06C20B90120A064204600F01EF834
:1056F00002F07EF870BD0000500B002004ED00E0C9
:1057000010B5044604F110002168FBF733FD0220B8
:10571000216881F82D002068C078011D02480068CA
:1057200042682046904710BD280B002070B5054602
:105730002C68FF2020706070A11C05F11000FBF7A1
:1057400019FDA078C11C03480068426828469047AC
:1057500070BD0000500B002010B5044604F110008D
:105760002168FBF707FD2068017C03480068426858
:105770002046904710BD0000440B002010B50446A1
:1057800014480068816820468847206890F82C00FB
:10579000D8B1206890F82C00616881F826000020BC
:1057A000616881F82700552226216068FAF7ADFD6F
:1057B00008480068C16820468847064800684FF4DA
:1057C000FA6142692046904710BD2046FBF737FA40
:1057D00000BFF9E7280B002010B504460848006810
:1057E00081682046884704F11000FBF7A8FC18B137
:1057F0002046FFF7B1FF01E00020A06410BD0000CB
:10580000440B002010B50446084800688168204613
:10581000884704F11000FBF792FC18B12046FFF70F
:1058200085FF01E00020A06410BD0000500B0020A7
:1058300010B5024800F02AFA10BD0000004C0040EC
:1058400000B58FB04FF40020FCF70CFB4FF40020A4
:10585000FCF710FB4FF40020FCF7F6FA2648FCF7A3
:105860006DFE264B002226492348FCF799FE0021B5
:105870002148FCF783FF00211F48FCF773FF00213C
:105880001D48FCF769FF00211B48FCF771FF04214C
:105890001948FCF779FF1848FCF75DFE6846FCF7ED
:1058A000B3FB402002901448001D009000150590A5
:1058B000400409906A4604211248FCF72BFB0E486D
:1058C000FCF75EFE002002900B48001D00900015C2
:1058D0000590400409906A4602210A48FCF71AFB29
:1058E0000548FCF73DFE0321342000F0BDFB3420C9
:1058F00000F0ACFB0FB000BD004C004080841E00E7
:1059000080DE80020060024010B5024800F0BEF95F
:1059100010BD00000050004000B58FB04FF4801063
:10592000FCF7A0FA4FF48010FCF7A4FA4FF48010B3
:10593000FCF78AFA2848FCF7F8FD4FF4E1334FF4FE
:10594000004226492448FCF72BFE00212248FCF7A0
:1059500015FF4FF400412048FCF704FF00211E48CA
:10596000FCF7FAFE00211C48FCF702FF04211A484C
:10597000FCF70AFF1848FCF7EEFD6846FCF744FB0D
:10598000402002901448001D00900015059040042E
:1059900009906A4607211248FCF7BCFA0E48FCF74A
:1059A000EFFD002002900C48001D009000150590AE
:1059B000400409906A4600210948FCF7ABFA064802
:1059C000FCF7CEFD0321352000F04EFB352000F022
:1059D0003DFB0FB000BD00000050004080DE8002A3
:1059E0000060024010B5024800F050F910BD000000
:1059F0000010014000B58FB01020FCF751FA1020C4
:105A0000FCF756FA1020FCF73DFA2848FCF78DFD0C
:105A10004FF461234FF4004225492448FCF7C0FDB0
:105A200000212248FCF7AAFE4FF400411F48FCF772
:105A300099FE00211D48FCF78FFE00211B48FCF752
:105A400097FE0C211948FCF79FFE1848FCF783FDD0
:105A50006846FCF7D9FA402002901448001D0090D7
:105A600000150590400409906A4607211148FCF78B
:105A700051FA0E48FCF784FD002002900B48001DEF
:105A8000009000150590400409906A4605210948D8
:105A9000FCF740FA0548FCF763FD0321252000F0E0
:105AA000E3FA252000F0D2FA0FB000BD001001404B
:105AB00000BD01050064024000B58FB04FF48020A6
:105AC000FCF7D0F94FF48020FCF7D4F94FF4802094
:105AD000FCF7BAF92E48FCF731FD2E4B4FF400428B
:105AE0002D492B48FCF75CFD00212948FCF746FEB8
:105AF0004FF400412648FCF735FE00212448FCF70E
:105B00002BFE00212248FCF733FE04212048FCF73D
:105B10003BFE1F48FCF71FFD6846FCF775FA402066
:105B200002901B48001D009000150590400409904C
:105B30006A4603211948FCF7EDF91548FCF720FDEA
:105B4000002002901248001D0090001505904004AE
:105B500009906A4601211148FCF7DCF90C48FCF772
:105B6000FFFC80200290C0000590401004900004CB
:105B700009906A4600210A48FCF7CCF90321272046
:105B800000F072FA272000F061FA0FB000BD0000AB
:105B90000048004040420F0080DE8002006002406A
:105BA0000064024010B5024800F070F810BD00001B
:105BB0000048004010B5024800F068F810BD000031
:105BC0000014014000B58FB02020FCF769F92020B7
:105BD000FCF76EF92020FCF755F92848FCF7AEFCDD
:105BE000274B002227492548FCF7DAFC00212348EF
:105BF000FCF7C4FD00212148FCF7B4FD00211F483B
:105C0000FCF7AAFD00211D48FCF7B2FD04211B484A
:105C1000FCF7BAFD1948FCF79EFC6846FCF7F4F95E
:105C2000402002901548001D0090001505904FF08F
:105C3000206009906A4606211348FCF76BF90F486B
:105C4000FCF79EFC002002900C48001D00900015FF
:105C500005904FF0206009906A4602210A48FCF73F
:105C600059F90648FCF77CFC0321472000F0FCF9B9
:105C7000472000F0EBF90FB000BD00000014014018
:105C800080841E0000BD01050064024070B504461A
:105C90002046FBF71DFC054600BF2068C0F38010BE
:105CA00060B100BF6FF04000206000BF00BFE0683F
:105CB000C0F3801010B12846296D884700BF2068C6
:105CC000C0F30010A8B12046FCF723FC00BFE06839
:105CD000C0F3001068B1E96E686E064A525C024477
:105CE000526892B2E868861A314628466A6D904733
:105CF00000BF70BD9CC9030810B500BF094800690A
:105D000000F0010068B100BF6FF0010005490861B3
:105D100000BF00BF0846C06800F0010008B1FBF7F3
:105D200035FF10BD0020004030B52DED028B8BB04B
:105D300005460C4695ED000AB8EEC00A4748D0ED7E
:105D4000000A20EE200A8DED080A95ED010AB8EE52
:105D5000C00AD0ED000A20EE200A8DED090A95ED6B
:105D6000020AB8EEC00AD0ED000A20EE200A8DED3E
:105D70000A0A08AB0122032103A800F0E1F905ABF0
:105D80000122032101A800F0DBF901AA03A934488C
:105D900000F0DAF994ED020ADDED070A30EE200A90
:105DA00084ED020A07E094ED020ADFED2E0A30EEE0
:105DB000600A84ED020A94ED020ADFED2A0AB4EECD
:105DC000E00AF1EE10FAEEDC07E094ED020ADFEDF6
:105DD000250A30EE200A84ED020A94ED020ADFED76
:105DE000220AB4EEE00AF1EE10FAEED3D4ED020A84
:105DF000B0EE600A00F05CF9DDED050A20EE208AC5
:105E0000D4ED020AB0EE600A00F040FADDED060AB9
:105E100000EEC08A94ED000A38EE000A84ED000A14
:105E2000D4ED020AB0EE600A00F030FADDED050AAA
:105E300020EE208AD4ED020AB0EE600A00F038F9B4
:105E4000DDED060A00EE808A94ED010A38EE000AC4
:105E500084ED010A0BB0BDEC028B30BDA800002020
:105E60009C000020DB0FC940DB0FC9C010B586B015
:105E700000241A4A11791068194AD36903AA98476D
:105E80000443164A117B9068154AD36904AA9847BF
:105E90000443124A117D1069114AD36905AA984733
:105EA00004430CB106B010BD0E4903980968401AAE
:105EB00000900C4904984968401A019009490598D6
:105EC0008968401A029008480849C26868469047A5
:105ED000044803A90EC90EC000BFE3E7C8C7030802
:105EE000A4CA0308880C002034C803087C0C0020D6
:105EF00000BFFEE72DE9F04104460D462078FF285B
:105F000002D16078FF2802D00120BDE8F081062D83
:105F100001DA0120F9E7E078001DA84201D0012054
:105F2000F3E7E078801E611D0F5C2046FAF75BFE08
:105F30000646B74201D00120E7E70020E5E72DE95A
:105F4000F04104460D462078FF2802D16078FF28F2
:105F500002D00120BDE8F081052D01DA0120F9E72A
:105F6000A078C01CA84201D00120F3E7A178891EC7
:105F7000201D475CA01CFAF74DFE0646B74201D033
:105F80000120E7E70020E5E702680A607047026841
:105F90000A607047F0B585B005460E461446102CD1
:105FA00001DD05B0F0BD0948006801682846884752
:105FB0000746224631466846FAF795F98DF81040B3
:105FC00069463846FFF716FB00BFEAE7440B00209E
:105FD0002DE9F0478CB081460D4616461F46DDE997
:105FE0001448194800680168484688478246FF20DF
:105FF0008DF800008DF801008DF80250E01CC0B251
:106000008DF8030003208DF804008DF8056022460A
:1060100039460DF10600FAF766F96846FAF7E3FD2E
:106020000DF10501621C8854CDF8288001208DF8FF
:106030002C00002088F8000069465046FFF704FB5A
:106040000CB0BDE8F0870000280B0020002809DB19
:1060500000F01F02012191404209920002F1E0226A
:10606000C2F800117047000010B5002804DB0A07D1
:10607000130E054A135406E00A07140E034A00F0F3
:106080000F031B1FD45410BD00E400E018ED00E026
:1060900002E008C8121F08C1002AFAD170477047F1
:1060A000002001E001C1121F002AFBD1704700004F
:1060B000B0EE402A9FED1F4AF5EE003A42EE043A58
:1060C000F0EE630AFDEEE03A13EE901AF5EEC00A28
:1060D000F1EE10FA00D2491E03EE901AF8EEE33A00
:1060E00070EEE33AF0EE630ADFED133A60EEA31AC6
:1060F000FCEEE13A13EE902AC2F3080003EE900A98
:10610000F8EE633A31EEE31A0C4A02EB8002D2ED6C
:10611000002A0A4B421C03EB820292ED003AF7EE92
:10612000003A73EEC13A63EEA23AB0EE630A01EEB2
:10613000030A704783F9223E00000044BCB3030801
:1061400001804280436070472DE9F74F83B00446D9
:106150000D4662686968D4F804C0059840680290EA
:10616000208801906B8867884FF0000ADDF804E012
:1061700000BF029800EB8A08994669684FF0000B4F
:1061800000BFDFED412AB0EE620A6246BE1042E077
:10619000D1ED002AF0EE621A01EB8301D2ED002A64
:1061A000F0EE620AD2ED012AB0EE621AF0EE402A59
:1061B00040EEA12AB0EE620AD1ED002AB0EE622ACA
:1061C00001EB8301F0EE402A41EE022AB0EE620AB2
:1061D000D1ED002AF0EE621A01EB8301D2ED022A22
:1061E000F0EE620AD2ED032AB0EE621AF0EE402A17
:1061F00040EEA12AB0EE620AD1ED002AB0EE622A8A
:1062000001EB8301F0EE402A41EE022AB0EE620A71
:106210001032701E86B2002EBAD107F003060DE0D0
:10622000B2EC013AD1ED003AF0EE402A43EE232AD7
:10623000B0EE620A01EB8301701E86B2002EEFD130
:10624000A8EC010A0BF101001FFA80FB686800EB63
:106250008B01A9F101001FFA80F9B9F1000F90D16B
:106260000AEB03001FFA80FA0CEB870CAEF1010079
:106270001FFA80FEBEF1000F7FF47BAF002000907C
:10628000009806B0BDE8F08F00000000F0EE400A74
:10629000F5EEC00AF1EE10FA09D29FED240AF4EEF1
:1062A000C00AF1EE10FA02DBB0EE600A70479FED13
:1062B000200A20EE801ABDEEC10A10EE101AF5EE8B
:1062C000C00AF1EE10FA00D2491E00EE101AB8EE24
:1062D000C00A31EE400AB0EE401A9FED160A21EED8
:1062E000002ABCEEC20A10EE102AC2F3080000EE2B
:1062F000100AB8EE400A72EE401A0F4A02EB800212
:1063000092ED003A0C4B421C03EB8202D2ED003AB4
:10631000B7EE000A30EE610A20EE030AF0EE402AE2
:1063200041EEA32AB0EE620AC0E70000CD024CB4F1
:1063300083F9223E00000044BCB30308FCF7E6FEEC
:10634000FDF77EFF002002463C4B19684FF6FF0325
:1063500019403B4B0B4343EA0221384B196000BF05
:10636000FBF7CAFBFAF780F9FCF702FDFCF710FE19
:106370006FF07F40FCF73AFEFFF73CFBFFF79CFB1A
:10638000FFF75EFAFFF7C8FAFFF71CFCFEF74EFABC
:10639000FEF7FAFAFEF768FBFEF7DAFBFEF74AF8BB
:1063A0002849486A8047044627482146026827480A
:1063B00090472449486A804704462348214602689A
:1063C000234890471F49486A804704461E48214693
:1063D00002682048904720498868804704461A4848
:1063E000214602681D4890471D4988688047044639
:1063F0001548214602681B4890471B480168032046
:1064000088471A4801680220884719480168012016
:10641000884718480168012088471748016801200B
:1064200088471648016801208847154801680120FF
:10643000884700F0BDFB00BFFEE700000CED00E068
:106440000000FA0574CA0308A4C903080048004004
:1064500000140140004C0040D4CA03080050004022
:10646000E8CA030800100140FCCA0308F4CA030884
:106470001CCB030824CB030804CB03080CCB030874
:106480002CCB03082DE9F04105460E461F4807684E
:1064900000201F49096881F851001D480068001D4F
:1064A00000F078FA50B91A48006890F82C100120D2
:1064B000884018490968814316480160681C38B94A
:1064C00036B113480168091D134800F0ADFA1AE00F
:1064D0007C190F4800684460BC4207D20C48016830
:1064E000091D0E48006800F085FA0CE008480168B4
:1064F000091D0B48006800F07DFA0A4800688442D4
:1065000001D208480460BDE8F081000014000020BA
:106510000000002018000020680C00200800002067
:10652000040000203000002010B5044600F088FA76
:1065300023480068401C224908602248006840B98E
:10654000204804600846006801280DD100F044F995
:106550000AE01D48006838B91A480068C06AE16A54
:10656000884201D81748046018480068401C174941
:10657000086094F82C1001208840154909680843E8
:1065800013490860E16A01EB8101124A02EB8100C4
:10659000211D00F049FA00F07DFA0B48006868B14F
:1065A00008480068C06AE16A884207D24FF080500C
:1065B00009490860BFF34F8FBFF36F8F10BD000014
:1065C00010000020000000201C0000202C000020F3
:1065D000180000208C0B002004ED00E010B516E040
:1065E00000F02EFA0C48C068C468201D00F0D2F9F3
:1065F0000A480068401E0949086009480068401EB2
:106600000749086000F046FA204600F05FF80448A9
:1066100000680028E4D110BD540C002010000020B8
:106620000C00002070B504460D46206C70B1216C42
:10663000E0680144E160D4E90210884201D3216896
:10664000E1602846226CE168F9F74DFE70BD2DE946
:10665000F04104460F4615464FF00008A66B206C2B
:1066600048B9206800282CD1A06801F017F88046AE
:106670000020A06025E07DB93946226C6068F9F7FA
:1066800032FE216C606808446060D4E901018842F0
:1066900017D32068606014E03946226CE068F9F78F
:1066A00022FE216CE068411AE1602168E0688842BE
:1066B00003D2216CA068411AE160022D01D106B11C
:1066C000761E701CA0634046BDE8F0817047000054
:1066D00000BFFFF783FF064800680128F9D94FF093
:1066E000805004490860BFF34F8FBFF36F8FF0E70E
:1066F0008C0B002004ED00E02DE9F04106460D462C
:1067000017469846069C0DB9246000E02760E663B2
:1067100025640121204600F017FCBDE8F0812DE939
:10672000FF5F81460E469246DDE90E7B109CAAF182
:106730000100216B01EB800828F0070808F0070032
:1067400008B9012000E0002050B900BFB02080F35C
:106750001188BFF34F8FBFF36F8F00BF00BFFEE7FD
:1067600086B1002507E0715D04F134004155705D8C
:1067700000B902E06D1C102DF5D300BF00214320AD
:10678000015502E0002084F83400072F00D30627CB
:10679000E76267640020A064201D00F028F904F17E
:1067A000180000F024F92461C7F10700A0616462B9
:1067B0000020E06484F8500084F8510049464046C7
:1067C000039A00F0D1F82060BBF1000F01D0CBF8A4
:1067D0000040BDE8FF9F000010B5002407E004EB77
:1067E00084010F4A02EB810000F0F4F8641C072CCE
:1067F000F5D30C4800F0EEF80B4800F0EBF80B482E
:1068000000F0E8F80A4800F0E5F80A4800F0E2F87D
:1068100004480949086004480849086010BD0000A0
:106820008C0B0020180C00202C0C0020400C0020A9
:10683000540C0020680C00200400002008000020F8
:1068400070B5054600F0FCF8A86B08B9012400E01B
:10685000002400F01FF9204670BD70B5054600F019
:10686000EFF8A86BE96B884201D1012400E0002415
:1068700000F010F9204670BD09480068006808B9AA
:10688000012000E0002020B14FF0FF3005490860F2
:1068900005E003480068C068006802490860704766
:1068A00004000020300000200E480068401C08B999
:1068B000012000E0002050B900BFB02080F3118813
:1068C000BFF34F8FBFF36F8F00BF00BFFEE700BF66
:1068D000B02080F31188BFF34F8FBFF36F8F00BFDD
:1068E00000BFFEE74000002070B5044600F0A8F8A5
:1068F00094F9455010E0606A08B9012000E00020DA
:1069000038B904F1240000F027FF18B100F02EF987
:1069100000E003E0681E45B2002DECDC00BFFF2064
:1069200084F8450000F0B6F800F08AF894F9445075
:1069300010E0206908B9012000E0002048B904F106
:10694000100000F009FF08B100F010F9681E45B210
:1069500000E001E0002DECDC00BFFF2084F84400E3
:1069600000F098F870BD0000001F4FF080730360C6
:10697000001F21F001030360001F054B0360143862
:106980000260001F6FF002030360203870470000B0
:10699000A968000801460A69D1E901309860D1E987
:1069A000010358605068884201D188685060002017
:1069B00008611068401E106010687047034B036048
:1069C000034B0B6010231360704700000429002064
:1069D0005829002000F1080141604FF0FF3181602B
:1069E00000F10801C16001610021016070470021D0
:1069F0000161704710B502460B685C1C0CB9106948
:106A000007E002F1080000E04068446824689C4206
:106A1000FAD944684C604C68A160886041600A61A2
:106A20001468641C146010BD42684A6093688B60EF
:106A3000936859609160086103685B1C036070474C
:106A400000BFB02080F31188BFF34F8FBFF36F8F6B
:106A500000BF0E480068401C0C49086008460068EA
:106A6000012812D10A480068C0B208B9012000E02C
:106A7000002050B900BFB02080F31188BFF34F8FC2
:106A8000BFF36F8F00BF00BFFEE7704740000020DC
:106A900004ED00E00D48006850B900BFB02080F35D
:106AA0001188BFF34F8FBFF36F8F00BF00BFFEE7AA
:106AB00006480068401E054908600846006820B97D
:106AC000002080F3118800BF00BF70474000002005
:106AD00000204FF0E02108618861064800684FF40B
:106AE0007A71B0FBF1F0401E4FF0E02148610720C1
:106AF00008617047B800002070B504460025D4B185
:106B00001248006808B9012000E0002050B900BF19
:106B1000B02080F31188BFF34F8FBFF36F8F00BF9A
:106B200000BFFEE700F0A0F800212046FFF7AAFC16
:106B300000F05EFE05463DB94FF080500449086004
:106B4000BFF34F8FBFF36F8F70BD00003C0000207C
:106B500004ED00E0034909680160034909684160E8
:106B60007047000028000020140000200120014987
:106B7000086070472400002070B504460D4654B9E3
:106B800000BFB02080F31188BFF34F8FBFF36F8F2A
:106B900000BF00BFFEE70548016818312046FFF737
:106BA00029FF01212846FFF76DFC70BD0000002081
:106BB00010B586B000200590049003AA04A905A88A
:106BC000FFF7FCFE0022DDE904101346CDE90021A9
:106BD00002901DA11E48039A00F0E0FB1D490860C9
:106BE0000846006808B1012400E00024012C15D1FA
:106BF00000BFB02080F31188BFF34F8FBFF36F8FBA
:106C000000BF4FF0FF3014490860012013490860AD
:106C100000201349086000F075F810E0601C08B10E
:106C2000012000E0002050B900BFB02080F311889F
:106C3000BFF34F8FBFF36F8F00BF00BFFEE7094860
:106C4000006806B010BD000049444C45000000003B
:106C5000D166000834000020300000201C00002015
:106C6000140000203800002002480068401C014940
:106C7000086070473C0000201D48006818B10120E2
:106C80001C49086032E000201A4908601A48006870
:106C9000B0FA80F0C0F11F0101EB8100174A52F8F1
:106CA000200008B1012000E0002050B900BFB02052
:106CB00080F31188BFF34F8FBFF36F8F00BF00BF0A
:106CC000FEE701EB81020D4B03EB82004268526844
:106CD000426000F108024368934202D14268526860
:106CE00042604268D268064B1A6000BF70470000DD
:106CF0003C00002024000020180000208C0B002005
:106D0000000000201CB5524800685249884201D05A
:106D1000012000E0002050B900BFB02080F31188AE
:106D2000BFF34F8FBFF36F8F00BF00BFFEE7484830
:106D300000684849491E884201D0012000E0002037
:106D400050B900BFB02080F31188BFF34F8FBFF35D
:106D50006F8F00BF00BFFEE73F49084600780190F3
:106D6000FF200A4610700846007800909DF8000049
:106D700000F0F0009DF80020904201D1012000E0D9
:106D8000002050B900BFB02080F31188BFF34F8FAF
:106D9000BFF36F8F00BF00BFFEE79DF8000000F05B
:106DA000B0002E4A107007202D4A106009E02C48D0
:106DB0000068401E2A4A10609DF800004006000E40
:106DC00000909DF8000000F080008028EFD024485B
:106DD0000068C0F10700042801D1012000E0002074
:106DE00050B900BFB02080F31188BFF34F8FBFF3BD
:106DF0006F8F00BF00BFFEE7194800680002184A05
:106E000010601046008800F4E0601060124A01989B
:106E100010700F482030006840F470000C49203199
:106E200008600846006840F070400860FFF750FEB8
:106E300000200C490860F9F7D7F90B48006840F0CA
:106E4000404009490860F9F7BBF900201CBD00006B
:106E500000ED00E071C20F4100E400E044000020BA
:106E6000480000204000002034EF00E02DE9F84306
:106E700080460E4617461C46DDF82090B8F1000FFC
:106E800001D0012000E0002050B900BFB02080F305
:106E90001188BFF34F8FBFF36F8F00BF00BFFEE7B6
:106EA0000CB1012000E0002050B900BFB02080F3F9
:106EB0001188BFF34F8FBFF36F8F00BF00BFFEE796
:106EC00007B10EB1012000E0002050B900BFB02092
:106ED00080F31188BFF34F8FBFF36F8F00BF00BFE8
:106EE000FEE707B90EB9012000E0002050B900BF4D
:106EF000B02080F31188BFF34F8FBFF36F8F00BFB7
:106F000000BFFEE7482000900098482801D10120EA
:106F100000E0002050B900BFB02080F31188BFF31B
:106F20004F8FBFF36F8F00BF00BFFEE700BF254646
:106F30002C1E06D04B463A46314640460095FFF798
:106F4000DBFB2846BDE8F88370B505460E462C46A7
:106F500054B900BFB02080F31188BFF34F8FBFF347
:106F60006F8F00BF00BFFEE7FFF76AFDD4E90F1285
:106F7000206801FB0200A0600020A0632068606020
:106F8000E06B401E226C216800FB0211E160FF20D3
:106F900084F8440084F845009EB9206908B90120AE
:106FA00000E00020A8B904F1100000F0D5FB80B18A
:106FB0004FF0805009490860BFF34F8FBFF36F8FC8
:106FC00007E004F11000FFF705FD04F12400FFF7CE
:106FD00001FDFFF75FFD012070BD000004ED00E042
:106FE0002DE9FF4383B0064688461D464FF0000951
:106FF000344654B900BFB02080F31188BFF34F8FDF
:10700000BFF36F8F00BF00BFFEE7B8F1000F01D1E3
:10701000206C08B9012000E0002050B900BFB0206A
:1070200080F31188BFF34F8FBFF36F8F00BF00BF96
:10703000FEE7022D02D1E06B012801D1012000E022
:10704000002050B900BFB02080F31188BFF34F8FEC
:10705000BFF36F8F00BF00BFFEE700F065FA08B90D
:10706000059808B9012000E0002050B900BFB02009
:1070700080F31188BFF34F8FBFF36F8F00BF00BF46
:10708000FEE700BFFFF7DCFCA06BE16B884201D399
:10709000022D28D12A4641462046FFF7D8FA074656
:1070A000606A08B9012000E0002068B904F12400FA
:1070B00000F052FB88B14FF0805032490860BFF3B6
:1070C0004F8FBFF36F8F08E03FB14FF080502D49D5
:1070D0000860BFF34F8FBFF36F8FFFF7DBFC01201A
:1070E00007B0BDE8F083059818B9FFF7D3FC00207E
:1070F000F6E7B9F1000F04D101A8FFF72BFD4FF01F
:107100000109FFF7C7FCFFF7AFFDFFF799FC94F902
:107110004400401C10B9002084F8440094F9450054
:10712000401C10B9002084F84500FFF7B3FC05A906
:1071300001A800F0DDF8F0B92046FFF78EFBA0B102
:1071400004F110000599FFF717FD2046FFF7CCFB6F
:1071500000F04EFB002895D14FF08050094908609F
:10716000BFF34F8FBFF36F8F8CE72046FFF7BCFB59
:1071700000F03EFB86E72046FFF7B6FB00F038FB49
:107180000020ADE704ED00E02DE9F74183B00546AE
:107190000E464FF000082C4654B900BFB02080F3D3
:1071A0001188BFF34F8FBFF36F8F00BF00BFFEE7A3
:1071B0000EB9206C08B9012000E0002050B900BFD2
:1071C000B02080F31188BFF34F8FBFF36F8F00BFE4
:1071D00000BFFEE700F0A8F908B9059808B901203A
:1071E00000E0002050B900BFB02080F31188BFF349
:1071F0004F8FBFF36F8F00BF00BFFEE700BFFFF7E9
:107200001FFCA76BF7B131462046FFF70BFA781E3B
:10721000A063206908B9012000E0002060B904F1F2
:10722000100000F099FA38B14FF080502F490860F3
:10723000BFF34F8FBFF36F8FFFF72CFC012006B019
:10724000BDE8F081059818B9FFF724FC0020F6E7A7
:10725000B8F1000F04D101A8FFF77CFC4FF0010842
:10726000FFF718FCFFF700FDFFF7EAFB94F9440075
:10727000401C10B9002084F8440094F94500401CDB
:1072800010B9002084F84500FFF704FC05A901A807
:1072900000F02EF8F0B92046FFF7D2FAA0B104F1C1
:1072A00024000599FFF768FC2046FFF71DFB00F05E
:1072B0009FFA0028A3D14FF080500C490860BFF31B
:1072C0004F8FBFF36F8F9AE72046FFF70DFB00F05B
:1072D0008FFA94E72046FFF707FB00F089FA204673
:1072E000FFF7AEFA00288AD00020A8E704ED00E0FE
:1072F00070B506460C4656B900BFB02080F3118821
:10730000BFF34F8FBFF36F8F00BF00BFFEE754B9CD
:1073100000BFB02080F31188BFF34F8FBFF36F8F92
:1073200000BF00BFFEE7FFF78BFB194802687068DB
:10733000131A1848006890F8510030B10020154920
:10734000096881F8510001251EE02068401C08B939
:10735000002519E0104930680968884206D0706835
:10736000904203D80125002020600DE0206898425B
:1073700007D92068C01A20603046FFF7EBFB0025D4
:1073800002E0002020600125FFF784FB284670BD45
:107390001400002000000020280000202DE9F04FFC
:1073A00085B00746884691469A46DDE90EB6109CA0
:1073B0000EB1012000E0002050B900BFB02080F3E2
:1073C0001188BFF34F8FBFF36F8F00BF00BFFEE781
:1073D0000CB1012000E0002050B900BFB02080F3C4
:1073E0001188BFF34F8FBFF36F8F00BF00BFFEE761
:1073F000542003900398542801D1012000E000207C
:1074000050B900BFB02080F31188BFF34F8FBFF396
:107410006F8F00BF00BFFEE700BF9CB196B125464D
:107420002C462E63002004A953464A46CDE900B1FC
:10743000CDE9025041463846FFF771F92846FFF77B
:1074400073F801E000200490049805B0BDE8F08FC7
:107450002DE9F04704460F464FF0000954B900BF2C
:10746000B02080F31188BFF34F8FBFF36F8F00BF41
:1074700000BFFEE70FB1012000E0002050B900BFBF
:10748000B02080F31188BFF34F8FBFF36F8F00BF21
:1074900000BFFEE72148006808B9012000E0002095
:1074A00050B900BFB02080F31188BFF34F8FBFF3F6
:1074B0006F8F00BF00BFFEE7FFF7D6FB18480668D6
:1074C0002068C5192068B04207D92068A8420BD9A6
:1074D000B54209D94FF0010906E02068A84201D859
:1074E000B54201D94FF001092560B9F1000F03D071
:1074F000A81B0021FEF7C6FF00F07AF98046B8F11C
:10750000000F07D14FF0805006490860BFF34F8F3E
:10751000BFF36F8F4846BDE8F08700003C000020B5
:107520001400002004ED00E00549096809B90120B4
:1075300005E00449096809B9022000E0002070470D
:107540001C0000203C000020014908687047000032
:10755000140000202DE9F0414FF000084448006875
:1075600000287CD143480068451C4248056015BB93
:1075700041480068006808B9012000E0002050B9C7
:1075800000BFB02080F31188BFF34F8FBFF36F8F20
:1075900000BF00BFFEE73848076838480068364932
:1075A00008603648076036480068401C3449086067
:1075B000FFF762F900BF3348006885423CD300BF43
:1075C0002D480068006808B9012000E0002020B1C3
:1075D0004FF0FF302B4908602DE027480068C06855
:1075E000C4686668B54202D22648066023E0201DC2
:1075F000FFF7D0F9A06A18B104F11800FFF7CAF933
:1076000094F82C10012088401F49096808431E493E
:107610000860E16A01EB81011C4A02EB8100211D37
:10762000FFF702FA1A49E06A0968C96A8842C7D3B3
:107630004FF00108C4E700BF15480068C06A00EBBE
:107640008000124951F82000012801D94FF00108AB
:107650001048006808B14FF0010805E0FFE70E4848
:107660000068401C0C4908604046BDE8F0810000FD
:107670003C0000201400002004000020080000202E
:107680002800002030000020180000208C0B002073
:1076900000000020240000202000002070B50546D6
:1076A0002C460026002D4ED028480068844201D187
:1076B000012000E0002050B900BFB02080F3118805
:1076C000BFF34F8FBFF36F8F00BF00BFFEE7A06C0B
:1076D00050B900BFB02080F31188BFF34F8FBFF3C4
:1076E0006F8F00BF00BFFEE7A06C401EA064616CFE
:1076F000E06A884227D0A06C28BB201DFFF74AF91A
:1077000040B994F82C100120884011490968814340
:107710000F480160606CE062E06AC0F10700A061A0
:1077200094F82C1001208840094909680843084949
:107730000860E16A01EB8101064A02EB8100211D2C
:10774000FFF772F90126304670BD000000000020EE
:10775000180000208C0B002070B50646F068C46845
:1077600054B900BFB02080F31188BFF34F8FBFF32F
:107770006F8F00BF00BFFEE704F11800FFF70AF9A2
:1077800015480068A8B9201DFFF704F994F82C10DB
:107790000120884011490968084310490860E16ADE
:1077A00001EB81010E4A02EB8100211DFFF73CF93C
:1077B00004E004F118010B48FFF736F90A49E06AC2
:1077C0000968C96A884204D901250120074908606F
:1077D00000E00025284670BD3C0000201800002075
:1077E0008C0B0020400C0020000000202400002012
:1077F00070B5002400263648006850B900BFB0209C
:1078000080F31188BFF34F8FBFF36F8F00BF00BFAE
:10781000FEE7FFF715F92E480068401E2C49086066
:107820000846006800284FD12A48006800284BD03D
:1078300024E02948C068C46804F11800FFF7AAF8DA
:10784000201DFFF7A7F894F82C1001208840234949
:107850000968084321490860E16A01EB8101204A77
:1078600002EB8100211DFFF7DFF81E49E06A09687D
:10787000C96A884202D301201B4908601648006883
:1078800008B9012000E000200028D2D00CB1FEF79A
:10789000F3FF1648056865B100BFFFF75BFE10B146
:1078A0000120114908606D1E002DF6D100200F49FE
:1078B00008600D48006838B1012630070C4908609F
:1078C000BFF34F8FBFF36F8FFFF7E4F8304670BD03
:1078D0003C00002010000020400C00201800002078
:1078E0008C0B00200000002024000020200000203D
:1078F00004ED00E0102840587088A0B80004000291
:1079000000060001000500030007800080048002DB
:10791000800680018005800380074000400440020B
:1079200040064001400540034007C000C004C002BB
:10793000C006C001C005C003C0072000200420020B
:1079400020062001200520032007A000A004A0029B
:10795000A006A001A005A003A007600060046002CB
:1079600060066001600560036007E000E004E0027B
:10797000E006E001E005E003E0071000100410025B
:1079800010061001100510031007900090049002DB
:10799000900690019005900390075000500450020B
:1079A00050065001500550035007D000D004D002BB
:1079B000D006D001D005D003D0073000300430020B
:1079C00030063001300530033007B000B004B0029B
:1079D000B006B001B005B003B007700070047002CB
:1079E00070067001700570037007F000F004F0027B
:1079F000F006F001F005F003F007080008040802A3
:107A0000080608010805080308078800880488029A
:107A100088068801880588038807480048044802CA
:107A200048064801480548034807C800C804C8027A
:107A3000C806C801C805C803C807280028042802CA
:107A400028062801280528032807A800A804A8025A
:107A5000A806A801A805A803A8076800680468028A
:107A600068066801680568036807E800E804E8023A
:107A7000E806E801E805E803E8071800180418021A
:107A8000180618011805180318079800980498029A
:107A900098069801980598039807580058045802CA
:107AA00058065801580558035807D800D804D8027A
:107AB000D806D801D805D803D807380038043802CA
:107AC00038063801380538033807B800B804B8025A
:107AD000B806B801B805B803B8077800780478028A
:107AE00078067801780578037807F800F804F8023A
:107AF000F806F801F805F803F80704000404040286
:107B000004060401040504030407840084048402B9
:107B100084068401840584038407440044044402E9
:107B200044064401440544034407C400C404C40299
:107B3000C406C401C405C403C407240024042402E9
:107B400024062401240524032407A400A404A40279
:107B5000A406A401A405A403A407640064046402A9
:107B600064066401640564036407E400E404E40259
:107B7000E406E401E405E403E40714001404140239
:107B800014061401140514031407940094049402B9
:107B900094069401940594039407540054045402E9
:107BA00054065401540554035407D400D404D40299
:107BB000D406D401D405D403D407340034043402E9
:107BC00034063401340534033407B400B404B40279
:107BD000B406B401B405B403B407740074047402A9
:107BE00074067401740574037407F400F404F40259
:107BF000F406F401F405F403F4070C000C040C0281
:107C00000C060C010C050C030C078C008C048C0278
:107C10008C068C018C058C038C074C004C044C02A8
:107C20004C064C014C054C034C07CC00CC04CC0258
:107C3000CC06CC01CC05CC03CC072C002C042C02A8
:107C40002C062C012C052C032C07AC00AC04AC0238
:107C5000AC06AC01AC05AC03AC076C006C046C0268
:107C60006C066C016C056C036C07EC00EC04EC0218
:107C7000EC06EC01EC05EC03EC071C001C041C02F8
:107C80001C061C011C051C031C079C009C049C0278
:107C90009C069C019C059C039C075C005C045C02A8
:107CA0005C065C015C055C035C07DC00DC04DC0258
:107CB000DC06DC01DC05DC03DC073C003C043C02A8
:107CC0003C063C013C053C033C07BC00BC04BC0238
:107CD000BC06BC01BC05BC03BC077C007C047C0268
:107CE0007C067C017C057C037C07FC00FC04FC0218
:107CF000FC06FC01FC05FC03FC0702000204020276
:107D000002060201020502030207820082048202C7
:107D100082068201820582038207420042044202F7
:107D200042064201420542034207C200C204C202A7
:107D3000C206C201C205C203C207220022042202F7
:107D400022062201220522032207A200A204A20287
:107D5000A206A201A205A203A207620062046202B7
:107D600062066201620562036207E200E204E20267
:107D7000E206E201E205E203E20712001204120247
:107D800012061201120512031207920092049202C7
:107D900092069201920592039207520052045202F7
:107DA00052065201520552035207D200D204D202A7
:107DB000D206D201D205D203D207320032043202F7
:107DC00032063201320532033207B200B204B20287
:107DD000B206B201B205B203B207720072047202B7
:107DE00072067201720572037207F200F204F20267
:107DF000F206F201F205F203F2070A000A040A028F
:107E00000A060A010A050A030A078A008A048A0286
:107E10008A068A018A058A038A074A004A044A02B6
:107E20004A064A014A054A034A07CA00CA04CA0266
:107E3000CA06CA01CA05CA03CA072A002A042A02B6
:107E40002A062A012A052A032A07AA00AA04AA0246
:107E5000AA06AA01AA05AA03AA076A006A046A0276
:107E60006A066A016A056A036A07EA00EA04EA0226
:107E7000EA06EA01EA05EA03EA071A001A041A0206
:107E80001A061A011A051A031A079A009A049A0286
:107E90009A069A019A059A039A075A005A045A02B6
:107EA0005A065A015A055A035A07DA00DA04DA0266
:107EB000DA06DA01DA05DA03DA073A003A043A02B6
:107EC0003A063A013A053A033A07BA00BA04BA0246
:107ED000BA06BA01BA05BA03BA077A007A047A0276
:107EE0007A067A017A057A037A07FA00FA04FA0226
:107EF000FA06FA01FA05FA03FA0706000604060272
:107F000006060601060506030607860086048602A5
:107F100086068601860586038607460046044602D5
:107F200046064601460546034607C600C604C60285
:107F3000C606C601C605C603C607260026042602D5
:107F400026062601260526032607A600A604A60265
:107F5000A606A601A605A603A60766006604660295
:107F600066066601660566036607E600E604E60245
:107F7000E606E601E605E603E60716001604160225
:107F800016061601160516031607960096049602A5
:107F900096069601960596039607560056045602D5
:107FA00056065601560556035607D600D604D60285
:107FB000D606D601D605D603D607360036043602D5
:107FC00036063601360536033607B600B604B60265
:107FD000B606B601B605B603B60776007604760295
:107FE00076067601760576037607F600F604F60245
:107FF000F606F601F605F603F6070E000E040E026D
:108000000E060E010E050E030E078E008E048E0264
:108010008E068E018E058E038E074E004E044E0294
:108020004E064E014E054E034E07CE00CE04CE0244
:10803000CE06CE01CE05CE03CE072E002E042E0294
:108040002E062E012E052E032E07AE00AE04AE0224
:10805000AE06AE01AE05AE03AE076E006E046E0254
:108060006E066E016E056E036E07EE00EE04EE0204
:10807000EE06EE01EE05EE03EE071E001E041E02E4
:108080001E061E011E051E031E079E009E049E0264
:108090009E069E019E059E039E075E005E045E0294
:1080A0005E065E015E055E035E07DE00DE04DE0244
:1080B000DE06DE01DE05DE03DE073E003E043E0294
:1080C0003E063E013E053E033E07BE00BE04BE0224
:1080D000BE06BE01BE05BE03BE077E007E047E0254
:1080E0007E067E017E057E037E07FE00FE04FE0204
:1080F000FE06FE01FE05FE03FE0701000000803FB4
:10810000000000005E836C3F15EFC33EF304353F73
:10811000F304353F15EFC33E5E836C3F0000000063
:108120000000803F15EFC3BE5E836C3FF30435BF94
:10813000F304353F5E836CBF15EFC33E000080BF84
:10814000000000005E836CBF15EFC3BEF30435BFB3
:10815000F30435BF15EFC3BE5E836CBF0000008023
:10816000000080BF15EFC33E5E836CBFF304353F54
:10817000F30435BF5E836C3F15EFC3BE0000803F44
:1081800000000000BE147B3FC2C5473E5E836C3FCB
:1081900015EFC33E31DB543FDA390E3FF304353F70
:1081A000F304353FDA390E3F31DB543F15EFC33E60
:1081B0005E836C3FC2C5473EBE147B3F000000009B
:1081C0000000803FC2C547BEBE147B3F15EFC3BE53
:1081D0005E836C3FDA390EBF31DB543FF30435BFA9
:1081E000F304353F31DB54BFDA390E3F5E836CBF99
:1081F00015EFC33EBE147BBFC2C5473E000080BF23
:1082000000000000BE147BBFC2C547BE5E836CBFCA
:1082100015EFC3BE31DB54BFDA390EBFF30435BFEF
:10822000F30435BFDA390EBF31DB54BF15EFC3BEDF
:108230005E836CBFC2C547BEBE147BBF000000801A
:10824000000080BFC2C5473EBE147BBF15EFC33ED2
:108250005E836CBFDA390E3F31DB54BFF304353F28
:10826000F30435BF31DB543FDA390EBF5E836C3F18
:1082700015EFC3BEBE147B3FC2C547BE0000803FA2
:10828000000000006DC47E3F36BDC83DBE147B3F7C
:10829000C2C5473E0BFA743F31A0943E5E836C3FEB
:1082A00015EFC33E98C5613FEA5AF13E31DB543FBA
:1082B000DA390E3F03E4453F9967223FF304353F27
:1082C000F304353F9967223F03E4453FDA390E3F17
:1082D00031DB543FEA5AF13E98C5613F15EFC33E8A
:1082E0005E836C3F31A0943E0BFA743FC2C5473E9B
:1082F000BE147B3F36BDC83D6DC47E3F000000000C
:108300000000803F36BDC8BD6DC47E3FC2C547BEBC
:10831000BE147B3F31A094BE0BFA743F15EFC3BE71
:108320005E836C3FEA5AF1BE98C5613FDA390EBFF1
:1083300031DB543F996722BF03E4453FF30435BF67
:10834000F304353F03E445BF9967223F31DB54BF57
:10835000DA390E3F98C561BFEA5AF13E5E836CBFC1
:1083600015EFC33E0BFA74BF31A0943EBE147BBF21
:10837000C2C5473E6DC47EBF36BDC83D000080BF4C
:10838000000000006DC47EBF36BDC8BDBE147BBFFB
:10839000C2C547BE0BFA74BF31A094BE5E836CBFEA
:1083A00015EFC3BE98C561BFEA5AF1BE31DB54BFB9
:1083B000DA390EBF03E445BF996722BFF30435BF26
:1083C000F30435BF996722BF03E445BFDA390EBF16
:1083D00031DB54BFEA5AF1BE98C561BF15EFC3BE89
:1083E0005E836CBF31A094BE0BFA74BFC2C547BE9A
:1083F000BE147BBF36BDC8BD6DC47EBF000000800B
:10840000000080BF36BDC83D6DC47EBFC2C5473EBB
:10841000BE147BBF31A0943E0BFA74BF15EFC33E70
:108420005E836CBFEA5AF13E98C561BFDA390E3FF0
:1084300031DB54BF9967223F03E445BFF304353F66
:10844000F30435BF03E4453F996722BF31DB543F56
:10845000DA390EBF98C5613FEA5AF1BE5E836C3FC0
:1084600015EFC3BE0BFA743F31A094BEBE147B3F20
:10847000C2C547BE6DC47E3F36BDC8BD0000803F4B
:10848000000000000FB17F3F2FFB483D6DC47E3FD1
:1084900036BDC83DAC3A7D3F8340163EBE147B3F9F
:1084A000C2C5473EF853783FCCCF783E0BFA743FB5
:1084B00031A0943E0809713FD47CAC3E5E836C3F92
:1084C00015EFC33ED86B673F80E8DA3E98C5613F41
:1084D000EA5AF13E1A945B3F3D9C033F31DB543F27
:1084E000DA390E3F029F4D3FC07F183F03E4453FFE
:1084F0009967223FF9AE3D3F4AEB2B3FF304353FEE
:10850000F304353F4AEB2B3FF9AE3D3F9967223FDD
:1085100003E4453FC07F183F029F4D3FDA390E3FCD
:1085200031DB543F3D9C033F1A945B3FEA5AF13ED6
:1085300098C5613F80E8DA3ED86B673F15EFC33ED0
:108540005E836C3FD47CAC3E0809713F31A0943E01
:108550000BFA743FCCCF783EF853783FC2C5473E04
:10856000BE147B3F8340163EAC3A7D3F36BDC83DCE
:108570006DC47E3F2FFB483D0FB17F3F00000000E0
:108580000000803F2FFB48BD0FB17F3F36BDC8BD07
:108590006DC47E3F834016BEAC3A7D3FC2C547BE28
:1085A000BE147B3FCCCF78BEF853783F31A094BE49
:1085B0000BFA743FD47CACBE0809713F15EFC3BE03
:1085C0005E836C3F80E8DABED86B673FEA5AF1BE43
:1085D00098C5613F3D9C03BF1A945B3FDA390EBFDB
:1085E00031DB543FC07F18BF029F4D3F996722BFC8
:1085F00003E4453F4AEB2BBFF9AE3D3FF30435BFE3
:10860000F304353FF9AE3DBF4AEB2B3F03E445BFD2
:108610009967223F029F4DBFC07F183F31DB54BF97
:10862000DA390E3F1A945BBF3D9C033F98C561BF8A
:10863000EA5AF13ED86B67BF80E8DA3E5E836CBFD2
:1086400015EFC33E080971BFD47CAC3E0BFA74BF72
:1086500031A0943EF85378BFCCCF783EBE147BBF98
:10866000C2C5473EAC3A7DBF8340163E6DC47EBF57
:1086700036BDC83D0FB17FBF2FFB483D000080BF16
:10868000000000000FB17FBF2FFB48BD6DC47EBF4F
:1086900036BDC8BDAC3A7DBF834016BEBE147BBF9D
:1086A000C2C547BEF85378BFCCCF78BE0BFA74BFB3
:1086B00031A094BE080971BFD47CACBE5E836CBF90
:1086C00015EFC3BED86B67BF80E8DABE98C561BF3F
:1086D000EA5AF1BE1A945BBF3D9C03BF31DB54BF25
:1086E000DA390EBF029F4DBFC07F18BF03E445BFFC
:1086F000996722BFF9AE3DBF4AEB2BBFF30435BFEC
:10870000F30435BF4AEB2BBFF9AE3DBF996722BFDB
:1087100003E445BFC07F18BF029F4DBFDA390EBFCB
:1087200031DB54BF3D9C03BF1A945BBFEA5AF1BED4
:1087300098C561BF80E8DABED86B67BF15EFC3BECE
:108740005E836CBFD47CACBE080971BF31A094BEFF
:108750000BFA74BFCCCF78BEF85378BFC2C547BE02
:10876000BE147BBF834016BEAC3A7DBF36BDC8BDCC
:108770006DC47EBF2FFB48BD0FB17FBF00000080DE
:10878000000080BF2FFB483D0FB17FBF36BDC83D05
:108790006DC47EBF8340163EAC3A7DBFC2C5473E26
:1087A000BE147BBFCCCF783EF85378BF31A0943E47
:1087B0000BFA74BFD47CAC3E080971BF15EFC33E01
:1087C0005E836CBF80E8DA3ED86B67BFEA5AF13E41
:1087D00098C561BF3D9C033F1A945BBFDA390E3FD9
:1087E00031DB54BFC07F183F029F4DBF9967223FC6
:1087F00003E445BF4AEB2B3FF9AE3DBFF304353FE1
:10880000F30435BFF9AE3D3F4AEB2BBF03E4453FD0
:10881000996722BF029F4D3FC07F18BF31DB543F95
:10882000DA390EBF1A945B3F3D9C03BF98C5613F88
:10883000EA5AF1BED86B673F80E8DABE5E836C3FD0
:1088400015EFC3BE0809713FD47CACBE0BFA743F70
:1088500031A094BEF853783FCCCF78BEBE147B3F96
:10886000C2C547BEAC3A7D3F834016BE6DC47E3F55
:1088700036BDC8BD0FB17F3F2FFB48BD0000803F14
:108880000000000043EC7F3FB00AC93C0FB17F3FBE
:108890002FFB483D6D4E7F3F05A9963D6DC47E3F41
:1088A00036BDC83D24137E3F73B2FA3DAC3A7D3FDE
:1088B0008340163E283B7C3FA2102F3EBE147B3FD8
:1088C000C2C5473E9DC7793F135C603EF853783F71
:1088D000CCCF783E07BA763F938E883E0BFA743F32
:1088E00031A0943E4714733FE59AA03E0809713FBA
:1088F000D47CAC3E9ED86E3F2A44B83E5E836C3F2B
:1089000015EFC33EA7096A3FCA7BCF3ED86B673FCE
:1089100080E8DA3E59AA643F7533E63E98C5613F68
:10892000EA5AF13E05BE5E3F275DFC3E1A945B3F6E
:108930003D9C033F5348583F9BF5083F31DB543F74
:10894000DA390E3F3D4D513F2A68133F029F4D3F9C
:10895000C07F183F12D1493FD17F1D3F03E4453FFF
:108960009967223F70D8413F5636273FF9AE3D3FC9
:108970004AEB2B3F4268393FBB85303FF304353F1C
:10898000F304353FBB85303F4268393F4AEB2B3F0C
:10899000F9AE3D3F5636273F70D8413F9967223F99
:1089A00003E4453FD17F1D3F12D1493FC07F183FAF
:1089B000029F4D3F2A68133F3D4D513FDA390E3F2C
:1089C00031DB543F9BF5083F5348583F3D9C033FE4
:1089D0001A945B3F275DFC3E05BE5E3FEA5AF13EBE
:1089E00098C5613F7533E63E59AA643F80E8DA3E98
:1089F000D86B673FCA7BCF3EA7096A3F15EFC33EDE
:108A00005E836C3F2A44B83E9ED86E3FD47CAC3E19
:108A10000809713FE59AA03E4714733F31A0943E88
:108A20000BFA743F938E883E07BA763FCCCF783EE0
:108A3000F853783F135C603E9DC7793FC2C5473EFF
:108A4000BE147B3FA2102F3E283B7C3F8340163E46
:108A5000AC3A7D3F73B2FA3D24137E3F36BDC83D2C
:108A60006DC47E3F05A9963D6D4E7F3F2FFB483D6F
:108A70000FB17F3FB00AC93C43EC7F3F00000000CC
:108A80000000803FB00AC9BC43EC7F3F2FFB48BDCC
:108A90000FB17F3F05A996BD6D4E7F3F36BDC8BD66
:108AA0006DC47E3F73B2FABD24137E3F834016BE71
:108AB000AC3A7D3FA2102FBE283B7C3FC2C547BECB
:108AC000BE147B3F135C60BE9DC7793FCCCF78BEA0
:108AD000F853783F938E88BE07BA763F31A094BE94
:108AE0000BFA743FE59AA0BE4714733FD47CACBE2A
:108AF0000809713F2A44B8BE9ED86E3F15EFC3BE29
:108B00005E836C3FCA7BCFBEA7096A3F80E8DABEAE
:108B1000D86B673F7533E6BE59AA643FEA5AF1BE87
:108B200098C5613F275DFCBE05BE5E3F3D9C03BF0F
:108B30001A945B3F9BF508BF5348583FDA390EBF84
:108B400031DB543F2A6813BF3D4D513FC07F18BFF2
:108B5000029F4D3FD17F1DBF12D1493F996722BF70
:108B600003E4453F563627BF70D8413F4AEB2BBF41
:108B7000F9AE3D3FBB8530BF4268393FF30435BF96
:108B8000F304353F426839BFBB85303FF9AE3DBF86
:108B90004AEB2B3F70D841BF5636273F03E445BF11
:108BA0009967223F12D149BFD17F1D3F029F4DBF20
:108BB000C07F183F3D4D51BF2A68133F31DB54BF82
:108BC000DA390E3F534858BF9BF5083F1A945BBFF4
:108BD0003D9C033F05BE5EBF275DFC3E98C561BF5F
:108BE000EA5AF13E59AA64BF7533E63ED86B67BFB7
:108BF00080E8DA3EA7096ABFCA7BCF3E5E836CBFBE
:108C000015EFC33E9ED86EBF2A44B83E080971BF17
:108C1000D47CAC3E471473BFE59AA03E0BFA74BFF8
:108C200031A0943E07BA76BF938E883EF85378BF42
:108C3000CCCF783E9DC779BF135C603EBE147BBF2E
:108C4000C2C5473E283B7CBFA2102F3EAC3A7DBF39
:108C50008340163E24137EBF73B2FA3D6DC47EBFBF
:108C600036BDC83D6D4E7FBF05A9963D0FB17FBF94
:108C70002FFB483D43EC7FBFB00AC93C000080BFDA
:108C80000000000043EC7FBFB00AC9BC0FB17FBF3A
:108C90002FFB48BD6D4E7FBF05A996BD6DC47EBF3D
:108CA00036BDC8BD24137EBF73B2FABDAC3A7DBFDA
:108CB000834016BE283B7CBFA2102FBEBE147BBFD4
:108CC000C2C547BE9DC779BF135C60BEF85378BF6D
:108CD000CCCF78BE07BA76BF938E88BE0BFA74BF2E
:108CE00031A094BE471473BFE59AA0BE080971BFB6
:108CF000D47CACBE9ED86EBF2A44B8BE5E836CBF27
:108D000015EFC3BEA7096ABFCA7BCFBED86B67BFCA
:108D100080E8DABE59AA64BF7533E6BE98C561BF64
:108D2000EA5AF1BE05BE5EBF275DFCBE1A945BBF6A
:108D30003D9C03BF534858BF9BF508BF31DB54BF70
:108D4000DA390EBF3D4D51BF2A6813BF029F4DBF98
:108D5000C07F18BF12D149BFD17F1DBF03E445BFFB
:108D6000996722BF70D841BF563627BFF9AE3DBFC5
:108D70004AEB2BBF426839BFBB8530BFF30435BF18
:108D8000F30435BFBB8530BF426839BF4AEB2BBF08
:108D9000F9AE3DBF563627BF70D841BF996722BF95
:108DA00003E445BFD17F1DBF12D149BFC07F18BFAB
:108DB000029F4DBF2A6813BF3D4D51BFDA390EBF28
:108DC00031DB54BF9BF508BF534858BF3D9C03BFE0
:108DD0001A945BBF275DFCBE05BE5EBFEA5AF1BEBA
:108DE00098C561BF7533E6BE59AA64BF80E8DABE94
:108DF000D86B67BFCA7BCFBEA7096ABF15EFC3BEDA
:108E00005E836CBF2A44B8BE9ED86EBFD47CACBE15
:108E1000080971BFE59AA0BE471473BF31A094BE84
:108E20000BFA74BF938E88BE07BA76BFCCCF78BEDC
:108E3000F85378BF135C60BE9DC779BFC2C547BEFB
:108E4000BE147BBFA2102FBE283B7CBF834016BE42
:108E5000AC3A7DBF73B2FABD24137EBF36BDC8BD28
:108E60006DC47EBF05A996BD6D4E7FBF2FFB48BD6B
:108E70000FB17FBFB00AC9BC43EC7FBF00000080C8
:108E8000000080BFB00AC93C43EC7FBF2FFB483DC8
:108E90000FB17FBF05A9963D6D4E7FBF36BDC83D62
:108EA0006DC47EBF73B2FA3D24137EBF8340163E6D
:108EB000AC3A7DBFA2102F3E283B7CBFC2C5473EC7
:108EC000BE147BBF135C603E9DC779BFCCCF783E9C
:108ED000F85378BF938E883E07BA76BF31A0943E90
:108EE0000BFA74BFE59AA03E471473BFD47CAC3E26
:108EF000080971BF2A44B83E9ED86EBF15EFC33E25
:108F00005E836CBFCA7BCF3EA7096ABF80E8DA3EAA
:108F1000D86B67BF7533E63E59AA64BFEA5AF13E83
:108F200098C561BF275DFC3E05BE5EBF3D9C033F0B
:108F30001A945BBF9BF5083F534858BFDA390E3F80
:108F400031DB54BF2A68133F3D4D51BFC07F183FEE
:108F5000029F4DBFD17F1D3F12D149BF9967223F6C
:108F600003E445BF5636273F70D841BF4AEB2B3F3D
:108F7000F9AE3DBFBB85303F426839BFF304353F92
:108F8000F30435BF4268393FBB8530BFF9AE3D3F82
:108F90004AEB2BBF70D8413F563627BF03E4453F0D
:108FA000996722BF12D1493FD17F1DBF029F4D3F1C
:108FB000C07F18BF3D4D513F2A6813BF31DB543F7E
:108FC000DA390EBF5348583F9BF508BF1A945B3FF0
:108FD0003D9C03BF05BE5E3F275DFCBE98C5613F5B
:108FE000EA5AF1BE59AA643F7533E6BED86B673FB3
:108FF00080E8DABEA7096A3FCA7BCFBE5E836C3FBA
:1090000015EFC3BE9ED86E3F2A44B8BE0809713F13
:10901000D47CACBE4714733FE59AA0BE0BFA743FF4
:1090200031A094BE07BA763F938E88BEF853783F3E
:10903000CCCF78BE9DC7793F135C60BEBE147B3F2A
:10904000C2C547BE283B7C3FA2102FBEAC3A7D3F35
:10905000834016BE24137E3F73B2FABD6DC47E3FBB
:1090600036BDC8BD6D4E7F3F05A996BD0FB17F3F90
:109070002FFB48BD43EC7F3FB00AC9BC0000803FD6
:109080000000000011FB7F3F900E493C43EC7F3F06
:10909000B00AC93C98D37F3F2CC3163D0FB17F3F28
:1090A0002FFB483DAB847F3F742B7B3D6D4E7F3F54
:1090B00005A9963D580E7F3F80B6AF3D6DC47E3FFB
:1090C00036BDC83DB0707E3F2EBCE13D24137E3FCF
:1090D00073B2FA3DCCAB7D3F86CF093EAC3A7D3FC3
:1090E0008340163EC9BF7C3FB6AB223E283B7C3F47
:1090F000A2102F3ECDAC7B3FCF6E3B3EBE147B3FDC
:10910000C2C5473E02737A3F0115543E9DC7793F61
:10911000135C603E9812793F7F9A6C3EF853783F1B
:10912000CCCF783EC58B773FC07D823E07BA763F75
:10913000938E883EC6DE753F229A8E3E0BFA743FB0
:1091400031A0943EDD0B743F86A09A3E4714733FD6
:10915000E59AA03E5213723F128FA63E0809713F56
:10916000D47CAC3E73F56F3FEF63B23E9ED86E3F4A
:109170002A44B83E93B26D3F4A1DBE3E5E836C3FAB
:1091800015EFC33E0C4B6B3F53B9C93EA7096A3F6D
:10919000CA7BCF3E3CBF683F4136D53ED86B673F68
:1091A00080E8DA3E880F663F4F92E03E59AA643F5E
:1091B0007533E63E5A3C633FBBCBEB3E98C5613FFF
:1091C000EA5AF13E2146603FCBE0F63E05BE5E3FE7
:1091D000275DFC3E532D5D3FE4E7003F1A945B3F63
:1091E0003D9C033F6AF2593F824B063F5348583F2C
:1091F0009BF5083FE595563F6B9A0B3F31DB543F9B
:10920000DA390E3F4918533FCDD3103F3D4D513F02
:109210002A68133F1F7A4F3FD9F6153F029F4D3FF3
:10922000C07F183FF8BB4B3FC6021B3F12D1493FDE
:10923000D17F1D3F65DE473FCBF61F3F03E4453F2F
:109240009967223F00E2433F25D2243F70D8413F37
:109250005636273F67C73F3F1594293FF9AE3D3F3C
:109260004AEB2B3F3B8F3B3FDE3B2E3F4268393F73
:10927000BB85303F233A373FC9C8323FF304353FFF
:10928000F304353FC9C8323F233A373FBB85303FEF
:109290004268393FDE3B2E3F3B8F3B3F4AEB2B3F43
:1092A000F9AE3D3F1594293F67C73F3F5636273FEC
:1092B00070D8413F25D2243F00E2433F9967223FC7
:1092C00003E4453FCBF61F3F65DE473FD17F1D3F9F
:1092D00012D1493FC6021B3FF8BB4B3FC07F183F2E
:1092E000029F4D3FD9F6153F1F7A4F3F2A68133F23
:1092F0003D4D513FCDD3103F4918533FDA390E3F12
:1093000031DB543F6B9A0B3FE595563F9BF5083F89
:109310005348583F824B063F6AF2593F3D9C033FFA
:109320001A945B3FE4E7003F532D5D3F275DFC3E11
:1093300005BE5E3FCBE0F63E2146603FEA5AF13E75
:1093400098C5613FBBCBEB3E5A3C633F7533E63E6D
:1093500059AA643F4F92E03E880F663F80E8DA3EAC
:10936000D86B673F4136D53E3CBF683FCA7BCF3E96
:10937000A7096A3F53B9C93E0C4B6B3F15EFC33E7B
:109380005E836C3F4A1DBE3E93B26D3F2A44B83E99
:109390009ED86E3FEF63B23E73F56F3FD47CAC3E18
:1093A0000809713F128FA63E5213723FE59AA03E04
:1093B0004714733F86A09A3EDD0B743F31A0943E64
:1093C0000BFA743F229A8E3EC6DE753F938E883E1E
:1093D00007BA763FC07D823EC58B773FCCCF783EC3
:1093E000F853783F7F9A6C3E9812793F135C603E49
:1093F0009DC7793F0115543E02737A3FC2C5473E6F
:10940000BE147B3FCF6E3B3ECDAC7B3FA2102F3EC8
:10941000283B7C3FB6AB223EC9BF7C3F8340163E13
:10942000AC3A7D3F86CF093ECCAB7D3F73B2FA3D6F
:1094300024137E3F2EBCE13DB0707E3F36BDC83D5B
:109440006DC47E3F80B6AF3D580E7F3F05A9963D67
:109450006D4E7F3F742B7B3DAB847F3F2FFB483DA0
:109460000FB17F3F2CC3163D98D37F3FB00AC93C54
:1094700043EC7F3F900E493C11FB7F3F0000000012
:109480000000803F900E49BC11FB7F3FB00AC9BC71
:1094900043EC7F3F2CC316BD98D37F3F2FFB48BDC5
:1094A0000FB17F3F742B7BBDAB847F3F05A996BD79
:1094B0006D4E7F3F80B6AFBD580E7F3F36BDC8BDF5
:1094C0006DC47E3F2EBCE1BDB0707E3F73B2FABD6D
:1094D00024137E3F86CF09BECCAB7D3F834016BEB2
:1094E000AC3A7D3FB6AB22BEC9BF7C3FA2102FBEB7
:1094F000283B7C3FCF6E3BBECDAC7B3FC2C547BE59
:10950000BE147B3F011554BE02737A3F135C60BEEC
:109510009DC7793F7F9A6CBE9812793FCCCF78BEB9
:10952000F853783FC07D82BEC58B773F938E88BE4F
:1095300007BA763F229A8EBEC6DE753F31A094BE32
:109540000BFA743F86A09ABEDD0B743FE59AA0BE6D
:109550004714733F128FA6BE5213723FD47CACBE29
:109560000809713FEF63B2BE73F56F3F2A44B8BE7E
:109570009ED86E3F4A1DBEBE93B26D3F15EFC3BE6F
:109580005E836C3F53B9C9BE0C4B6B3FCA7BCFBEE9
:10959000A7096A3F4136D5BE3CBF683F80E8DABEC6
:1095A000D86B673F4F92E0BE880F663F7533E6BECB
:1095B00059AA643FBBCBEBBE5A3C633FEA5AF1BEAB
:1095C00098C5613FCBE0F6BE2146603F275DFCBEFB
:1095D00005BE5E3FE4E700BF532D5D3F3D9C03BFEA
:1095E0001A945B3F824B06BF6AF2593F9BF508BF56
:1095F0005348583F6B9A0BBFE595563FDA390EBF7B
:1096000031DB543FCDD310BF4918533F2A6813BFF5
:109610003D4D513FD9F615BF1F7A4F3FC07F18BF50
:10962000029F4D3FC6021BBFF8BB4B3FD17F1DBF02
:1096300012D1493FCBF61FBF65DE473F996722BF76
:1096400003E4453F25D224BF00E2433F563627BFFF
:1096500070D8413F159429BF67C73F3F4AEB2BBFE6
:10966000F9AE3D3FDE3B2EBF3B8F3B3FBB8530BF5E
:109670004268393FC9C832BF233A373FF30435BF88
:10968000F304353F233A37BFC9C8323F426839BF78
:10969000BB85303F3B8F3BBFDE3B2E3FF9AE3DBF2E
:1096A0004AEB2B3F67C73FBF1594293F70D841BF96
:1096B0005636273F00E243BF25D2243F03E445BF8F
:1096C0009967223F65DE47BFCBF61F3F12D149BFE6
:1096D000D17F1D3FF8BB4BBFC6021B3F029F4DBF52
:1096E000C07F183F1F7A4FBFD9F6153F3D4D51BF80
:1096F0002A68133F491853BFCDD3103F31DB54BF05
:10970000DA390E3FE59556BF6B9A0B3F534858BF69
:109710009BF5083F6AF259BF824B063F1A945BBF24
:109720003D9C033F532D5DBFE4E7003F05BE5EBF98
:10973000275DFC3E214660BFCBE0F63E98C561BF89
:10974000EA5AF13E5A3C63BFBBCBEB3E59AA64BF19
:109750007533E63E880F66BF4F92E03ED86B67BF19
:1097600080E8DA3E3CBF68BF4136D53EA7096ABFF4
:10977000CA7BCF3E0C4B6BBF53B9C93E5E836CBFF7
:1097800015EFC33E93B26DBF4A1DBE3E9ED86EBF5D
:109790002A44B83E73F56FBFEF63B23E080971BF4C
:1097A000D47CAC3E521372BF128FA63E471473BFD7
:1097B000E59AA03EDD0B74BF86A09A3E0BFA74BFFB
:1097C00031A0943EC6DE75BF229A8E3E07BA76BFA0
:1097D000938E883EC58B77BFC07D823EF85378BF9D
:1097E000CCCF783E981279BF7F9A6C3E9DC779BFE7
:1097F000135C603E02737ABF0115543EBE147BBFFA
:10980000C2C5473ECDAC7BBFCF6E3B3E283B7CBF45
:10981000A2102F3EC9BF7CBFB6AB223EAC3A7DBF83
:109820008340163ECCAB7DBF86CF093E24137EBF5E
:1098300073B2FA3DB0707EBF2EBCE13D6DC47EBFF9
:1098400036BDC83D580E7FBF80B6AF3D6D4E7FBF61
:1098500005A9963DAB847FBF742B7B3D0FB17FBFC5
:109860002FFB483D98D37FBF2CC3163D43EC7FBFF1
:10987000B00AC93C11FB7FBF900E493C000080BF7D
:109880000000000011FB7FBF900E49BC43EC7FBF7E
:10989000B00AC9BC98D37FBF2CC316BD0FB17FBF20
:1098A0002FFB48BDAB847FBF742B7BBD6D4E7FBF4C
:1098B00005A996BD580E7FBF80B6AFBD6DC47EBFF3
:1098C00036BDC8BDB0707EBF2EBCE1BD24137EBFC7
:1098D00073B2FABDCCAB7DBF86CF09BEAC3A7DBFBB
:1098E000834016BEC9BF7CBFB6AB22BE283B7CBF3F
:1098F000A2102FBECDAC7BBFCF6E3BBEBE147BBFD4
:10990000C2C547BE02737ABF011554BE9DC779BF59
:10991000135C60BE981279BF7F9A6CBEF85378BF13
:10992000CCCF78BEC58B77BFC07D82BE07BA76BF6D
:10993000938E88BEC6DE75BF229A8EBE0BFA74BFA8
:1099400031A094BEDD0B74BF86A09ABE471473BFCE
:10995000E59AA0BE521372BF128FA6BE080971BF4E
:10996000D47CACBE73F56FBFEF63B2BE9ED86EBF42
:109970002A44B8BE93B26DBF4A1DBEBE5E836CBFA3
:1099800015EFC3BE0C4B6BBF53B9C9BEA7096ABF65
:10999000CA7BCFBE3CBF68BF4136D5BED86B67BF60
:1099A00080E8DABE880F66BF4F92E0BE59AA64BF56
:1099B0007533E6BE5A3C63BFBBCBEBBE98C561BFF7
:1099C000EA5AF1BE214660BFCBE0F6BE05BE5EBFDF
:1099D000275DFCBE532D5DBFE4E700BF1A945BBF5B
:1099E0003D9C03BF6AF259BF824B06BF534858BF24
:1099F0009BF508BFE59556BF6B9A0BBF31DB54BF93
:109A0000DA390EBF491853BFCDD310BF3D4D51BFFA
:109A10002A6813BF1F7A4FBFD9F615BF029F4DBFEB
:109A2000C07F18BFF8BB4BBFC6021BBF12D149BFD6
:109A3000D17F1DBF65DE47BFCBF61FBF03E445BF27
:109A4000996722BF00E243BF25D224BF70D841BF2F
:109A5000563627BF67C73FBF159429BFF9AE3DBF34
:109A60004AEB2BBF3B8F3BBFDE3B2EBF426839BF6B
:109A7000BB8530BF233A37BFC9C832BFF30435BFF7
:109A8000F30435BFC9C832BF233A37BFBB8530BFE7
:109A9000426839BFDE3B2EBF3B8F3BBF4AEB2BBF3B
:109AA000F9AE3DBF159429BF67C73FBF563627BFE4
:109AB00070D841BF25D224BF00E243BF996722BFBF
:109AC00003E445BFCBF61FBF65DE47BFD17F1DBF97
:109AD00012D149BFC6021BBFF8BB4BBFC07F18BF26
:109AE000029F4DBFD9F615BF1F7A4FBF2A6813BF1B
:109AF0003D4D51BFCDD310BF491853BFDA390EBF0A
:109B000031DB54BF6B9A0BBFE59556BF9BF508BF81
:109B1000534858BF824B06BF6AF259BF3D9C03BFF2
:109B20001A945BBFE4E700BF532D5DBF275DFCBE09
:109B300005BE5EBFCBE0F6BE214660BFEA5AF1BE6D
:109B400098C561BFBBCBEBBE5A3C63BF7533E6BE65
:109B500059AA64BF4F92E0BE880F66BF80E8DABEA4
:109B6000D86B67BF4136D5BE3CBF68BFCA7BCFBE8E
:109B7000A7096ABF53B9C9BE0C4B6BBF15EFC3BE73
:109B80005E836CBF4A1DBEBE93B26DBF2A44B8BE91
:109B90009ED86EBFEF63B2BE73F56FBFD47CACBE10
:109BA000080971BF128FA6BE521372BFE59AA0BEFC
:109BB000471473BF86A09ABEDD0B74BF31A094BE5C
:109BC0000BFA74BF229A8EBEC6DE75BF938E88BE16
:109BD00007BA76BFC07D82BEC58B77BFCCCF78BEBB
:109BE000F85378BF7F9A6CBE981279BF135C60BE41
:109BF0009DC779BF011554BE02737ABFC2C547BE67
:109C0000BE147BBFCF6E3BBECDAC7BBFA2102FBEC0
:109C1000283B7CBFB6AB22BEC9BF7CBF834016BE0B
:109C2000AC3A7DBF86CF09BECCAB7DBF73B2FABD67
:109C300024137EBF2EBCE1BDB0707EBF36BDC8BD53
:109C40006DC47EBF80B6AFBD580E7FBF05A996BD5F
:109C50006D4E7FBF742B7BBDAB847FBF2FFB48BD98
:109C60000FB17FBF2CC316BD98D37FBFB00AC9BC4C
:109C700043EC7FBF900E49BC11FB7FBF000000800A
:109C8000000080BF900E493C11FB7FBFB00AC93C69
:109C900043EC7FBF2CC3163D98D37FBF2FFB483DBD
:109CA0000FB17FBF742B7B3DAB847FBF05A9963D71
:109CB0006D4E7FBF80B6AF3D580E7FBF36BDC83DED
:109CC0006DC47EBF2EBCE13DB0707EBF73B2FA3D65
:109CD00024137EBF86CF093ECCAB7DBF8340163EAA
:109CE000AC3A7DBFB6AB223EC9BF7CBFA2102F3EAF
:109CF000283B7CBFCF6E3B3ECDAC7BBFC2C5473E51
:109D0000BE147BBF0115543E02737ABF135C603EE4
:109D10009DC779BF7F9A6C3E981279BFCCCF783EB1
:109D2000F85378BFC07D823EC58B77BF938E883E47
:109D300007BA76BF229A8E3EC6DE75BF31A0943E2A
:109D40000BFA74BF86A09A3EDD0B74BFE59AA03E65
:109D5000471473BF128FA63E521372BFD47CAC3E21
:109D6000080971BFEF63B23E73F56FBF2A44B83E76
:109D70009ED86EBF4A1DBE3E93B26DBF15EFC33E67
:109D80005E836CBF53B9C93E0C4B6BBFCA7BCF3EE1
:109D9000A7096ABF4136D53E3CBF68BF80E8DA3EBE
:109DA000D86B67BF4F92E03E880F66BF7533E63EC3
:109DB00059AA64BFBBCBEB3E5A3C63BFEA5AF13EA3
:109DC00098C561BFCBE0F63E214660BF275DFC3EF3
:109DD00005BE5EBFE4E7003F532D5DBF3D9C033FE2
:109DE0001A945BBF824B063F6AF259BF9BF5083F4E
:109DF000534858BF6B9A0B3FE59556BFDA390E3F73
:109E000031DB54BFCDD3103F491853BF2A68133FED
:109E10003D4D51BFD9F6153F1F7A4FBFC07F183F48
:109E2000029F4DBFC6021B3FF8BB4BBFD17F1D3FFA
:109E300012D149BFCBF61F3F65DE47BF9967223F6E
:109E400003E445BF25D2243F00E243BF5636273FF7
:109E500070D841BF1594293F67C73FBF4AEB2B3FDE
:109E6000F9AE3DBFDE3B2E3F3B8F3BBFBB85303F56
:109E7000426839BFC9C8323F233A37BFF304353F80
:109E8000F30435BF233A373FC9C832BF4268393F70
:109E9000BB8530BF3B8F3B3FDE3B2EBFF9AE3D3F26
:109EA0004AEB2BBF67C73F3F159429BF70D8413F8E
:109EB000563627BF00E2433F25D224BF03E4453F87
:109EC000996722BF65DE473FCBF61FBF12D1493FDE
:109ED000D17F1DBFF8BB4B3FC6021BBF029F4D3F4A
:109EE000C07F18BF1F7A4F3FD9F615BF3D4D513F78
:109EF0002A6813BF4918533FCDD310BF31DB543FFD
:109F0000DA390EBFE595563F6B9A0BBF5348583F61
:109F10009BF508BF6AF2593F824B06BF1A945B3F1C
:109F20003D9C03BF532D5D3FE4E700BF05BE5E3F90
:109F3000275DFCBE2146603FCBE0F6BE98C5613F81
:109F4000EA5AF1BE5A3C633FBBCBEBBE59AA643F11
:109F50007533E6BE880F663F4F92E0BED86B673F11
:109F600080E8DABE3CBF683F4136D5BEA7096A3FEC
:109F7000CA7BCFBE0C4B6B3F53B9C9BE5E836C3FEF
:109F800015EFC3BE93B26D3F4A1DBEBE9ED86E3F55
:109F90002A44B8BE73F56F3FEF63B2BE0809713F44
:109FA000D47CACBE5213723F128FA6BE4714733FCF
:109FB000E59AA0BEDD0B743F86A09ABE0BFA743FF3
:109FC00031A094BEC6DE753F229A8EBE07BA763F98
:109FD000938E88BEC58B773FC07D82BEF853783F95
:109FE000CCCF78BE9812793F7F9A6CBE9DC7793FDF
:109FF000135C60BE02737A3F011554BEBE147B3FF2
:10A00000C2C547BECDAC7B3FCF6E3BBE283B7C3F3D
:10A01000A2102FBEC9BF7C3FB6AB22BEAC3A7D3F7B
:10A02000834016BECCAB7D3F86CF09BE24137E3F56
:10A0300073B2FABDB0707E3F2EBCE1BD6DC47E3FF1
:10A0400036BDC8BD580E7F3F80B6AFBD6D4E7F3F59
:10A0500005A996BDAB847F3F742B7BBD0FB17F3FBD
:10A060002FFB48BD98D37F3F2CC316BD43EC7F3FE9
:10A07000B00AC9BC11FB7F3F900E49BC0000803F75
:10A0800000000000C4FE7F3F890FC93B11FB7F3FEA
:10A09000900E493CE6F47F3FB6C9963C43EC7F3FC7
:10A0A000B00AC93C29E17F3FB949FB3C98D37F3FC7
:10A0B0002CC3163D8FC37F3F07E02F3D0FB17F3F7D
:10A0C0002FFB483D189C7F3F6814623DAB847F3F67
:10A0D000742B7B3DC76A7F3F0A208A3D6D4E7F3FD0
:10A0E00005A9963D9D2F7F3F8C30A33D580E7F3FA5
:10A0F00080B6AF3D9DEA7E3FC33ABC3D6DC47E3F16
:10A1000036BDC83DC99B7E3FB93DD53DB0707E3F51
:10A110002EBCE13D23437E3F7638EE3D24137E3F47
:10A1200073B2FA3DB1E07D3F0295033ECCAB7D3F7B
:10A1300086CF093E74747D3FB708103EAC3A7D3F30
:10A140008340163E73FE7C3FDE761C3EC9BF7C3FDB
:10A15000B6AB223EB07E7C3FFCDE283E283B7C3FF7
:10A16000A2102F3E31F57B3F9840353ECDAC7B3F72
:10A17000CF6E3B3EFC617B3F379B413EBE147B3F35
:10A18000C2C5473E16C57A3F60EE4D3E02737A3F28
:10A190000115543E841E7A3F97395A3E9DC7793F38
:10A1A000135C603E4E6E793F667C663E9812793F46
:10A1B0007F9A6C3E7BB4783F51B6723EF853783F3D
:10A1C000CCCF783E10F1773FE1E67E3EC58B773FFE
:10A1D000C07D823E1724773FCE86853E07BA763F04
:10A1E000938E883E974D763F07958B3EC6DE753F32
:10A1F000229A8E3E976D753FDD9D913E0BFA743F1E
:10A2000031A0943E2284743F17A1973EDD0B743F2A
:10A2100086A09A3E3F91733F789E9D3E4714733FC0
:10A22000E59AA03EF894723FC595A33E5213723F43
:10A23000128FA63E578F713FC486A93E0809713F11
:10A24000D47CAC3E6680703F3A71AF3E73F56F3F91
:10A25000EF63B23E30686F3FEC54B53E9ED86E3F20
:10A260002A44B83EBE466E3FA031BB3E93B26D3F1E
:10A270004A1DBE3E1D1C6D3F1E07C13E5E836C3FE6
:10A2800015EFC33E58E86B3F29D5C63E0C4B6B3FDC
:10A2900053B9C93E7BAB6A3F8B9BCC3EA7096A3F53
:10A2A000CA7BCF3E9165693F095AD23E3CBF683FA9
:10A2B0004136D53EA816683F6B10D83ED86B673F35
:10A2C00080E8DA3ECCBE663F79BEDD3E880F663F51
:10A2D0004F92E03E0B5E653FFA63E33E59AA643F4E
:10A2E0007533E63E73F4633FB700E93E5A3C633F83
:10A2F000BBCBEB3E1082623F7994EE3E98C5613F46
:10A30000EA5AF13EF206613F071FF43E2146603FE4
:10A31000CBE0F63E27835F3F2DA0F93E05BE5E3FB2
:10A32000275DFC3EBEF65D3FB217FF3E532D5D3FFD
:10A33000E4E7003FC7615C3FB142023F1A945B3FD4
:10A340003D9C033F50C45A3F84F4043F6AF2593F96
:10A35000824B063F6A1E593F36A1073F5348583F7C
:10A360009BF5083F2670573FAD480A3FE595563F9D
:10A370006B9A0B3F93B9553FD0EA0C3F31DB543F0A
:10A38000DA390E3FC3FA533F84870F3F4918533FD2
:10A39000CDD3103FC633523FB01E123F3D4D513F0B
:10A3A0002A68133FAF64503F39B0143F1F7A4F3FC4
:10A3B000D9F6153F908D4E3F073C173F029F4D3F0A
:10A3C000C07F183F79AE4C3F00C2193FF8BB4B3FEE
:10A3D000C6021B3F7FC74A3F0C421C3F12D1493F78
:10A3E000D17F1D3FB3D8483F12BC1E3F65DE473FBB
:10A3F000CBF61F3F2AE2463FF92F213F03E4453FBA
:10A400009967223FF5E3443FA99D233F00E2433F84
:10A4100025D2243F29DE423F0A05263F70D8413F1E
:10A420005636273FDAD0403F0566283F67C73F3F93
:10A430001594293F1BBC3E3F82C02A3FF9AE3D3FE9
:10A440004AEB2B3F03A03C3F69142D3F3B8F3B3F22
:10A45000DE3B2E3FA47C3A3FA5612F3F4268393F47
:10A46000BB85303F1652383F1DA8313F233A373F56
:10A47000C9C8323F6C20363FBCE7333FF304353F59
:10A48000F304353FBCE7333F6C20363FC9C8323F49
:10A49000233A373F1DA8313F1652383FBB85303F26
:10A4A0004268393FA5612F3FA47C3A3FDE3B2E3FF7
:10A4B0003B8F3B3F69142D3F03A03C3F4AEB2B3FB2
:10A4C000F9AE3D3F82C02A3F1BBC3E3F1594293F59
:10A4D00067C73F3F0566283FDAD0403F5636273FE3
:10A4E00070D8413F0A05263F29DE423F25D2243F4E
:10A4F00000E2433FA99D233FF5E3443F9967223F94
:10A5000003E4453FF92F213F2AE2463FCBF61F3FA8
:10A5100065DE473F12BC1E3FB3D8483FD17F1D3F89
:10A5200012D1493F0C421C3F7FC74A3FC6021B3F26
:10A53000F8BB4B3F00C2193F79AE4C3FC07F183F7C
:10A54000029F4D3F073C173F908D4E3FD9F6153F78
:10A550001F7A4F3F39B0143FAF64503F2A68133F12
:10A560003D4D513FB01E123FC633523FCDD3103F39
:10A570004918533F84870F3FC3FA533FDA390E3FE0
:10A5800031DB543FD0EA0C3F93B9553F6B9A0B3FF8
:10A59000E595563FAD480A3F2670573F9BF5083F6B
:10A5A0005348583F36A1073F6A1E593F824B063F2A
:10A5B0006AF2593F84F4043F50C45A3F3D9C033F24
:10A5C0001A945B3FB142023FC7615C3FE4E7003F42
:10A5D000532D5D3FB217FF3EBEF65D3F275DFC3E4B
:10A5E00005BE5E3F2DA0F93E27835F3FCBE0F63EE0
:10A5F0002146603F071FF43EF206613FEA5AF13EF2
:10A6000098C5613F7994EE3E1082623FBBCBEB3E32
:10A610005A3C633FB700E93E73F4633F7533E63E4F
:10A6200059AA643FFA63E33E0B5E653F4F92E03EFA
:10A63000880F663F79BEDD3ECCBE663F80E8DA3EDD
:10A64000D86B673F6B10D83EA816683F4136D53EA1
:10A650003CBF683F095AD23E9165693FCA7BCF3EF5
:10A66000A7096A3F8B9BCC3E7BAB6A3F53B9C93E7F
:10A670000C4B6B3F29D5C63E58E86B3F15EFC33EE8
:10A680005E836C3F1E07C13E1D1C6D3F4A1DBE3ED2
:10A6900093B26D3FA031BB3EBE466E3F2A44B83EEA
:10A6A0009ED86E3FEC54B53E30686F3FEF63B23ECC
:10A6B00073F56F3F3A71AF3E6680703FD47CAC3E1D
:10A6C0000809713FC486A93E578F713F128FA63E7D
:10A6D0005213723FC595A33EF894723FE59AA03E8F
:10A6E0004714733F789E9D3E3F91733F86A09A3EEC
:10A6F000DD0B743F17A1973E2284743F31A0943E36
:10A700000BFA743FDD9D913E976D753F229A8E3E08
:10A71000C6DE753F07958B3E974D763F938E883EFC
:10A7200007BA763FCE86853E1724773FC07D823EAE
:10A73000C58B773FE1E67E3E10F1773FCCCF783E88
:10A74000F853783F51B6723E7BB4783F7F9A6C3EA7
:10A750009812793F667C663E4E6E793F135C603E90
:10A760009DC7793F97395A3E841E7A3F0115543E62
:10A7700002737A3F60EE4D3E16C57A3FC2C5473E32
:10A78000BE147B3F379B413EFC617B3FCF6E3B3E1F
:10A79000CDAC7B3F9840353E31F57B3FA2102F3E3C
:10A7A000283B7C3FFCDE283EB07E7C3FB6AB223EA1
:10A7B000C9BF7C3FDE761C3E73FE7C3F8340163E65
:10A7C000AC3A7D3FB708103E74747D3F86CF093E9A
:10A7D000CCAB7D3F0295033EB1E07D3F73B2FA3DC5
:10A7E00024137E3F7638EE3D23437E3F2EBCE13D71
:10A7F000B0707E3FB93DD53DC99B7E3F36BDC83D5B
:10A800006DC47E3FC33ABC3D9DEA7E3F80B6AF3DFE
:10A81000580E7F3F8C30A33D9D2F7F3F05A9963D6D
:10A820006D4E7F3F0A208A3DC76A7F3F742B7B3D78
:10A83000AB847F3F6814623D189C7F3F2FFB483DEF
:10A840000FB17F3F07E02F3D8FC37F3F2CC3163DE5
:10A8500098D37F3FB949FB3C29E17F3FB00AC93C0F
:10A8600043EC7F3FB6C9963CE6F47F3F900E493CEF
:10A8700011FB7F3F890FC93BC4FE7F3F00000000F2
:10A880000000803F890FC9BBC4FE7F3F900E49BCCA
:10A8900011FB7F3FB6C996BCE6F47F3FB00AC9BC46
:10A8A00043EC7F3FB949FBBC29E17F3F2CC316BD78
:10A8B00098D37F3F07E02FBD8FC37F3F2FFB48BD5D
:10A8C0000FB17F3F681462BD189C7F3F742B7BBD26
:10A8D000AB847F3F0A208ABDC76A7F3F05A996BD2A
:10A8E0006D4E7F3F8C30A3BD9D2F7F3F80B6AFBDA7
:10A8F000580E7F3FC33ABCBD9DEA7E3F36BDC8BD02
:10A900006DC47E3FB93DD5BDC99B7E3F2EBCE1BD28
:10A91000B0707E3F7638EEBD23437E3F73B2FABD02
:10A9200024137E3F029503BEB1E07D3F86CF09BE72
:10A93000CCAB7D3FB70810BE74747D3F834016BE1C
:10A94000AC3A7D3FDE761CBE73FE7C3FB6AB22BECA
:10A95000C9BF7C3FFCDE28BEB07E7C3FA2102FBE6C
:10A96000283B7C3F984035BE31F57B3FCF6E3BBEE8
:10A97000CDAC7B3F379B41BEFC617B3FC2C547BE30
:10A98000BE147B3F60EE4DBE16C57A3F011554BE26
:10A9900002737A3F97395ABE841E7A3F135C60BEB9
:10A9A0009DC7793F667C66BE4E6E793F7F9A6CBECE
:10A9B0009812793F51B672BE7BB4783FCCCF78BE47
:10A9C000F853783FE1E67EBE10F1773FC07D82BE4E
:10A9D000C58B773FCE8685BE1724773F938E88BE82
:10A9E00007BA763F07958BBE974D763F229A8EBE6B
:10A9F000C6DE753FDD9D91BE976D753F31A094BE5B
:10AA00000BFA743F17A197BE2284743F86A09ABEAA
:10AA1000DD0B743F789E9DBE3F91733FE59AA0BECB
:10AA20004714733FC595A3BEF894723F128FA6BE1C
:10AA30005213723FC486A9BE578F713FD47CACBEFF
:10AA40000809713F3A71AFBE6680703FEF63B2BED6
:10AA500073F56F3FEC54B5BE30686F3F2A44B8BE03
:10AA60009ED86E3FA031BBBEBE466E3F4A1DBEBEE5
:10AA700093B26D3F1E07C1BE1D1C6D3F15EFC3BED7
:10AA80005E836C3F29D5C6BE58E86B3F53B9C9BE3B
:10AA90000C4B6B3F8B9BCCBE7BAB6A3FCA7BCFBE64
:10AAA000A7096A3F095AD2BE9165693F4136D5BEB2
:10AAB0003CBF683F6B10D8BEA816683F80E8DABE7E
:10AAC000D86B673F79BEDDBECCBE663F4F92E0BE1D
:10AAD000880F663FFA63E3BE0B5E653F7533E6BEE3
:10AAE00059AA643FB700E9BE73F4633FBBCBEBBE2A
:10AAF0005A3C633F7994EEBE1082623FEA5AF1BE3F
:10AB000098C5613F071FF4BEF206613FCBE0F6BE79
:10AB10002146603F2DA0F9BE27835F3F275DFCBE25
:10AB200005BE5E3FB217FFBEBEF65D3FE4E700BF65
:10AB3000532D5D3FB14202BFC7615C3F3D9C03BFE7
:10AB40001A945B3F84F404BF50C45A3F824B06BF43
:10AB50006AF2593F36A107BF6A1E593F9BF508BFED
:10AB60005348583FAD480ABF2670573F6B9A0BBFFA
:10AB7000E595563FD0EA0CBF93B9553FDA390EBF81
:10AB800031DB543F84870FBFC3FA533FCDD310BF8F
:10AB90004918533FB01E12BFC633523F2A6813BF35
:10ABA0003D4D513F39B014BFAF64503FD9F615BF8A
:10ABB0001F7A4F3F073C17BF908D4E3FC07F18BF95
:10ABC000029F4D3F00C219BF79AE4C3FC6021BBF6A
:10ABD000F8BB4B3F0C421CBF7FC74A3FD17F1DBF14
:10ABE00012D1493F12BC1EBFB3D8483FCBF61FBF9E
:10ABF00065DE473FF92F21BF2AE2463F996722BF12
:10AC000003E4453FA99D23BFF5E3443F25D224BF7C
:10AC100000E2433F0A0526BF29DE423F563627BFE2
:10AC200070D8413F056628BFDAD0403F159429BF50
:10AC300067C73F3F82C02ABF1BBC3E3F4AEB2BBFCA
:10AC4000F9AE3D3F69142DBF03A03C3FDE3B2EBF54
:10AC50003B8F3B3FA5612FBFA47C3A3FBB8530BFF4
:10AC60004268393F1DA831BF1652383FC9C832BFAC
:10AC7000233A373FBCE733BF6C20363FF30435BF80
:10AC8000F304353F6C2036BFBCE7333F233A37BF70
:10AC9000C9C8323F165238BF1DA8313F426839BF7C
:10ACA000BB85303FA47C3ABFA5612F3F3B8F3BBFA4
:10ACB000DE3B2E3F03A03CBF69142D3FF9AE3DBFE4
:10ACC0004AEB2B3F1BBC3EBF82C02A3F67C73FBF3A
:10ACD0001594293FDAD040BF0566283F70D841BFA0
:10ACE0005636273F29DE42BF0A05263F00E243BF12
:10ACF00025D2243FF5E344BFA99D233F03E445BF8C
:10AD00009967223F2AE246BFF92F213F65DE47BF00
:10AD1000CBF61F3FB3D848BF12BC1E3F12D149BF6C
:10AD2000D17F1D3F7FC74ABF0C421C3FF8BB4BBFC2
:10AD3000C6021B3F79AE4CBF00C2193F029F4DBFF8
:10AD4000C07F183F908D4EBF073C173F1F7A4FBF03
:10AD5000D9F6153FAF6450BF39B0143F3D4D51BFD8
:10AD60002A68133FC63352BFB01E123F491853BF63
:10AD7000CDD3103FC3FA53BF84870F3F31DB54BF9D
:10AD8000DA390E3F93B955BFD0EA0C3FE59556BF6F
:10AD90006B9A0B3F267057BFAD480A3F534858BFC8
:10ADA0009BF5083F6A1E59BF36A1073F6AF259BF9B
:10ADB000824B063F50C45ABF84F4043F1A945BBFD1
:10ADC0003D9C033FC7615CBFB142023F532D5DBF55
:10ADD000E4E7003FBEF65DBFB217FF3E05BE5EBFB3
:10ADE000275DFC3E27835FBF2DA0F93E214660BF53
:10ADF000CBE0F63EF20661BF071FF43E98C561BF87
:10AE0000EA5AF13E108262BF7994EE3E5A3C63BF2B
:10AE1000BBCBEB3E73F463BFB700E93E59AA64BFF6
:10AE20007533E63E0B5E65BFFA63E33E880F66BF8F
:10AE30004F92E03ECCBE66BF79BEDD3ED86B67BFA9
:10AE400080E8DA3EA81668BF6B10D83E3CBF68BFEA
:10AE50004136D53E916569BF095AD23EA7096ABFFE
:10AE6000CA7BCF3E7BAB6ABF8B9BCC3E0C4B6BBF90
:10AE700053B9C93E58E86BBF29D5C63E5E836CBF47
:10AE800015EFC33E1D1C6DBF1E07C13E93B26DBFC3
:10AE90004A1DBE3EBE466EBFA031BB3E9ED86EBFB1
:10AEA0002A44B83E30686FBFEC54B53E73F56FBFAF
:10AEB000EF63B23E668070BF3A71AF3E080971BF62
:10AEC000D47CAC3E578F71BFC486A93E521372BF6B
:10AED000128FA63EF89472BFC595A33E471473BF68
:10AEE000E59AA03E3F9173BF789E9D3EDD0B74BFF7
:10AEF00086A09A3E228474BF17A1973E0BFA74BFB6
:10AF000031A0943E976D75BFDD9D913EC6DE75BF45
:10AF1000229A8E3E974D76BF07958B3E07BA76BF35
:10AF2000938E883E172477BFCE86853EC58B77BF2C
:10AF3000C07D823E10F177BFE1E67E3EF85378BFD8
:10AF4000CCCF783E7BB478BF51B6723E981279BFB1
:10AF50007F9A6C3E4E6E79BF667C663E9DC779BF18
:10AF6000135C603E841E7ABF97395A3E02737ABFE3
:10AF70000115543E16C57ABF60EE4D3EBE147BBF30
:10AF8000C2C5473EFC617BBF379B413ECDAC7BBF1A
:10AF9000CF6E3B3E31F57BBF9840353E283B7CBFB2
:10AFA000A2102F3EB07E7CBFFCDE283EC9BF7CBF16
:10AFB000B6AB223E73FE7CBFDE761C3EAC3A7DBF54
:10AFC0008340163E74747DBFB708103ECCAB7DBF86
:10AFD00086CF093EB1E07DBF0295033E24137EBFBC
:10AFE00073B2FA3D23437EBF7638EE3DB0707EBF2C
:10AFF0002EBCE13DC99B7EBFB93DD53D6DC47EBF32
:10B0000036BDC83D9DEA7EBFC33ABC3D580E7FBFEA
:10B0100080B6AF3D9D2F7FBF8C30A33D6D4E7FBF6F
:10B0200005A9963DC76A7FBF0A208A3DAB847FBFD2
:10B03000742B7B3D189C7FBF6814623D0FB17FBFAE
:10B040002FFB483D8FC37FBF07E02F3D98D37FBFC5
:10B050002CC3163D29E17FBFB949FB3C43EC7FBFC0
:10B06000B00AC93CE6F47FBFB6C9963C11FB7FBF6E
:10B07000900E493CC4FE7FBF890FC93B000080BFD2
:10B0800000000000C4FE7FBF890FC9BB11FB7FBF5A
:10B09000900E49BCE6F47FBFB6C996BC43EC7FBFB7
:10B0A000B00AC9BC29E17FBFB949FBBC98D37FBFB7
:10B0B0002CC316BD8FC37FBF07E02FBD0FB17FBF6D
:10B0C0002FFB48BD189C7FBF681462BDAB847FBF57
:10B0D000742B7BBDC76A7FBF0A208ABD6D4E7FBFC0
:10B0E00005A996BD9D2F7FBF8C30A3BD580E7FBF95
:10B0F00080B6AFBD9DEA7EBFC33ABCBD6DC47EBF06
:10B1000036BDC8BDC99B7EBFB93DD5BDB0707EBF41
:10B110002EBCE1BD23437EBF7638EEBD24137EBF37
:10B1200073B2FABDB1E07DBF029503BECCAB7DBF6B
:10B1300086CF09BE74747DBFB70810BEAC3A7DBF20
:10B14000834016BE73FE7CBFDE761CBEC9BF7CBFCB
:10B15000B6AB22BEB07E7CBFFCDE28BE283B7CBFE7
:10B16000A2102FBE31F57BBF984035BECDAC7BBF62
:10B17000CF6E3BBEFC617BBF379B41BEBE147BBF25
:10B18000C2C547BE16C57ABF60EE4DBE02737ABF18
:10B19000011554BE841E7ABF97395ABE9DC779BF28
:10B1A000135C60BE4E6E79BF667C66BE981279BF36
:10B1B0007F9A6CBE7BB478BF51B672BEF85378BF2D
:10B1C000CCCF78BE10F177BFE1E67EBEC58B77BFEE
:10B1D000C07D82BE172477BFCE8685BE07BA76BFF4
:10B1E000938E88BE974D76BF07958BBEC6DE75BF22
:10B1F000229A8EBE976D75BFDD9D91BE0BFA74BF0E
:10B2000031A094BE228474BF17A197BEDD0B74BF1A
:10B2100086A09ABE3F9173BF789E9DBE471473BFB0
:10B22000E59AA0BEF89472BFC595A3BE521372BF33
:10B23000128FA6BE578F71BFC486A9BE080971BF01
:10B24000D47CACBE668070BF3A71AFBE73F56FBF81
:10B25000EF63B2BE30686FBFEC54B5BE9ED86EBF10
:10B260002A44B8BEBE466EBFA031BBBE93B26DBF0E
:10B270004A1DBEBE1D1C6DBF1E07C1BE5E836CBFD6
:10B2800015EFC3BE58E86BBF29D5C6BE0C4B6BBFCC
:10B2900053B9C9BE7BAB6ABF8B9BCCBEA7096ABF43
:10B2A000CA7BCFBE916569BF095AD2BE3CBF68BF99
:10B2B0004136D5BEA81668BF6B10D8BED86B67BF25
:10B2C00080E8DABECCBE66BF79BEDDBE880F66BF41
:10B2D0004F92E0BE0B5E65BFFA63E3BE59AA64BF3E
:10B2E0007533E6BE73F463BFB700E9BE5A3C63BF73
:10B2F000BBCBEBBE108262BF7994EEBE98C561BF36
:10B30000EA5AF1BEF20661BF071FF4BE214660BFD4
:10B31000CBE0F6BE27835FBF2DA0F9BE05BE5EBFA2
:10B32000275DFCBEBEF65DBFB217FFBE532D5DBFED
:10B33000E4E700BFC7615CBFB14202BF1A945BBFC4
:10B340003D9C03BF50C45ABF84F404BF6AF259BF86
:10B35000824B06BF6A1E59BF36A107BF534858BF6C
:10B360009BF508BF267057BFAD480ABFE59556BF8D
:10B370006B9A0BBF93B955BFD0EA0CBF31DB54BFFA
:10B38000DA390EBFC3FA53BF84870FBF491853BFC2
:10B39000CDD310BFC63352BFB01E12BF3D4D51BFFB
:10B3A0002A6813BFAF6450BF39B014BF1F7A4FBFB4
:10B3B000D9F615BF908D4EBF073C17BF029F4DBFFA
:10B3C000C07F18BF79AE4CBF00C219BFF8BB4BBFDE
:10B3D000C6021BBF7FC74ABF0C421CBF12D149BF68
:10B3E000D17F1DBFB3D848BF12BC1EBF65DE47BFAB
:10B3F000CBF61FBF2AE246BFF92F21BF03E445BFAA
:10B40000996722BFF5E344BFA99D23BF00E243BF74
:10B4100025D224BF29DE42BF0A0526BF70D841BF0E
:10B42000563627BFDAD040BF056628BF67C73FBF83
:10B43000159429BF1BBC3EBF82C02ABFF9AE3DBFD9
:10B440004AEB2BBF03A03CBF69142DBF3B8F3BBF12
:10B45000DE3B2EBFA47C3ABFA5612FBF426839BF37
:10B46000BB8530BF165238BF1DA831BF233A37BF46
:10B47000C9C832BF6C2036BFBCE733BFF30435BF49
:10B48000F30435BFBCE733BF6C2036BFC9C832BF39
:10B49000233A37BF1DA831BF165238BFBB8530BF16
:10B4A000426839BFA5612FBFA47C3ABFDE3B2EBFE7
:10B4B0003B8F3BBF69142DBF03A03CBF4AEB2BBFA2
:10B4C000F9AE3DBF82C02ABF1BBC3EBF159429BF49
:10B4D00067C73FBF056628BFDAD040BF563627BFD3
:10B4E00070D841BF0A0526BF29DE42BF25D224BF3E
:10B4F00000E243BFA99D23BFF5E344BF996722BF84
:10B5000003E445BFF92F21BF2AE246BFCBF61FBF98
:10B5100065DE47BF12BC1EBFB3D848BFD17F1DBF79
:10B5200012D149BF0C421CBF7FC74ABFC6021BBF16
:10B53000F8BB4BBF00C219BF79AE4CBFC07F18BF6C
:10B54000029F4DBF073C17BF908D4EBFD9F615BF68
:10B550001F7A4FBF39B014BFAF6450BF2A6813BF02
:10B560003D4D51BFB01E12BFC63352BFCDD310BF29
:10B57000491853BF84870FBFC3FA53BFDA390EBFD0
:10B5800031DB54BFD0EA0CBF93B955BF6B9A0BBFE8
:10B59000E59556BFAD480ABF267057BF9BF508BF5B
:10B5A000534858BF36A107BF6A1E59BF824B06BF1A
:10B5B0006AF259BF84F404BF50C45ABF3D9C03BF14
:10B5C0001A945BBFB14202BFC7615CBFE4E700BF32
:10B5D000532D5DBFB217FFBEBEF65DBF275DFCBE3B
:10B5E00005BE5EBF2DA0F9BE27835FBFCBE0F6BED0
:10B5F000214660BF071FF4BEF20661BFEA5AF1BEE2
:10B6000098C561BF7994EEBE108262BFBBCBEBBE22
:10B610005A3C63BFB700E9BE73F463BF7533E6BE3F
:10B6200059AA64BFFA63E3BE0B5E65BF4F92E0BEEA
:10B63000880F66BF79BEDDBECCBE66BF80E8DABECD
:10B64000D86B67BF6B10D8BEA81668BF4136D5BE91
:10B650003CBF68BF095AD2BE916569BFCA7BCFBEE5
:10B66000A7096ABF8B9BCCBE7BAB6ABF53B9C9BE6F
:10B670000C4B6BBF29D5C6BE58E86BBF15EFC3BED8
:10B680005E836CBF1E07C1BE1D1C6DBF4A1DBEBEC2
:10B6900093B26DBFA031BBBEBE466EBF2A44B8BEDA
:10B6A0009ED86EBFEC54B5BE30686FBFEF63B2BEBC
:10B6B00073F56FBF3A71AFBE668070BFD47CACBE0D
:10B6C000080971BFC486A9BE578F71BF128FA6BE6D
:10B6D000521372BFC595A3BEF89472BFE59AA0BE7F
:10B6E000471473BF789E9DBE3F9173BF86A09ABEDC
:10B6F000DD0B74BF17A197BE228474BF31A094BE26
:10B700000BFA74BFDD9D91BE976D75BF229A8EBEF8
:10B71000C6DE75BF07958BBE974D76BF938E88BEEC
:10B7200007BA76BFCE8685BE172477BFC07D82BE9E
:10B73000C58B77BFE1E67EBE10F177BFCCCF78BE78
:10B74000F85378BF51B672BE7BB478BF7F9A6CBE97
:10B75000981279BF667C66BE4E6E79BF135C60BE80
:10B760009DC779BF97395ABE841E7ABF011554BE52
:10B7700002737ABF60EE4DBE16C57ABFC2C547BE22
:10B78000BE147BBF379B41BEFC617BBFCF6E3BBE0F
:10B79000CDAC7BBF984035BE31F57BBFA2102FBE2C
:10B7A000283B7CBFFCDE28BEB07E7CBFB6AB22BE91
:10B7B000C9BF7CBFDE761CBE73FE7CBF834016BE55
:10B7C000AC3A7DBFB70810BE74747DBF86CF09BE8A
:10B7D000CCAB7DBF029503BEB1E07DBF73B2FABDB5
:10B7E00024137EBF7638EEBD23437EBF2EBCE1BD61
:10B7F000B0707EBFB93DD5BDC99B7EBF36BDC8BD4B
:10B800006DC47EBFC33ABCBD9DEA7EBF80B6AFBDEE
:10B81000580E7FBF8C30A3BD9D2F7FBF05A996BD5D
:10B820006D4E7FBF0A208ABDC76A7FBF742B7BBD68
:10B83000AB847FBF681462BD189C7FBF2FFB48BDDF
:10B840000FB17FBF07E02FBD8FC37FBF2CC316BDD5
:10B8500098D37FBFB949FBBC29E17FBFB00AC9BCFF
:10B8600043EC7FBFB6C996BCE6F47FBF900E49BCDF
:10B8700011FB7FBF890FC9BBC4FE7FBF00000080E2
:10B88000000080BF890FC93BC4FE7FBF900E493CBA
:10B8900011FB7FBFB6C9963CE6F47FBFB00AC93C36
:10B8A00043EC7FBFB949FB3C29E17FBF2CC3163D68
:10B8B00098D37FBF07E02F3D8FC37FBF2FFB483D4D
:10B8C0000FB17FBF6814623D189C7FBF742B7B3D16
:10B8D000AB847FBF0A208A3DC76A7FBF05A9963D1A
:10B8E0006D4E7FBF8C30A33D9D2F7FBF80B6AF3D97
:10B8F000580E7FBFC33ABC3D9DEA7EBF36BDC83DF2
:10B900006DC47EBFB93DD53DC99B7EBF2EBCE13D18
:10B91000B0707EBF7638EE3D23437EBF73B2FA3DF2
:10B9200024137EBF0295033EB1E07DBF86CF093E62
:10B93000CCAB7DBFB708103E74747DBF8340163E0C
:10B94000AC3A7DBFDE761C3E73FE7CBFB6AB223EBA
:10B95000C9BF7CBFFCDE283EB07E7CBFA2102F3E5C
:10B96000283B7CBF9840353E31F57BBFCF6E3B3ED8
:10B97000CDAC7BBF379B413EFC617BBFC2C5473E20
:10B98000BE147BBF60EE4D3E16C57ABF0115543E16
:10B9900002737ABF97395A3E841E7ABF135C603EA9
:10B9A0009DC779BF667C663E4E6E79BF7F9A6C3EBE
:10B9B000981279BF51B6723E7BB478BFCCCF783E37
:10B9C000F85378BFE1E67E3E10F177BFC07D823E3E
:10B9D000C58B77BFCE86853E172477BF938E883E72
:10B9E00007BA76BF07958B3E974D76BF229A8E3E5B
:10B9F000C6DE75BFDD9D913E976D75BF31A0943E4B
:10BA00000BFA74BF17A1973E228474BF86A09A3E9A
:10BA1000DD0B74BF789E9D3E3F9173BFE59AA03EBB
:10BA2000471473BFC595A33EF89472BF128FA63E0C
:10BA3000521372BFC486A93E578F71BFD47CAC3EEF
:10BA4000080971BF3A71AF3E668070BFEF63B23EC6
:10BA500073F56FBFEC54B53E30686FBF2A44B83EF3
:10BA60009ED86EBFA031BB3EBE466EBF4A1DBE3ED5
:10BA700093B26DBF1E07C13E1D1C6DBF15EFC33EC7
:10BA80005E836CBF29D5C63E58E86BBF53B9C93E2B
:10BA90000C4B6BBF8B9BCC3E7BAB6ABFCA7BCF3E54
:10BAA000A7096ABF095AD23E916569BF4136D53EA2
:10BAB0003CBF68BF6B10D83EA81668BF80E8DA3E6E
:10BAC000D86B67BF79BEDD3ECCBE66BF4F92E03E0D
:10BAD000880F66BFFA63E33E0B5E65BF7533E63ED3
:10BAE00059AA64BFB700E93E73F463BFBBCBEB3E1A
:10BAF0005A3C63BF7994EE3E108262BFEA5AF13E2F
:10BB000098C561BF071FF43EF20661BFCBE0F63E69
:10BB1000214660BF2DA0F93E27835FBF275DFC3E15
:10BB200005BE5EBFB217FF3EBEF65DBFE4E7003F55
:10BB3000532D5DBFB142023FC7615CBF3D9C033FD7
:10BB40001A945BBF84F4043F50C45ABF824B063F33
:10BB50006AF259BF36A1073F6A1E59BF9BF5083FDD
:10BB6000534858BFAD480A3F267057BF6B9A0B3FEA
:10BB7000E59556BFD0EA0C3F93B955BFDA390E3F71
:10BB800031DB54BF84870F3FC3FA53BFCDD3103F7F
:10BB9000491853BFB01E123FC63352BF2A68133F25
:10BBA0003D4D51BF39B0143FAF6450BFD9F6153F7A
:10BBB0001F7A4FBF073C173F908D4EBFC07F183F85
:10BBC000029F4DBF00C2193F79AE4CBFC6021B3F5A
:10BBD000F8BB4BBF0C421C3F7FC74ABFD17F1D3F04
:10BBE00012D149BF12BC1E3FB3D848BFCBF61F3F8E
:10BBF00065DE47BFF92F213F2AE246BF9967223F02
:10BC000003E445BFA99D233FF5E344BF25D2243F6C
:10BC100000E243BF0A05263F29DE42BF5636273FD2
:10BC200070D841BF0566283FDAD040BF1594293F40
:10BC300067C73FBF82C02A3F1BBC3EBF4AEB2B3FBA
:10BC4000F9AE3DBF69142D3F03A03CBFDE3B2E3F44
:10BC50003B8F3BBFA5612F3FA47C3ABFBB85303FE4
:10BC6000426839BF1DA8313F165238BFC9C8323F9C
:10BC7000233A37BFBCE7333F6C2036BFF304353F70
:10BC8000F30435BF6C20363FBCE733BF233A373F60
:10BC9000C9C832BF1652383F1DA831BF4268393F6C
:10BCA000BB8530BFA47C3A3FA5612FBF3B8F3B3F94
:10BCB000DE3B2EBF03A03C3F69142DBFF9AE3D3FD4
:10BCC0004AEB2BBF1BBC3E3F82C02ABF67C73F3F2A
:10BCD000159429BFDAD0403F056628BF70D8413F90
:10BCE000563627BF29DE423F0A0526BF00E2433F02
:10BCF00025D224BFF5E3443FA99D23BF03E4453F7C
:10BD0000996722BF2AE2463FF92F21BF65DE473FF0
:10BD1000CBF61FBFB3D8483F12BC1EBF12D1493F5C
:10BD2000D17F1DBF7FC74A3F0C421CBFF8BB4B3FB2
:10BD3000C6021BBF79AE4C3F00C219BF029F4D3FE8
:10BD4000C07F18BF908D4E3F073C17BF1F7A4F3FF3
:10BD5000D9F615BFAF64503F39B014BF3D4D513FC8
:10BD60002A6813BFC633523FB01E12BF4918533F53
:10BD7000CDD310BFC3FA533F84870FBF31DB543F8D
:10BD8000DA390EBF93B9553FD0EA0CBFE595563F5F
:10BD90006B9A0BBF2670573FAD480ABF5348583FB8
:10BDA0009BF508BF6A1E593F36A107BF6AF2593F8B
:10BDB000824B06BF50C45A3F84F404BF1A945B3FC1
:10BDC0003D9C03BFC7615C3FB14202BF532D5D3F45
:10BDD000E4E700BFBEF65D3FB217FFBE05BE5E3FA3
:10BDE000275DFCBE27835F3F2DA0F9BE2146603F43
:10BDF000CBE0F6BEF206613F071FF4BE98C5613F77
:10BE0000EA5AF1BE1082623F7994EEBE5A3C633F1B
:10BE1000BBCBEBBE73F4633FB700E9BE59AA643FE6
:10BE20007533E6BE0B5E653FFA63E3BE880F663F7F
:10BE30004F92E0BECCBE663F79BEDDBED86B673F99
:10BE400080E8DABEA816683F6B10D8BE3CBF683FDA
:10BE50004136D5BE9165693F095AD2BEA7096A3FEE
:10BE6000CA7BCFBE7BAB6A3F8B9BCCBE0C4B6B3F80
:10BE700053B9C9BE58E86B3F29D5C6BE5E836C3F37
:10BE800015EFC3BE1D1C6D3F1E07C1BE93B26D3FB3
:10BE90004A1DBEBEBE466E3FA031BBBE9ED86E3FA1
:10BEA0002A44B8BE30686F3FEC54B5BE73F56F3F9F
:10BEB000EF63B2BE6680703F3A71AFBE0809713F52
:10BEC000D47CACBE578F713FC486A9BE5213723F5B
:10BED000128FA6BEF894723FC595A3BE4714733F58
:10BEE000E59AA0BE3F91733F789E9DBEDD0B743FE7
:10BEF00086A09ABE2284743F17A197BE0BFA743FA6
:10BF000031A094BE976D753FDD9D91BEC6DE753F35
:10BF1000229A8EBE974D763F07958BBE07BA763F25
:10BF2000938E88BE1724773FCE8685BEC58B773F1C
:10BF3000C07D82BE10F1773FE1E67EBEF853783FC8
:10BF4000CCCF78BE7BB4783F51B672BE9812793FA1
:10BF50007F9A6CBE4E6E793F667C66BE9DC7793F08
:10BF6000135C60BE841E7A3F97395ABE02737A3FD3
:10BF7000011554BE16C57A3F60EE4DBEBE147B3F20
:10BF8000C2C547BEFC617B3F379B41BECDAC7B3F0A
:10BF9000CF6E3BBE31F57B3F984035BE283B7C3FA2
:10BFA000A2102FBEB07E7C3FFCDE28BEC9BF7C3F06
:10BFB000B6AB22BE73FE7C3FDE761CBEAC3A7D3F44
:10BFC000834016BE74747D3FB70810BECCAB7D3F76
:10BFD00086CF09BEB1E07D3F029503BE24137E3FAC
:10BFE00073B2FABD23437E3F7638EEBDB0707E3F1C
:10BFF0002EBCE1BDC99B7E3FB93DD5BD6DC47E3F22
:10C0000036BDC8BD9DEA7E3FC33ABCBD580E7F3FDA
:10C0100080B6AFBD9D2F7F3F8C30A3BD6D4E7F3F5F
:10C0200005A996BDC76A7F3F0A208ABDAB847F3FC2
:10C03000742B7BBD189C7F3F681462BD0FB17F3F9E
:10C040002FFB48BD8FC37F3F07E02FBD98D37F3FB5
:10C050002CC316BD29E17F3FB949FBBC43EC7F3FB0
:10C06000B00AC9BCE6F47F3FB6C996BC11FB7F3F5E
:10C07000900E49BCC4FE7F3F890FC9BB0000803FC2
:10C0800000000000B1FF7F3FC70F493BC4FE7F3F68
:10C09000890FC93B39FD7F3F59CB163C11FB7F3FD0
:10C0A000900E493C4AF87F3F4B517B3CE6F47F3F82
:10C0B000B6C9963CE3F07F3F69EAAF3C43EC7F3F73
:10C0C000B00AC93C05E77F3F7B2AE23C29E17F3F7C
:10C0D000B949FB3CAFDA7F3F2F340A3D98D37F3F0D
:10C0E0002CC3163DE2CB7F3FCC51233D8FC37F3F16
:10C0F00007E02F3D9EBA7F3FD56D3C3D0FB17F3F9E
:10C100002FFB483DE3A67F3F0E88553D189C7F3F9F
:10C110006814623DB1907F3F38A06E3DAB847F3F95
:10C12000742B7B3D08787F3F0ADB833DC76A7F3FE6
:10C130000A208A3DE95C7F3FB464903D6D4E7F3FAD
:10C1400005A9963D543F7F3FF9EC9C3D9D2F7F3FD5
:10C150008C30A33D491F7F3FBA73A93D580E7F3FE6
:10C1600080B6AF3DC9FC7E3FDAF8B53D9DEA7E3F23
:10C17000C33ABC3DD4D77E3F397CC23D6DC47E3FBF
:10C1800036BDC83D69B07E3FB7FDCE3DC99B7E3F01
:10C19000B93DD53D8B867E3F377DDB3DB0707E3F20
:10C1A0002EBCE13D385A7E3F9AFAE73D23437E3F5D
:10C1B0007638EE3D722B7E3FC075F43D24137E3FF2
:10C1C00073B2FA3D38FA7D3F4577003EB1E07D3FDE
:10C1D0000295033E8CC67D3F6EB2063ECCAB7D3FE2
:10C1E00086CF093E6E907D3F4AEC0C3E74747D3FD5
:10C1F000B708103EDE577D3FCA24133EAC3A7D3F60
:10C200008340163EDD1C7D3FE05B193E73FE7C3FA4
:10C21000DE761C3E6CDF7C3F7B911F3EC9BF7C3FBE
:10C22000B6AB223E8A9F7C3F8CC5253EB07E7C3FCC
:10C23000FCDE283E3A5D7C3F04F82B3E283B7C3FE9
:10C24000A2102F3E7A187C3FD428323E31F57B3F36
:10C250009840353E4DD17B3FEC57383ECDAC7B3FCF
:10C26000CF6E3B3EB2877B3F3E853E3EFC617B3FCF
:10C27000379B413EAB3B7B3FB9B0443EBE147B3F56
:10C28000C2C5473E37ED7A3F4FDA4A3E16C57A3F80
:10C2900060EE4D3E599C7A3FF101513E02737A3F68
:10C2A0000115543E10497A3F8F27573E841E7A3F2E
:10C2B00097395A3E5EF3793F1A4B5D3E9DC7793FF1
:10C2C000135C603E439B793F836C633E4E6E793FC7
:10C2D000667C663EC040793FBA8B693E9812793FD2
:10C2E0007F9A6C3ED6E3783FB2A86F3E7BB4783F2E
:10C2F00051B6723E8684783F5AC3753EF853783FF4
:10C30000CCCF783ED122783FA4DB7B3E10F1773F43
:10C31000E1E67E3EB7BE773FC0F8803EC58B773FF3
:10C32000C07D823E3A58773F7002843E1724773FA3
:10C33000CE86853E5BEF763FDA0A873E07BA763FC8
:10C34000938E883E1B84763FF8118A3E974D763F48
:10C3500007958B3E7A16763FC0178D3EC6DE753F39
:10C36000229A8E3E7BA6753F2C1C903E976D753FA2
:10C37000DD9D913E1D34753F351F933E0BFA743F92
:10C3800031A0943E62BF743FD220963E2284743F17
:10C3900017A1973E4B48743FFE20993EDD0B743F3A
:10C3A00086A09A3ED9CE733FAF1F9C3E3F91733F0C
:10C3B000789E9D3E0E53733FDF1C9F3E4714733F94
:10C3C000E59AA03EEBD4723F8718A23EF894723FE4
:10C3D000C595A33E7054723F9F12A53E5213723F03
:10C3E000128FA63E9FD1713F1F0BA83E578F713F02
:10C3F000C486A93E7A4C713F0102AB3E0809713FE9
:10C40000D47CAC3E02C5703F3CF7AD3E6680703FC9
:10C410003A71AF3E373B703FCBEAB03E73F56F3FAA
:10C42000EF63B23E1BAF6F3FA5DCB33E30686F3F9A
:10C43000EC54B53EB0206F3FC3CCB63E9ED86E3FA5
:10C440002A44B83EF88F6E3F1EBBB93EBE466E3FD3
:10C45000A031BB3EF2FC6D3FAFA7BC3E93B26D3F37
:10C460004A1DBE3EA1676D3F6F92BF3E1D1C6D3FD2
:10C470001E07C13E07D06C3F557BC23E5E836C3FBA
:10C4800015EFC33E24366C3F5C62C53E58E86B3FF7
:10C4900029D5C63EFB996B3F7C47C83E0C4B6B3F92
:10C4A00053B9C93E8CFB6A3FAE2ACB3E7BAB6A3F99
:10C4B0008B9BCC3ED95A6A3FEA0BCE3EA7096A3F16
:10C4C000CA7BCF3EE4B7693F2AEBD03E9165693F16
:10C4D000095AD23EAE12693F67C8D33E3CBF683F9F
:10C4E0004136D53E396B683F99A3D63EA816683FC2
:10C4F0006B10D83E87C1673FB97CD93ED86B673F88
:10C5000080E8DA3E9915673FC153DC3ECCBE663FFA
:10C5100079BEDD3E7167663FA928DF3E880F663F22
:10C520004F92E03E10B7653F6AFBE13E0B5E653F10
:10C53000FA63E33E7904653FFECBE43E59AA643FCB
:10C540007533E63EAC4F643F5D9AE73E73F4633F5C
:10C55000B700E93EAC98633F8166EA3E5A3C633FD0
:10C56000BBCBEB3E7BDF623F6330ED3E1082623F30
:10C570007994EE3E1A24623FFBF7EF3E98C5613F87
:10C58000EA5AF13E8A66613F43BDF23EF206613FE0
:10C59000071FF43ECFA6603F3580F53E2146603F41
:10C5A000CBE0F63EE9E45F3FC840F83E27835F3FBB
:10C5B0002DA0F93EDB205F3FF7FEFA3E05BE5E3F51
:10C5C000275DFC3EA65A5E3FBBBAFD3EBEF65D3F10
:10C5D000B217FF3E4D925D3F063A003F532D5D3F3F
:10C5E000E4E7003FD1C75C3F7395013FC7615C3F03
:10C5F000B142023F34FB5B3F9FEF023F1A945B3F27
:10C600003D9C033F792C5B3F8948043F50C45A3F0F
:10C6100084F4043FA05B5A3F2CA0053F6AF2593FC7
:10C62000824B063FAD88593F86F6063F6A1E593F4A
:10C6300036A1073FA1B3583F924B083F5348583F9C
:10C640009BF5083F7FDC573F4E9F093F2670573FC1
:10C65000AD480A3F4803573FB7F10A3FE595563FBB
:10C660006B9A0B3FFE27563FC9420C3F93B9553F8B
:10C67000D0EA0C3FA44A553F81920D3F31DB543F35
:10C68000DA390E3F3B6B543FDBE00E3FC3FA533FBA
:10C6900084870F3FC789533FD52D103F4918533F1B
:10C6A000CDD3103F49A6523F6B79113FC633523F5D
:10C6B000B01E123FC2C0513F9AC3123F3D4D513F81
:10C6C0002A68133F37D9503F5F0C143FAF64503F87
:10C6D00039B0143FA8EF4F3FB753153F1F7A4F3F74
:10C6E000D9F6153F17044F3F9F99163F908D4E3F47
:10C6F000073C173F89164E3F12DE173F029F4D3F02
:10C70000C07F183FFD264D3F0F21193F79AE4C3FAA
:10C7100000C2193F78354C3F93621A3FF8BB4B3F3C
:10C72000C6021B3FFA414B3F99A21B3F7FC74A3FBE
:10C730000C421C3F874C4A3F1FE11C3F12D1493F2E
:10C74000D17F1D3F2155493F221E1E3FB3D8483F90
:10C7500012BC1E3FCA5B483F9F591F3F65DE473FE3
:10C76000CBF61F3F8560473F9393203F2AE2463F29
:10C77000F92F213F5463463FFBCB213F03E4453F64
:10C780009967223F3964453FD302233FF5E3443F95
:10C79000A99D233F3763443F1A38243F00E2433FBB
:10C7A00025D2243F5160433FCB6B253F29DE423FDA
:10C7B0000A05263F895B423FE39D263F70D8413FF3
:10C7C0005636273FE154413F61CE273FDAD0403F04
:10C7D0000566283F5C4C403F41FD283F67C73F3F0F
:10C7E0001594293FFC413F3F802A2A3F1BBC3E3F16
:10C7F00082C02A3FC5353E3F1B562B3FF9AE3D3F19
:10C800004AEB2B3FB8273D3F0F802C3F03A03C3F16
:10C8100069142D3FD9173C3F59A82D3F3B8F3B3F13
:10C82000DE3B2E3F29063B3FF7CE2E3FA47C3A3F0E
:10C83000A5612F3FACF2393FE6F32F3F4268393F05
:10C84000BB85303F65DD383F2217313F1652383FF8
:10C850001DA8313F55C6373FAA38323F233A373FEC
:10C86000C9C8323F7FAD363F7A58333F6C20363FE0
:10C87000BCE7333FE792353F8F76343FF304353FD3
:10C88000F304353F8F76343FE792353FBCE7333FC3
:10C890006C20363F7A58333F7FAD363FC9C8323FB0
:10C8A000233A373FAA38323F55C6373F1DA8313F9C
:10C8B0001652383F2217313F65DD383FBB85303F88
:10C8C0004268393FE6F32F3FACF2393FA5612F3F75
:10C8D000A47C3A3FF7CE2E3F29063B3FDE3B2E3F5E
:10C8E0003B8F3B3F59A82D3FD9173C3F69142D3F43
:10C8F00003A03C3F0F802C3FB8273D3F4AEB2B3F26
:10C90000F9AE3D3F1B562B3FC5353E3F82C02A3F07
:10C910001BBC3E3F802A2A3FFC413F3F1594293FE4
:10C9200067C73F3F41FD283F5C4C403F0566283FBD
:10C93000DAD0403F61CE273FE154413F5636273F92
:10C9400070D8413FE39D263F895B423F0A05263F61
:10C9500029DE423FCB6B253F5160433F25D2243F28
:10C9600000E2433F1A38243F3763443FA99D233FE9
:10C97000F5E3443FD302233F3964453F9967223FA3
:10C9800003E4453FFBCB213F5463463FF92F213F52
:10C990002AE2463F9393203F8560473FCBF61F3FF7
:10C9A00065DE473F9F591F3FCA5B483F12BC1E3F91
:10C9B000B3D8483F221E1E3F2155493FD17F1D3F1E
:10C9C00012D1493F1FE11C3F874C4A3F0C421C3F9C
:10C9D0007FC74A3F99A21B3FFA414B3FC6021B3F0C
:10C9E000F8BB4B3F93621A3F78354C3F00C2193F6A
:10C9F00079AE4C3F0F21193FFD264D3FC07F183FB8
:10CA0000029F4D3F12DE173F89164E3F073C173FEE
:10CA1000908D4E3F9F99163F17044F3FD9F6153F13
:10CA20001F7A4F3FB753153FA8EF4F3F39B0143F20
:10CA3000AF64503F5F0C143F37D9503F2A68133F13
:10CA40003D4D513F9AC3123FC2C0513FB01E123FED
:10CA5000C633523F6B79113F49A6523FCDD3103FA9
:10CA60004918533FD52D103FC789533F84870F3F47
:10CA7000C3FA533FDBE00E3F3B6B543FDA390E3FC6
:10CA800031DB543F81920D3FA44A553FD0EA0C3F21
:10CA900093B9553FC9420C3FFE27563F6B9A0B3F57
:10CAA000E595563FB7F10A3F4803573FAD480A3F67
:10CAB0002670573F4E9F093F7FDC573F9BF5083F4D
:10CAC0005348583F924B083FA1B3583F36A1073F08
:10CAD0006A1E593F86F6063FAD88593F824B063F96
:10CAE0006AF2593F2CA0053FA05B5A3F84F4043FF3
:10CAF00050C45A3F8948043F792C5B3F3D9C033F1B
:10CB00001A945B3F9FEF023F34FB5B3FB142023F11
:10CB1000C7615C3F7395013FD1C75C3FE4E7003FCD
:10CB2000532D5D3F063A003F4D925D3FB217FF3EE9
:10CB3000BEF65D3FBBBAFD3EA65A5E3F275DFC3E9A
:10CB400005BE5E3FF7FEFA3EDB205F3F2DA0F93EBB
:10CB500027835F3FC840F83EE9E45F3FCBE0F63E05
:10CB60002146603F3580F53ECFA6603F071FF43E6B
:10CB7000F206613F43BDF23E8A66613FEA5AF13EEA
:10CB800098C5613FFBF7EF3E1A24623F7994EE3E71
:10CB90001082623F6330ED3E7BDF623FBBCBEB3EFA
:10CBA0005A3C633F8166EA3EAC98633FB700E93E7A
:10CBB00073F4633F5D9AE73EAC4F643F7533E63EE6
:10CBC00059AA643FFECBE43E7904653FFA63E33E35
:10CBD0000B5E653F6AFBE13E10B7653F4F92E03E5A
:10CBE000880F663FA928DF3E7167663F79BEDD3E4C
:10CBF000CCBE663FC153DC3E9915673F80E8DA3E04
:10CC0000D86B673FB97CD93E87C1673F6B10D83E70
:10CC1000A816683F99A3D63E396B683F4136D53E8A
:10CC20003CBF683F67C8D33EAE12693F095AD23E47
:10CC30009165693F2AEBD03EE4B7693FCA7BCF3E9E
:10CC4000A7096A3FEA0BCE3ED95A6A3F8B9BCC3E7E
:10CC50007BAB6A3FAE2ACB3E8CFB6A3F53B9C93EE1
:10CC60000C4B6B3F7C47C83EFB996B3F29D5C63EBA
:10CC700058E86B3F5C62C53E24366C3F15EFC33EFF
:10CC80005E836C3F557BC23E07D06C3F1E07C13EA2
:10CC90001D1C6D3F6F92BF3EA1676D3F4A1DBE3E9A
:10CCA00093B26D3FAFA7BC3EF2FC6D3FA031BB3EDF
:10CCB000BE466E3F1EBBB93EF88F6E3F2A44B83E5B
:10CCC0009ED86E3FC3CCB63EB0206F3FEC54B53E0D
:10CCD00030686F3FA5DCB33E1BAF6F3FEF63B23EE2
:10CCE00073F56F3FCBEAB03E373B703F3A71AF3ED2
:10CCF0006680703F3CF7AD3E02C5703FD47CAC3ED1
:10CD00000809713F0102AB3E7A4C713FC486A93ECF
:10CD1000578F713F1F0BA83E9FD1713F128FA63EC8
:10CD20005213723F9F12A53E7054723FC595A33EA9
:10CD3000F894723F8718A23EEBD4723FE59AA03E6A
:10CD40004714733FDF1C9F3E0E53733F789E9D3EFA
:10CD50003F91733FAF1F9C3ED9CE733F86A09A3E52
:10CD6000DD0B743FFE20993E4B48743F17A1973E60
:10CD70002284743FD220963E62BF743F31A0943E1D
:10CD80000BFA743F351F933E1D34753FDD9D913E78
:10CD9000976D753F2C1C903E7BA6753F229A8E3E68
:10CDA000C6DE753FC0178D3E7A16763F07958B3EDF
:10CDB000974D763FF8118A3E1B84763F938E883ECE
:10CDC00007BA763FDA0A873E5BEF763FCE86853E2E
:10CDD0001724773F7002843E3A58773FC07D823EE9
:10CDE000C58B773FC0F8803EB7BE773FE1E67E3E19
:10CDF00010F1773FA4DB7B3ED122783FCCCF783E49
:10CE0000F853783F5AC3753E8684783F51B6723ED8
:10CE10007BB4783FB2A86F3ED6E3783F7F9A6C3EF2
:10CE20009812793FBA8B693EC040793F667C663E76
:10CE30004E6E793F836C633E439B793F135C603E4B
:10CE40009DC7793F1A4B5D3E5EF3793F97395A3E55
:10CE5000841E7A3F8F27573E10497A3F0115543E72
:10CE600002737A3FF101513E599C7A3F60EE4D3E8C
:10CE700016C57A3F4FDA4A3E37ED7A3FC2C5473E84
:10CE8000BE147B3FB9B0443EAB3B7B3F379B413E3A
:10CE9000FC617B3F3E853E3EB2877B3FCF6E3B3E93
:10CEA000CDAC7B3FEC57383E4DD17B3F9840353E73
:10CEB00031F57B3FD428323E7A187C3FA2102F3EBA
:10CEC000283B7C3F04F82B3E3A5D7C3FFCDE283E4D
:10CED000B07E7C3F8CC5253E8A9F7C3FB6AB223E10
:10CEE000C9BF7C3F7B911F3E6CDF7C3FDE761C3EE2
:10CEF00073FE7C3FE05B193EDD1C7D3F8340163EA8
:10CF0000AC3A7D3FCA24133EDE577D3FB708103E42
:10CF100074747D3F4AEC0C3E6E907D3F86CF093E97
:10CF2000CCAB7D3F6EB2063E8CC67D3F0295033E84
:10CF3000B1E07D3F4577003E38FA7D3F73B2FA3D60
:10CF400024137E3FC075F43D722B7E3F7638EE3D54
:10CF500023437E3F9AFAE73D385A7E3F2EBCE13D9F
:10CF6000B0707E3F377DDB3D8B867E3FB93DD53D42
:10CF7000C99B7E3FB7FDCE3D69B07E3F36BDC83D03
:10CF80006DC47E3F397CC23DD4D77E3FC33ABC3DA1
:10CF90009DEA7E3FDAF8B53DC9FC7E3F80B6AF3DE5
:10CFA000580E7F3FBA73A93D491F7F3F8C30A33D88
:10CFB0009D2F7F3FF9EC9C3D543F7F3F05A9963D57
:10CFC0006D4E7F3FB464903DE95C7F3F0A208A3D0F
:10CFD000C76A7F3F0ADB833D08787F3F742B7B3D28
:10CFE000AB847F3F38A06E3DB1907F3F6814623DB7
:10CFF000189C7F3F0E88553DE3A67F3F2FFB483DA1
:10D000000FB17F3FD56D3C3D9EBA7F3F07E02F3D7E
:10D010008FC37F3FCC51233DE2CB7F3F2CC3163DD6
:10D0200098D37F3F2F340A3DAFDA7F3FB949FB3CAD
:10D0300029E17F3F7B2AE23C05E77F3FB00AC93CFC
:10D0400043EC7F3F69EAAF3CE3F07F3FB6C9963CD3
:10D05000E6F47F3F4B517B3C4AF87F3F900E493CC2
:10D0600011FB7F3F59CB163C39FD7F3F890FC93BF0
:10D07000C4FE7F3FC70F493BB1FF7F3F0000000068
:10D080000000803FC70F49BBB1FF7F3F890FC9BB7D
:10D09000C4FE7F3F59CB16BC39FD7F3F900E49BC83
:10D0A00011FB7F3F4B517BBC4AF87F3FB6C996BC12
:10D0B000E6F47F3F69EAAFBCE3F07F3FB00AC9BC4A
:10D0C00043EC7F3F7B2AE2BC05E77F3FB949FBBCCD
:10D0D00029E17F3F2F340ABDAFDA7F3F2CC316BD55
:10D0E00098D37F3FCC5123BDE2CB7F3F07E02FBDDC
:10D0F0008FC37F3FD56D3CBD9EBA7F3F2FFB48BDA0
:10D100000FB17F3F0E8855BDE3A67F3F681462BD17
:10D11000189C7F3F38A06EBDB1907F3F742B7BBDC4
:10D12000AB847F3F0ADB83BD08787F3F0A208ABD3E
:10D13000C76A7F3FB46490BDE95C7F3F05A996BD97
:10D140006D4E7F3FF9EC9CBD543F7F3F8C30A3BDBB
:10D150009D2F7F3FBA73A9BD491F7F3F80B6AFBDEA
:10D16000580E7F3FDAF8B5BDC9FC7E3FC33ABCBD5F
:10D170009DEA7E3F397CC2BDD4D77E3F36BDC8BD57
:10D180006DC47E3FB7FDCEBD69B07E3FB93DD5BD14
:10D19000C99B7E3F377DDBBD8B867E3F2EBCE1BDCC
:10D1A000B0707E3F9AFAE7BD385A7E3F7638EEBDC2
:10D1B00023437E3FC075F4BD722B7E3F73B2FABD30
:10D1C00024137E3F457700BE38FA7D3F029503BEAB
:10D1D000B1E07D3F6EB206BE8CC67D3F86CF09BEF4
:10D1E000CCAB7D3F4AEC0CBE6E907D3FB70810BEC5
:10D1F00074747D3FCA2413BEDE577D3F834016BE44
:10D20000AC3A7D3FE05B19BEDD1C7D3FDE761CBE87
:10D2100073FE7C3F7B911FBE6CDF7C3FB6AB22BEB2
:10D22000C9BF7C3F8CC525BE8A9F7C3FFCDE28BEE3
:10D23000B07E7C3F04F82BBE3A5D7C3FA2102FBE2F
:10D24000283B7C3FD42832BE7A187C3F984035BEBC
:10D2500031F57B3FEC5738BE4DD17B3FCF6E3BBEA7
:10D26000CDAC7B3F3E853EBEB2877B3F379B41BE08
:10D27000FC617B3FB9B044BEAB3B7B3FC2C547BE00
:10D28000BE147B3F4FDA4ABE37ED7A3F60EE4DBEAB
:10D2900016C57A3FF10151BE599C7A3F011554BE23
:10D2A00002737A3F8F2757BE10497A3F97395ABE8B
:10D2B000841E7A3F1A4B5DBE5EF3793F135C60BEFD
:10D2C0009DC7793F836C63BE439B793F667C66BE96
:10D2D0004E6E793FBA8B69BEC040793F7F9A6CBE73
:10D2E0009812793FB2A86FBED6E3783F51B672BEAE
:10D2F0007BB4783F5AC375BE8684783FCCCF78BE66
:10D30000F853783FA4DB7BBED122783FE1E67EBEB6
:10D3100010F1773FC0F880BEB7BE773FC07D82BEB8
:10D32000C58B773F700284BE3A58773FCE8685BE64
:10D330001724773FDA0A87BE5BEF763F938E88BE6D
:10D3400007BA763FF8118ABE1B84763F07958BBEDD
:10D35000974D763FC0178DBE7A16763F229A8EBEC5
:10D36000C6DE753F2C1C90BE7BA6753FDD9D91BE31
:10D37000976D753F351F93BE1D34753F31A094BE28
:10D380000BFA743FD22096BE62BF743F17A197BEBE
:10D390002284743FFE2099BE4B48743F86A09ABEFB
:10D3A000DD0B743FAF1F9CBED9CE733F789E9DBEF0
:10D3B0003F91733FDF1C9FBE0E53733FE59AA0BEA3
:10D3C0004714733F8718A2BEEBD4723FC595A3BE26
:10D3D000F894723F9F12A5BE7054723F128FA6BE82
:10D3E0005213723F1F0BA8BE9FD1713FC486A9BEC6
:10D3F000578F713F0102ABBE7A4C713FD47CACBEFB
:10D400000809713F3CF7ADBE02C5703F3A71AFBE2F
:10D410006680703FCBEAB0BE373B703FEF63B2BE71
:10D4200073F56F3FA5DCB3BE1BAF6F3FEC54B5BEC9
:10D4300030686F3FC3CCB6BEB0206F3F2A44B8BE41
:10D440009ED86E3F1EBBB9BEF88F6E3FA031BBBEEB
:10D45000BE466E3FAFA7BCBEF2FC6D3F4A1DBEBECE
:10D4600093B26D3F6F92BFBEA1676D3F1E07C1BEF5
:10D470001D1C6D3F557BC2BE07D06C3F15EFC3BE70
:10D480005E836C3F5C62C5BE24366C3F29D5C6BE48
:10D4900058E86B3F7C47C8BEFB996B3F53B9C9BE88
:10D4A0000C4B6B3FAE2ACBBE8CFB6A3F8B9BCCBE3A
:10D4B0007BAB6A3FEA0BCEBED95A6A3FCA7BCFBE6E
:10D4C000A7096A3F2AEBD0BEE4B7693F095AD2BE2A
:10D4D0009165693F67C8D3BEAE12693F4136D5BE7C
:10D4E0003CBF683F99A3D6BE396B683F6B10D8BE6E
:10D4F000A816683FB97CD9BE87C1673F80E8DABE0D
:10D50000D86B673FC153DCBE9915673F79BEDDBE5E
:10D51000CCBE663FA928DFBE7167663F4F92E0BE72
:10D52000880F663F6AFBE1BE10B7653FFA63E3BE52
:10D530000B5E653FFECBE4BE7904653F7533E6BE06
:10D5400059AA643F5D9AE7BEAC4F643FB700E9BE9D
:10D5500073F4633F8166EABEAC98633FBBCBEBBE1E
:10D560005A3C633F6330EDBE7BDF623F7994EEBE91
:10D570001082623FFBF7EFBE1A24623FEA5AF1BE07
:10D5800098C5613F43BDF2BE8A66613F071FF4BE86
:10D59000F206613F3580F5BECFA6603FCBE0F6BE18
:10D5A0002146603FC840F8BEE9E45F3F2DA0F9BEC8
:10D5B00027835F3FF7FEFABEDB205F3F275DFCBE9F
:10D5C00005BE5E3FBBBAFDBEA65A5E3FB217FFBEA8
:10D5D000BEF65D3F063A00BF4D925D3FE4E700BFF7
:10D5E000532D5D3F739501BFD1C75C3FB14202BF70
:10D5F000C7615C3F9FEF02BF34FB5B3F3D9C03BFB5
:10D600001A945B3F894804BF792C5B3F84F404BFC4
:10D6100050C45A3F2CA005BFA05B5A3F824B06BFA7
:10D620006AF2593F86F606BFAD88593F36A107BF5B
:10D630006A1E593F924B08BFA1B3583F9BF508BFE4
:10D640005348583F4E9F09BF7FDC573FAD480ABF44
:10D650002670573FB7F10ABF4803573F6B9A0BBF7D
:10D66000E595563FC9420CBFFE27563FD0EA0CBF96
:10D6700093B9553F81920DBFA44A553FDA390EBF89
:10D6800031DB543FDBE00EBF3B6B543F84870FBF61
:10D69000C3FA533FD52D10BFC789533FCDD310BF19
:10D6A0004918533F6B7911BF49A6523FB01E12BFB4
:10D6B000C633523F9AC312BFC2C0513F2A6813BF3C
:10D6C0003D4D513F5F0C14BF37D9503F39B014BFA7
:10D6D000AF64503FB75315BFA8EF4F3FD9F615BF02
:10D6E0001F7A4F3F9F9916BF17044F3F073C17BF44
:10D6F000908D4E3F12DE17BF89164E3FC07F18BF78
:10D70000029F4D3F0F2119BFFD264D3F00C219BF9B
:10D7100079AE4C3F93621ABF78354C3FC6021BBFAF
:10D72000F8BB4B3F99A21BBFFA414B3F0C421CBFB9
:10D730007FC74A3F1FE11CBF874C4A3FD17F1DBFB7
:10D7400012D1493F221E1EBF2155493F12BC1EBFA8
:10D75000B3D8483F9F591FBFCA5B483FCBF61FBF96
:10D7600065DE473F939320BF8560473FF92F21BF78
:10D770002AE2463FFBCB21BF5463463F996722BF55
:10D7800003E4453FD30223BF3964453FA99D23BF2E
:10D79000F5E3443F1A3824BF3763443F25D224BF02
:10D7A00000E2433FCB6B25BF5160433F0A0526BFD4
:10D7B00029DE423FE39D26BF895B423F563627BFA5
:10D7C00070D8413F61CE27BFE154413F056628BF75
:10D7D000DAD0403F41FD28BF5C4C403F159429BF43
:10D7E00067C73F3F802A2ABFFC413F3F82C02ABF14
:10D7F0001BBC3E3F1B562BBFC5353E3F4AEB2BBFE4
:10D80000F9AE3D3F0F802CBFB8273D3F69142DBFB7
:10D8100003A03C3F59A82DBFD9173C3FDE3B2EBF8C
:10D820003B8F3B3FF7CE2EBF29063B3FA5612FBF65
:10D83000A47C3A3FE6F32FBFACF2393FBB8530BF43
:10D840004268393F221731BF65DD383F1DA831BF1F
:10D850001652383FAA3832BF55C6373FC9C832BF03
:10D86000233A373F7A5833BF7FAD363FBCE733BFEB
:10D870006C20363F8F7634BFE792353FF30435BFD7
:10D88000F304353FE79235BF8F76343F6C2036BFC7
:10D89000BCE7333F7FAD36BF7A58333F233A37BFBB
:10D8A000C9C8323F55C637BFAA38323F165238BFB3
:10D8B0001DA8313F65DD38BF2217313F426839BFAF
:10D8C000BB85303FACF239BFE6F32F3FA47C3ABFB3
:10D8D000A5612F3F29063BBFF7CE2E3F3B8F3BBFB5
:10D8E000DE3B2E3FD9173CBF59A82D3F03A03CBFBC
:10D8F00069142D3FB8273DBF0F802C3FF9AE3DBFC7
:10D900004AEB2B3FC5353EBF1B562B3F1BBC3EBFD2
:10D9100082C02A3FFC413FBF802A2A3F67C73FBFE2
:10D920001594293F5C4C40BF41FD283FDAD040BFF1
:10D930000566283FE15441BF61CE273F70D841BF03
:10D940005636273F895B42BFE39D263F29DE42BF13
:10D950000A05263F516043BFCB6B253F00E243BF22
:10D9600025D2243F376344BF1A38243FF5E344BF30
:10D97000A99D233F396445BFD302233F03E445BF3C
:10D980009967223F546346BFFBCB213F2AE246BF43
:10D99000F92F213F856047BF9393203F65DE47BF46
:10D9A000CBF61F3FCA5B48BF9F591F3FB3D848BF44
:10D9B00012BC1E3F215549BF221E1E3F12D149BF36
:10D9C000D17F1D3F874C4ABF1FE11C3F7FC74ABF25
:10D9D0000C421C3FFA414BBF99A21B3FF8BB4BBF07
:10D9E000C6021B3F78354CBF93621A3F79AE4CBFDD
:10D9F00000C2193FFD264DBF0F21193F029F4DBFA9
:10DA0000C07F183F89164EBF12DE173F908D4EBF64
:10DA1000073C173F17044FBF9F99163F1F7A4FBF10
:10DA2000D9F6153FA8EF4FBFB753153FAF6450BFAE
:10DA300039B0143F37D950BF5F0C143F3D4D51BF33
:10DA40002A68133FC2C051BF9AC3123FC63352BFA8
:10DA5000B01E123F49A652BF6B79113F491853BF00
:10DA6000CDD3103FC78953BFD52D103FC3FA53BF45
:10DA700084870F3F3B6B54BFDBE00E3F31DB54BF6D
:10DA8000DA390E3FA44A55BF81920D3F93B955BF75
:10DA9000D0EA0C3FFE2756BFC9420C3FE59556BF62
:10DAA0006B9A0B3F480357BFB7F10A3F267057BF29
:10DAB000AD480A3F7FDC57BF4E9F093F534858BFD0
:10DAC0009BF5083FA1B358BF924B083F6A1E59BF50
:10DAD00036A1073FAD8859BF86F6063F6AF259BFA7
:10DAE000824B063FA05B5ABF2CA0053F50C45ABFD3
:10DAF00084F4043F792C5BBF8948043F1A945BBFD0
:10DB00003D9C033F34FB5BBF9FEF023FC7615CBF9F
:10DB1000B142023FD1C75CBF7395013F532D5DBF3A
:10DB2000E4E7003F4D925DBF063A003FBEF65DBFA1
:10DB3000B217FF3EA65A5EBFBBBAFD3E05BE5EBF32
:10DB4000275DFC3EDB205FBFF7FEFA3E27835FBF09
:10DB50002DA0F93EE9E45FBFC840F83E214660BF12
:10DB6000CBE0F63ECFA660BF3580F53EF20661BF42
:10DB7000071FF43E8A6661BF43BDF23E98C561BF90
:10DB8000EA5AF13E1A2462BFFBF7EF3E108262BFF1
:10DB90007994EE3E7BDF62BF6330ED3E5A3C63BF5B
:10DBA000BBCBEB3EAC9863BF8166EA3E73F463BFC8
:10DBB000B700E93EAC4F64BF5D9AE73E59AA64BF27
:10DBC0007533E63E790465BFFECBE43E0B5E65BF70
:10DBD000FA63E33E10B765BF6AFBE13E880F66BF9C
:10DBE0004F92E03E716766BFA928DF3ECCBE66BF9C
:10DBF00079BEDD3E991567BFC153DC3ED86B67BF68
:10DC000080E8DA3E87C167BFB97CD93EA81668BFF5
:10DC10006B10D83E396B68BF99A3D63E3CBF68BF36
:10DC20004136D53EAE1269BF67C8D33E916569BF24
:10DC3000095AD23EE4B769BF2AEBD03EA7096ABFB2
:10DC4000CA7BCF3ED95A6ABFEA0BCE3E7BAB6ABFD6
:10DC50008B9BCC3E8CFB6ABFAE2ACB3E0C4B6BBF82
:10DC600053B9C93EFB996BBF7C47C83E58E86BBFB0
:10DC700029D5C63E24366CBF5C62C53E5E836CBF50
:10DC800015EFC33E07D06CBF557BC23E1D1C6DBF58
:10DC90001E07C13EA1676DBF6F92BF3E93B26DBFBD
:10DCA0004A1DBE3EF2FC6DBFAFA7BC3EBE466EBF76
:10DCB000A031BB3EF88F6EBF1EBBB93E9ED86EBF73
:10DCC0002A44B83EB0206FBFC3CCB63E30686FBFA9
:10DCD000EC54B53E1BAF6FBFA5DCB33E73F56FBF11
:10DCE000EF63B23E373B70BFCBEAB03E668070BF99
:10DCF0003A71AF3E02C570BF3CF7AD3E080971BF37
:10DD0000D47CAC3E7A4C71BF0102AB3E578F71BFE1
:10DD1000C486A93E9FD171BF1F0BA83E521372BF8C
:10DD2000128FA63E705472BF9F12A53EF89472BF28
:10DD3000C595A33EEBD472BF8718A23E471473BFAC
:10DD4000E59AA03E0E5373BFDF1C9F3E3F9173BF09
:10DD5000789E9D3ED9CE73BFAF1F9C3EDD0B74BF36
:10DD600086A09A3E4B4874BFFE20993E228474BF21
:10DD700017A1973E62BF74BFD220963E0BFA74BFC4
:10DD800031A0943E1D3475BF351F933E976D75BF0E
:10DD9000DD9D913E7BA675BF2C1C903EC6DE75BFF7
:10DDA000229A8E3E7A1676BFC0178D3E974D76BF6B
:10DDB00007958B3E1B8476BFF8118A3E07BA76BF63
:10DDC000938E883E5BEF76BFDA0A873E172477BFD3
:10DDD000CE86853E3A5877BF7002843EC58B77BFAA
:10DDE000C07D823EB7BE77BFC0F8803E10F177BFDE
:10DDF000E1E67E3ED12278BFA4DB7B3EF85378BFBC
:10DE0000CCCF783E868478BF5AC3753E7BB478BF4A
:10DE100051B6723ED6E378BFB2A86F3E981279BF72
:10DE20007F9A6C3EC04079BFBA8B693E4E6E79BF17
:10DE3000667C663E439B79BF836C633E9DC779BF1A
:10DE4000135C603E5EF379BF1A4B5D3E841E7ABF61
:10DE500097395A3E10497ABF8F27573E02737ABFCF
:10DE60000115543E599C7ABFF101513E16C57ABF47
:10DE700060EE4D3E37ED7ABF4FDA4A3EBE147BBFAF
:10DE8000C2C5473EAB3B7BBFB9B0443EFC617BBFE4
:10DE9000379B413EB2877BBF3E853E3ECDAC7BBFCC
:10DEA000CF6E3B3E4DD17BBFEC57383E31F57BBF4B
:10DEB0009840353E7A187CBFD428323E283B7CBF40
:10DEC000A2102F3E3A5D7CBF04F82B3EB07E7CBF93
:10DED000FCDE283E8A9F7CBF8CC5253EC9BF7CBF27
:10DEE000B6AB223E6CDF7CBF7B911F3E73FE7CBFD6
:10DEF000DE761C3EDD1C7DBFE05B193EAC3A7DBF8B
:10DF00008340163EDE577DBFCA24133E74747DBF26
:10DF1000B708103E6E907DBF4AEC0C3ECCAB7DBF87
:10DF200086CF093E8CC67DBF6EB2063EB1E07DBF96
:10DF30000295033E38FA7DBF4577003E24137EBF2D
:10DF400073B2FA3D722B7EBFC075F43D23437EBF92
:10DF50007638EE3D385A7EBF9AFAE73DB0707EBF04
:10DF60002EBCE13D8B867EBF377DDB3DC99B7EBFEE
:10DF7000B93DD53D69B07EBFB7FDCE3D6DC47EBF16
:10DF800036BDC83DD4D77EBF397CC23D9DEA7EBF39
:10DF9000C33ABC3DC9FC7EBFDAF8B53D580E7FBF21
:10DFA00080B6AF3D491F7FBFBA73A93D9D2F7FBF8C
:10DFB0008C30A33D543F7FBFF9EC9C3D6D4E7FBF3D
:10DFC00005A9963DE95C7FBFB464903DC76A7FBFF9
:10DFD0000A208A3D08787FBF0ADB833DAB847FBF80
:10DFE000742B7B3DB1907FBF38A06E3D189C7FBFE6
:10DFF0006814623DE3A67FBF0E88553D0FB17FBF19
:10E000002FFB483D9EBA7FBFD56D3C3D8FC37FBF80
:10E0100007E02F3DE2CB7FBFCC51233D98D37FBF9C
:10E020002CC3163DAFDA7FBF2F340A3D29E17FBFF5
:10E03000B949FB3C05E77FBF7B2AE23C43EC7FBF4D
:10E04000B00AC93CE3F07FBF69EAAF3CE6F47FBFAA
:10E05000B6C9963C4AF87FBF4B517B3C11FB7FBF52
:10E06000900E493C39FD7FBF59CB163CC4FE7FBFA3
:10E07000890FC93BB1FF7FBFC70F493B000080BF7D
:10E0800000000000B1FF7FBFC70F49BBC4FE7FBFC8
:10E09000890FC9BB39FD7FBF59CB16BC11FB7FBFB0
:10E0A000900E49BC4AF87FBF4B517BBCE6F47FBF62
:10E0B000B6C996BCE3F07FBF69EAAFBC43EC7FBF53
:10E0C000B00AC9BC05E77FBF7B2AE2BC29E17FBF5C
:10E0D000B949FBBCAFDA7FBF2F340ABD98D37FBFED
:10E0E0002CC316BDE2CB7FBFCC5123BD8FC37FBFF6
:10E0F00007E02FBD9EBA7FBFD56D3CBD0FB17FBF7E
:10E100002FFB48BDE3A67FBF0E8855BD189C7FBF7F
:10E11000681462BDB1907FBF38A06EBDAB847FBF75
:10E12000742B7BBD08787FBF0ADB83BDC76A7FBFC6
:10E130000A208ABDE95C7FBFB46490BD6D4E7FBF8D
:10E1400005A996BD543F7FBFF9EC9CBD9D2F7FBFB5
:10E150008C30A3BD491F7FBFBA73A9BD580E7FBFC6
:10E1600080B6AFBDC9FC7EBFDAF8B5BD9DEA7EBF03
:10E17000C33ABCBDD4D77EBF397CC2BD6DC47EBF9F
:10E1800036BDC8BD69B07EBFB7FDCEBDC99B7EBFE1
:10E19000B93DD5BD8B867EBF377DDBBDB0707EBF00
:10E1A0002EBCE1BD385A7EBF9AFAE7BD23437EBF3D
:10E1B0007638EEBD722B7EBFC075F4BD24137EBFD2
:10E1C00073B2FABD38FA7DBF457700BEB1E07DBFBE
:10E1D000029503BE8CC67DBF6EB206BECCAB7DBFC2
:10E1E00086CF09BE6E907DBF4AEC0CBE74747DBFB5
:10E1F000B70810BEDE577DBFCA2413BEAC3A7DBF40
:10E20000834016BEDD1C7DBFE05B19BE73FE7CBF84
:10E21000DE761CBE6CDF7CBF7B911FBEC9BF7CBF9E
:10E22000B6AB22BE8A9F7CBF8CC525BEB07E7CBFAC
:10E23000FCDE28BE3A5D7CBF04F82BBE283B7CBFC9
:10E24000A2102FBE7A187CBFD42832BE31F57BBF16
:10E25000984035BE4DD17BBFEC5738BECDAC7BBFAF
:10E26000CF6E3BBEB2877BBF3E853EBEFC617BBFAF
:10E27000379B41BEAB3B7BBFB9B044BEBE147BBF36
:10E28000C2C547BE37ED7ABF4FDA4ABE16C57ABF60
:10E2900060EE4DBE599C7ABFF10151BE02737ABF48
:10E2A000011554BE10497ABF8F2757BE841E7ABF0E
:10E2B00097395ABE5EF379BF1A4B5DBE9DC779BFD1
:10E2C000135C60BE439B79BF836C63BE4E6E79BFA7
:10E2D000667C66BEC04079BFBA8B69BE981279BFB2
:10E2E0007F9A6CBED6E378BFB2A86FBE7BB478BF0E
:10E2F00051B672BE868478BF5AC375BEF85378BFD4
:10E30000CCCF78BED12278BFA4DB7BBE10F177BF23
:10E31000E1E67EBEB7BE77BFC0F880BEC58B77BFD3
:10E32000C07D82BE3A5877BF700284BE172477BF83
:10E33000CE8685BE5BEF76BFDA0A87BE07BA76BFA8
:10E34000938E88BE1B8476BFF8118ABE974D76BF28
:10E3500007958BBE7A1676BFC0178DBEC6DE75BF19
:10E36000229A8EBE7BA675BF2C1C90BE976D75BF82
:10E37000DD9D91BE1D3475BF351F93BE0BFA74BF72
:10E3800031A094BE62BF74BFD22096BE228474BFF7
:10E3900017A197BE4B4874BFFE2099BEDD0B74BF1A
:10E3A00086A09ABED9CE73BFAF1F9CBE3F9173BFEC
:10E3B000789E9DBE0E5373BFDF1C9FBE471473BF74
:10E3C000E59AA0BEEBD472BF8718A2BEF89472BFC4
:10E3D000C595A3BE705472BF9F12A5BE521372BFE3
:10E3E000128FA6BE9FD171BF1F0BA8BE578F71BFE2
:10E3F000C486A9BE7A4C71BF0102ABBE080971BFC9
:10E40000D47CACBE02C570BF3CF7ADBE668070BFA9
:10E410003A71AFBE373B70BFCBEAB0BE73F56FBF8A
:10E42000EF63B2BE1BAF6FBFA5DCB3BE30686FBF7A
:10E43000EC54B5BEB0206FBFC3CCB6BE9ED86EBF85
:10E440002A44B8BEF88F6EBF1EBBB9BEBE466EBFB3
:10E45000A031BBBEF2FC6DBFAFA7BCBE93B26DBF17
:10E460004A1DBEBEA1676DBF6F92BFBE1D1C6DBFB2
:10E470001E07C1BE07D06CBF557BC2BE5E836CBF9A
:10E4800015EFC3BE24366CBF5C62C5BE58E86BBFD7
:10E4900029D5C6BEFB996BBF7C47C8BE0C4B6BBF72
:10E4A00053B9C9BE8CFB6ABFAE2ACBBE7BAB6ABF79
:10E4B0008B9BCCBED95A6ABFEA0BCEBEA7096ABFF6
:10E4C000CA7BCFBEE4B769BF2AEBD0BE916569BFF6
:10E4D000095AD2BEAE1269BF67C8D3BE3CBF68BF7F
:10E4E0004136D5BE396B68BF99A3D6BEA81668BFA2
:10E4F0006B10D8BE87C167BFB97CD9BED86B67BF68
:10E5000080E8DABE991567BFC153DCBECCBE66BFDA
:10E5100079BEDDBE716766BFA928DFBE880F66BF02
:10E520004F92E0BE10B765BF6AFBE1BE0B5E65BFF0
:10E53000FA63E3BE790465BFFECBE4BE59AA64BFAB
:10E540007533E6BEAC4F64BF5D9AE7BE73F463BF3C
:10E55000B700E9BEAC9863BF8166EABE5A3C63BFB0
:10E56000BBCBEBBE7BDF62BF6330EDBE108262BF10
:10E570007994EEBE1A2462BFFBF7EFBE98C561BF67
:10E58000EA5AF1BE8A6661BF43BDF2BEF20661BFC0
:10E59000071FF4BECFA660BF3580F5BE214660BF21
:10E5A000CBE0F6BEE9E45FBFC840F8BE27835FBF9B
:10E5B0002DA0F9BEDB205FBFF7FEFABE05BE5EBF31
:10E5C000275DFCBEA65A5EBFBBBAFDBEBEF65DBFF0
:10E5D000B217FFBE4D925DBF063A00BF532D5DBF1F
:10E5E000E4E700BFD1C75CBF739501BFC7615CBFE3
:10E5F000B14202BF34FB5BBF9FEF02BF1A945BBF07
:10E600003D9C03BF792C5BBF894804BF50C45ABFEF
:10E6100084F404BFA05B5ABF2CA005BF6AF259BFA7
:10E62000824B06BFAD8859BF86F606BF6A1E59BF2A
:10E6300036A107BFA1B358BF924B08BF534858BF7C
:10E640009BF508BF7FDC57BF4E9F09BF267057BFA1
:10E65000AD480ABF480357BFB7F10ABFE59556BF9B
:10E660006B9A0BBFFE2756BFC9420CBF93B955BF6B
:10E67000D0EA0CBFA44A55BF81920DBF31DB54BF15
:10E68000DA390EBF3B6B54BFDBE00EBFC3FA53BF9A
:10E6900084870FBFC78953BFD52D10BF491853BFFB
:10E6A000CDD310BF49A652BF6B7911BFC63352BF3D
:10E6B000B01E12BFC2C051BF9AC312BF3D4D51BF61
:10E6C0002A6813BF37D950BF5F0C14BFAF6450BF67
:10E6D00039B014BFA8EF4FBFB75315BF1F7A4FBF54
:10E6E000D9F615BF17044FBF9F9916BF908D4EBF27
:10E6F000073C17BF89164EBF12DE17BF029F4DBFE2
:10E70000C07F18BFFD264DBF0F2119BF79AE4CBF8A
:10E7100000C219BF78354CBF93621ABFF8BB4BBF1C
:10E72000C6021BBFFA414BBF99A21BBF7FC74ABF9E
:10E730000C421CBF874C4ABF1FE11CBF12D149BF0E
:10E74000D17F1DBF215549BF221E1EBFB3D848BF70
:10E7500012BC1EBFCA5B48BF9F591FBF65DE47BFC3
:10E76000CBF61FBF856047BF939320BF2AE246BF09
:10E77000F92F21BF546346BFFBCB21BF03E445BF44
:10E78000996722BF396445BFD30223BFF5E344BF75
:10E79000A99D23BF376344BF1A3824BF00E243BF9B
:10E7A00025D224BF516043BFCB6B25BF29DE42BFBA
:10E7B0000A0526BF895B42BFE39D26BF70D841BFD3
:10E7C000563627BFE15441BF61CE27BFDAD040BFE4
:10E7D000056628BF5C4C40BF41FD28BF67C73FBFEF
:10E7E000159429BFFC413FBF802A2ABF1BBC3EBFF6
:10E7F00082C02ABFC5353EBF1B562BBFF9AE3DBFF9
:10E800004AEB2BBFB8273DBF0F802CBF03A03CBFF6
:10E8100069142DBFD9173CBF59A82DBF3B8F3BBFF3
:10E82000DE3B2EBF29063BBFF7CE2EBFA47C3ABFEE
:10E83000A5612FBFACF239BFE6F32FBF426839BFE5
:10E84000BB8530BF65DD38BF221731BF165238BFD8
:10E850001DA831BF55C637BFAA3832BF233A37BFCC
:10E86000C9C832BF7FAD36BF7A5833BF6C2036BFC0
:10E87000BCE733BFE79235BF8F7634BFF30435BFB3
:10E88000F30435BF8F7634BFE79235BFBCE733BFA3
:10E890006C2036BF7A5833BF7FAD36BFC9C832BF90
:10E8A000233A37BFAA3832BF55C637BF1DA831BF7C
:10E8B000165238BF221731BF65DD38BFBB8530BF68
:10E8C000426839BFE6F32FBFACF239BFA5612FBF55
:10E8D000A47C3ABFF7CE2EBF29063BBFDE3B2EBF3E
:10E8E0003B8F3BBF59A82DBFD9173CBF69142DBF23
:10E8F00003A03CBF0F802CBFB8273DBF4AEB2BBF06
:10E90000F9AE3DBF1B562BBFC5353EBF82C02ABFE7
:10E910001BBC3EBF802A2ABFFC413FBF159429BFC4
:10E9200067C73FBF41FD28BF5C4C40BF056628BF9D
:10E93000DAD040BF61CE27BFE15441BF563627BF72
:10E9400070D841BFE39D26BF895B42BF0A0526BF41
:10E9500029DE42BFCB6B25BF516043BF25D224BF08
:10E9600000E243BF1A3824BF376344BFA99D23BFC9
:10E97000F5E344BFD30223BF396445BF996722BF83
:10E9800003E445BFFBCB21BF546346BFF92F21BF32
:10E990002AE246BF939320BF856047BFCBF61FBFD7
:10E9A00065DE47BF9F591FBFCA5B48BF12BC1EBF71
:10E9B000B3D848BF221E1EBF215549BFD17F1DBFFE
:10E9C00012D149BF1FE11CBF874C4ABF0C421CBF7C
:10E9D0007FC74ABF99A21BBFFA414BBFC6021BBFEC
:10E9E000F8BB4BBF93621ABF78354CBF00C219BF4A
:10E9F00079AE4CBF0F2119BFFD264DBFC07F18BF98
:10EA0000029F4DBF12DE17BF89164EBF073C17BFCE
:10EA1000908D4EBF9F9916BF17044FBFD9F615BFF3
:10EA20001F7A4FBFB75315BFA8EF4FBF39B014BF00
:10EA3000AF6450BF5F0C14BF37D950BF2A6813BFF3
:10EA40003D4D51BF9AC312BFC2C051BFB01E12BFCD
:10EA5000C63352BF6B7911BF49A652BFCDD310BF89
:10EA6000491853BFD52D10BFC78953BF84870FBF27
:10EA7000C3FA53BFDBE00EBF3B6B54BFDA390EBFA6
:10EA800031DB54BF81920DBFA44A55BFD0EA0CBF01
:10EA900093B955BFC9420CBFFE2756BF6B9A0BBF37
:10EAA000E59556BFB7F10ABF480357BFAD480ABF47
:10EAB000267057BF4E9F09BF7FDC57BF9BF508BF2D
:10EAC000534858BF924B08BFA1B358BF36A107BFE8
:10EAD0006A1E59BF86F606BFAD8859BF824B06BF76
:10EAE0006AF259BF2CA005BFA05B5ABF84F404BFD3
:10EAF00050C45ABF894804BF792C5BBF3D9C03BFFB
:10EB00001A945BBF9FEF02BF34FB5BBFB14202BFF1
:10EB1000C7615CBF739501BFD1C75CBFE4E700BFAD
:10EB2000532D5DBF063A00BF4D925DBFB217FFBEC9
:10EB3000BEF65DBFBBBAFDBEA65A5EBF275DFCBE7A
:10EB400005BE5EBFF7FEFABEDB205FBF2DA0F9BE9B
:10EB500027835FBFC840F8BEE9E45FBFCBE0F6BEE5
:10EB6000214660BF3580F5BECFA660BF071FF4BE4B
:10EB7000F20661BF43BDF2BE8A6661BFEA5AF1BECA
:10EB800098C561BFFBF7EFBE1A2462BF7994EEBE51
:10EB9000108262BF6330EDBE7BDF62BFBBCBEBBEDA
:10EBA0005A3C63BF8166EABEAC9863BFB700E9BE5A
:10EBB00073F463BF5D9AE7BEAC4F64BF7533E6BEC6
:10EBC00059AA64BFFECBE4BE790465BFFA63E3BE15
:10EBD0000B5E65BF6AFBE1BE10B765BF4F92E0BE3A
:10EBE000880F66BFA928DFBE716766BF79BEDDBE2C
:10EBF000CCBE66BFC153DCBE991567BF80E8DABEE4
:10EC0000D86B67BFB97CD9BE87C167BF6B10D8BE50
:10EC1000A81668BF99A3D6BE396B68BF4136D5BE6A
:10EC20003CBF68BF67C8D3BEAE1269BF095AD2BE27
:10EC3000916569BF2AEBD0BEE4B769BFCA7BCFBE7E
:10EC4000A7096ABFEA0BCEBED95A6ABF8B9BCCBE5E
:10EC50007BAB6ABFAE2ACBBE8CFB6ABF53B9C9BEC1
:10EC60000C4B6BBF7C47C8BEFB996BBF29D5C6BE9A
:10EC700058E86BBF5C62C5BE24366CBF15EFC3BEDF
:10EC80005E836CBF557BC2BE07D06CBF1E07C1BE82
:10EC90001D1C6DBF6F92BFBEA1676DBF4A1DBEBE7A
:10ECA00093B26DBFAFA7BCBEF2FC6DBFA031BBBEBF
:10ECB000BE466EBF1EBBB9BEF88F6EBF2A44B8BE3B
:10ECC0009ED86EBFC3CCB6BEB0206FBFEC54B5BEED
:10ECD00030686FBFA5DCB3BE1BAF6FBFEF63B2BEC2
:10ECE00073F56FBFCBEAB0BE373B70BF3A71AFBEB2
:10ECF000668070BF3CF7ADBE02C570BFD47CACBEB1
:10ED0000080971BF0102ABBE7A4C71BFC486A9BEAF
:10ED1000578F71BF1F0BA8BE9FD171BF128FA6BEA8
:10ED2000521372BF9F12A5BE705472BFC595A3BE89
:10ED3000F89472BF8718A2BEEBD472BFE59AA0BE4A
:10ED4000471473BFDF1C9FBE0E5373BF789E9DBEDA
:10ED50003F9173BFAF1F9CBED9CE73BF86A09ABE32
:10ED6000DD0B74BFFE2099BE4B4874BF17A197BE40
:10ED7000228474BFD22096BE62BF74BF31A094BEFD
:10ED80000BFA74BF351F93BE1D3475BFDD9D91BE58
:10ED9000976D75BF2C1C90BE7BA675BF229A8EBE48
:10EDA000C6DE75BFC0178DBE7A1676BF07958BBEBF
:10EDB000974D76BFF8118ABE1B8476BF938E88BEAE
:10EDC00007BA76BFDA0A87BE5BEF76BFCE8685BE0E
:10EDD000172477BF700284BE3A5877BFC07D82BEC9
:10EDE000C58B77BFC0F880BEB7BE77BFE1E67EBEF9
:10EDF00010F177BFA4DB7BBED12278BFCCCF78BE29
:10EE0000F85378BF5AC375BE868478BF51B672BEB8
:10EE10007BB478BFB2A86FBED6E378BF7F9A6CBED2
:10EE2000981279BFBA8B69BEC04079BF667C66BE56
:10EE30004E6E79BF836C63BE439B79BF135C60BE2B
:10EE40009DC779BF1A4B5DBE5EF379BF97395ABE35
:10EE5000841E7ABF8F2757BE10497ABF011554BE52
:10EE600002737ABFF10151BE599C7ABF60EE4DBE6C
:10EE700016C57ABF4FDA4ABE37ED7ABFC2C547BE64
:10EE8000BE147BBFB9B044BEAB3B7BBF379B41BE1A
:10EE9000FC617BBF3E853EBEB2877BBFCF6E3BBE73
:10EEA000CDAC7BBFEC5738BE4DD17BBF984035BE53
:10EEB00031F57BBFD42832BE7A187CBFA2102FBE9A
:10EEC000283B7CBF04F82BBE3A5D7CBFFCDE28BE2D
:10EED000B07E7CBF8CC525BE8A9F7CBFB6AB22BEF0
:10EEE000C9BF7CBF7B911FBE6CDF7CBFDE761CBEC2
:10EEF00073FE7CBFE05B19BEDD1C7DBF834016BE88
:10EF0000AC3A7DBFCA2413BEDE577DBFB70810BE22
:10EF100074747DBF4AEC0CBE6E907DBF86CF09BE77
:10EF2000CCAB7DBF6EB206BE8CC67DBF029503BE64
:10EF3000B1E07DBF457700BE38FA7DBF73B2FABD40
:10EF400024137EBFC075F4BD722B7EBF7638EEBD34
:10EF500023437EBF9AFAE7BD385A7EBF2EBCE1BD7F
:10EF6000B0707EBF377DDBBD8B867EBFB93DD5BD22
:10EF7000C99B7EBFB7FDCEBD69B07EBF36BDC8BDE3
:10EF80006DC47EBF397CC2BDD4D77EBFC33ABCBD81
:10EF90009DEA7EBFDAF8B5BDC9FC7EBF80B6AFBDC5
:10EFA000580E7FBFBA73A9BD491F7FBF8C30A3BD68
:10EFB0009D2F7FBFF9EC9CBD543F7FBF05A996BD37
:10EFC0006D4E7FBFB46490BDE95C7FBF0A208ABDEF
:10EFD000C76A7FBF0ADB83BD08787FBF742B7BBD08
:10EFE000AB847FBF38A06EBDB1907FBF681462BD97
:10EFF000189C7FBF0E8855BDE3A67FBF2FFB48BD81
:10F000000FB17FBFD56D3CBD9EBA7FBF07E02FBD5E
:10F010008FC37FBFCC5123BDE2CB7FBF2CC316BDB6
:10F0200098D37FBF2F340ABDAFDA7FBFB949FBBC8D
:10F0300029E17FBF7B2AE2BC05E77FBFB00AC9BCDC
:10F0400043EC7FBF69EAAFBCE3F07FBFB6C996BCB3
:10F05000E6F47FBF4B517BBC4AF87FBF900E49BCA2
:10F0600011FB7FBF59CB16BC39FD7FBF890FC9BBD0
:10F07000C4FE7FBFC70F49BBB1FF7FBF0000008048
:10F08000000080BFC70F493BB1FF7FBF890FC93B5D
:10F09000C4FE7FBF59CB163C39FD7FBF900E493C63
:10F0A00011FB7FBF4B517B3C4AF87FBFB6C9963CF2
:10F0B000E6F47FBF69EAAF3CE3F07FBFB00AC93C2A
:10F0C00043EC7FBF7B2AE23C05E77FBFB949FB3CAD
:10F0D00029E17FBF2F340A3DAFDA7FBF2CC3163D35
:10F0E00098D37FBFCC51233DE2CB7FBF07E02F3DBC
:10F0F0008FC37FBFD56D3C3D9EBA7FBF2FFB483D80
:10F100000FB17FBF0E88553DE3A67FBF6814623DF7
:10F11000189C7FBF38A06E3DB1907FBF742B7B3DA4
:10F12000AB847FBF0ADB833D08787FBF0A208A3D1E
:10F13000C76A7FBFB464903DE95C7FBF05A9963D77
:10F140006D4E7FBFF9EC9C3D543F7FBF8C30A33D9B
:10F150009D2F7FBFBA73A93D491F7FBF80B6AF3DCA
:10F16000580E7FBFDAF8B53DC9FC7EBFC33ABC3D3F
:10F170009DEA7EBF397CC23DD4D77EBF36BDC83D37
:10F180006DC47EBFB7FDCE3D69B07EBFB93DD53DF4
:10F19000C99B7EBF377DDB3D8B867EBF2EBCE13DAC
:10F1A000B0707EBF9AFAE73D385A7EBF7638EE3DA2
:10F1B00023437EBFC075F43D722B7EBF73B2FA3D10
:10F1C00024137EBF4577003E38FA7DBF0295033E8B
:10F1D000B1E07DBF6EB2063E8CC67DBF86CF093ED4
:10F1E000CCAB7DBF4AEC0C3E6E907DBFB708103EA5
:10F1F00074747DBFCA24133EDE577DBF8340163E24
:10F20000AC3A7DBFE05B193EDD1C7DBFDE761C3E67
:10F2100073FE7CBF7B911F3E6CDF7CBFB6AB223E92
:10F22000C9BF7CBF8CC5253E8A9F7CBFFCDE283EC3
:10F23000B07E7CBF04F82B3E3A5D7CBFA2102F3E0F
:10F24000283B7CBFD428323E7A187CBF9840353E9C
:10F2500031F57BBFEC57383E4DD17BBFCF6E3B3E87
:10F26000CDAC7BBF3E853E3EB2877BBF379B413EE8
:10F27000FC617BBFB9B0443EAB3B7BBFC2C5473EE0
:10F28000BE147BBF4FDA4A3E37ED7ABF60EE4D3E8B
:10F2900016C57ABFF101513E599C7ABF0115543E03
:10F2A00002737ABF8F27573E10497ABF97395A3E6B
:10F2B000841E7ABF1A4B5D3E5EF379BF135C603EDD
:10F2C0009DC779BF836C633E439B79BF667C663E76
:10F2D0004E6E79BFBA8B693EC04079BF7F9A6C3E53
:10F2E000981279BFB2A86F3ED6E378BF51B6723E8E
:10F2F0007BB478BF5AC3753E868478BFCCCF783E46
:10F30000F85378BFA4DB7B3ED12278BFE1E67E3E96
:10F3100010F177BFC0F8803EB7BE77BFC07D823E98
:10F32000C58B77BF7002843E3A5877BFCE86853E44
:10F33000172477BFDA0A873E5BEF76BF938E883E4D
:10F3400007BA76BFF8118A3E1B8476BF07958B3EBD
:10F35000974D76BFC0178D3E7A1676BF229A8E3EA5
:10F36000C6DE75BF2C1C903E7BA675BFDD9D913E11
:10F37000976D75BF351F933E1D3475BF31A0943E08
:10F380000BFA74BFD220963E62BF74BF17A1973E9E
:10F39000228474BFFE20993E4B4874BF86A09A3EDB
:10F3A000DD0B74BFAF1F9C3ED9CE73BF789E9D3ED0
:10F3B0003F9173BFDF1C9F3E0E5373BFE59AA03E83
:10F3C000471473BF8718A23EEBD472BFC595A33E06
:10F3D000F89472BF9F12A53E705472BF128FA63E62
:10F3E000521372BF1F0BA83E9FD171BFC486A93EA6
:10F3F000578F71BF0102AB3E7A4C71BFD47CAC3EDB
:10F40000080971BF3CF7AD3E02C570BF3A71AF3E0F
:10F41000668070BFCBEAB03E373B70BFEF63B23E51
:10F4200073F56FBFA5DCB33E1BAF6FBFEC54B53EA9
:10F4300030686FBFC3CCB63EB0206FBF2A44B83E21
:10F440009ED86EBF1EBBB93EF88F6EBFA031BB3ECB
:10F45000BE466EBFAFA7BC3EF2FC6DBF4A1DBE3EAE
:10F4600093B26DBF6F92BF3EA1676DBF1E07C13ED5
:10F470001D1C6DBF557BC23E07D06CBF15EFC33E50
:10F480005E836CBF5C62C53E24366CBF29D5C63E28
:10F4900058E86BBF7C47C83EFB996BBF53B9C93E68
:10F4A0000C4B6BBFAE2ACB3E8CFB6ABF8B9BCC3E1A
:10F4B0007BAB6ABFEA0BCE3ED95A6ABFCA7BCF3E4E
:10F4C000A7096ABF2AEBD03EE4B769BF095AD23E0A
:10F4D000916569BF67C8D33EAE1269BF4136D53E5C
:10F4E0003CBF68BF99A3D63E396B68BF6B10D83E4E
:10F4F000A81668BFB97CD93E87C167BF80E8DA3EED
:10F50000D86B67BFC153DC3E991567BF79BEDD3E3E
:10F51000CCBE66BFA928DF3E716766BF4F92E03E52
:10F52000880F66BF6AFBE13E10B765BFFA63E33E32
:10F530000B5E65BFFECBE43E790465BF7533E63EE6
:10F5400059AA64BF5D9AE73EAC4F64BFB700E93E7D
:10F5500073F463BF8166EA3EAC9863BFBBCBEB3EFE
:10F560005A3C63BF6330ED3E7BDF62BF7994EE3E71
:10F57000108262BFFBF7EF3E1A2462BFEA5AF13EE7
:10F5800098C561BF43BDF23E8A6661BF071FF43E66
:10F59000F20661BF3580F53ECFA660BFCBE0F63EF8
:10F5A000214660BFC840F83EE9E45FBF2DA0F93EA8
:10F5B00027835FBFF7FEFA3EDB205FBF275DFC3E7F
:10F5C00005BE5EBFBBBAFD3EA65A5EBFB217FF3E88
:10F5D000BEF65DBF063A003F4D925DBFE4E7003FD7
:10F5E000532D5DBF7395013FD1C75CBFB142023F50
:10F5F000C7615CBF9FEF023F34FB5BBF3D9C033F95
:10F600001A945BBF8948043F792C5BBF84F4043FA4
:10F6100050C45ABF2CA0053FA05B5ABF824B063F87
:10F620006AF259BF86F6063FAD8859BF36A1073F3B
:10F630006A1E59BF924B083FA1B358BF9BF5083FC4
:10F64000534858BF4E9F093F7FDC57BFAD480A3F24
:10F65000267057BFB7F10A3F480357BF6B9A0B3F5D
:10F66000E59556BFC9420C3FFE2756BFD0EA0C3F76
:10F6700093B955BF81920D3FA44A55BFDA390E3F69
:10F6800031DB54BFDBE00E3F3B6B54BF84870F3F41
:10F69000C3FA53BFD52D103FC78953BFCDD3103FF9
:10F6A000491853BF6B79113F49A652BFB01E123F94
:10F6B000C63352BF9AC3123FC2C051BF2A68133F1C
:10F6C0003D4D51BF5F0C143F37D950BF39B0143F87
:10F6D000AF6450BFB753153FA8EF4FBFD9F6153FE2
:10F6E0001F7A4FBF9F99163F17044FBF073C173F24
:10F6F000908D4EBF12DE173F89164EBFC07F183F58
:10F70000029F4DBF0F21193FFD264DBF00C2193F7B
:10F7100079AE4CBF93621A3F78354CBFC6021B3F8F
:10F72000F8BB4BBF99A21B3FFA414BBF0C421C3F99
:10F730007FC74ABF1FE11C3F874C4ABFD17F1D3F97
:10F7400012D149BF221E1E3F215549BF12BC1E3F88
:10F75000B3D848BF9F591F3FCA5B48BFCBF61F3F76
:10F7600065DE47BF9393203F856047BFF92F213F58
:10F770002AE246BFFBCB213F546346BF9967223F35
:10F7800003E445BFD302233F396445BFA99D233F0E
:10F79000F5E344BF1A38243F376344BF25D2243FE2
:10F7A00000E243BFCB6B253F516043BF0A05263FB4
:10F7B00029DE42BFE39D263F895B42BF5636273F85
:10F7C00070D841BF61CE273FE15441BF0566283F55
:10F7D000DAD040BF41FD283F5C4C40BF1594293F23
:10F7E00067C73FBF802A2A3FFC413FBF82C02A3FF4
:10F7F0001BBC3EBF1B562B3FC5353EBF4AEB2B3FC4
:10F80000F9AE3DBF0F802C3FB8273DBF69142D3F97
:10F8100003A03CBF59A82D3FD9173CBFDE3B2E3F6C
:10F820003B8F3BBFF7CE2E3F29063BBFA5612F3F45
:10F83000A47C3ABFE6F32F3FACF239BFBB85303F23
:10F84000426839BF2217313F65DD38BF1DA8313FFF
:10F85000165238BFAA38323F55C637BFC9C8323FE3
:10F86000233A37BF7A58333F7FAD36BFBCE7333FCB
:10F870006C2036BF8F76343FE79235BFF304353FB7
:10F88000F30435BFE792353F8F7634BF6C20363FA7
:10F89000BCE733BF7FAD363F7A5833BF233A373F9B
:10F8A000C9C832BF55C6373FAA3832BF1652383F93
:10F8B0001DA831BF65DD383F221731BF4268393F8F
:10F8C000BB8530BFACF2393FE6F32FBFA47C3A3F93
:10F8D000A5612FBF29063B3FF7CE2EBF3B8F3B3F95
:10F8E000DE3B2EBFD9173C3F59A82DBF03A03C3F9C
:10F8F00069142DBFB8273D3F0F802CBFF9AE3D3FA7
:10F900004AEB2BBFC5353E3F1B562BBF1BBC3E3FB2
:10F9100082C02ABFFC413F3F802A2ABF67C73F3FC2
:10F92000159429BF5C4C403F41FD28BFDAD0403FD1
:10F93000056628BFE154413F61CE27BF70D8413FE3
:10F94000563627BF895B423FE39D26BF29DE423FF3
:10F950000A0526BF5160433FCB6B25BF00E2433F02
:10F9600025D224BF3763443F1A3824BFF5E3443F10
:10F97000A99D23BF3964453FD30223BF03E4453F1C
:10F98000996722BF5463463FFBCB21BF2AE2463F23
:10F99000F92F21BF8560473F939320BF65DE473F26
:10F9A000CBF61FBFCA5B483F9F591FBFB3D8483F24
:10F9B00012BC1EBF2155493F221E1EBF12D1493F16
:10F9C000D17F1DBF874C4A3F1FE11CBF7FC74A3F05
:10F9D0000C421CBFFA414B3F99A21BBFF8BB4B3FE7
:10F9E000C6021BBF78354C3F93621ABF79AE4C3FBD
:10F9F00000C219BFFD264D3F0F2119BF029F4D3F89
:10FA0000C07F18BF89164E3F12DE17BF908D4E3F44
:10FA1000073C17BF17044F3F9F9916BF1F7A4F3FF0
:10FA2000D9F615BFA8EF4F3FB75315BFAF64503F8E
:10FA300039B014BF37D9503F5F0C14BF3D4D513F13
:10FA40002A6813BFC2C0513F9AC312BFC633523F88
:10FA5000B01E12BF49A6523F6B7911BF4918533FE0
:10FA6000CDD310BFC789533FD52D10BFC3FA533F25
:10FA700084870FBF3B6B543FDBE00EBF31DB543F4D
:10FA8000DA390EBFA44A553F81920DBF93B9553F55
:10FA9000D0EA0CBFFE27563FC9420CBFE595563F42
:10FAA0006B9A0BBF4803573FB7F10ABF2670573F09
:10FAB000AD480ABF7FDC573F4E9F09BF5348583FB0
:10FAC0009BF508BFA1B3583F924B08BF6A1E593F30
:10FAD00036A107BFAD88593F86F606BF6AF2593F87
:10FAE000824B06BFA05B5A3F2CA005BF50C45A3FB3
:10FAF00084F404BF792C5B3F894804BF1A945B3FB0
:10FB00003D9C03BF34FB5B3F9FEF02BFC7615C3F7F
:10FB1000B14202BFD1C75C3F739501BF532D5D3F1A
:10FB2000E4E700BF4D925D3F063A00BFBEF65D3F81
:10FB3000B217FFBEA65A5E3FBBBAFDBE05BE5E3F12
:10FB4000275DFCBEDB205F3FF7FEFABE27835F3FE9
:10FB50002DA0F9BEE9E45F3FC840F8BE2146603FF2
:10FB6000CBE0F6BECFA6603F3580F5BEF206613F22
:10FB7000071FF4BE8A66613F43BDF2BE98C5613F70
:10FB8000EA5AF1BE1A24623FFBF7EFBE1082623FD1
:10FB90007994EEBE7BDF623F6330EDBE5A3C633F3B
:10FBA000BBCBEBBEAC98633F8166EABE73F4633FA8
:10FBB000B700E9BEAC4F643F5D9AE7BE59AA643F07
:10FBC0007533E6BE7904653FFECBE4BE0B5E653F50
:10FBD000FA63E3BE10B7653F6AFBE1BE880F663F7C
:10FBE0004F92E0BE7167663FA928DFBECCBE663F7C
:10FBF00079BEDDBE9915673FC153DCBED86B673F48
:10FC000080E8DABE87C1673FB97CD9BEA816683FD5
:10FC10006B10D8BE396B683F99A3D6BE3CBF683F16
:10FC20004136D5BEAE12693F67C8D3BE9165693F04
:10FC3000095AD2BEE4B7693F2AEBD0BEA7096A3F92
:10FC4000CA7BCFBED95A6A3FEA0BCEBE7BAB6A3FB6
:10FC50008B9BCCBE8CFB6A3FAE2ACBBE0C4B6B3F62
:10FC600053B9C9BEFB996B3F7C47C8BE58E86B3F90
:10FC700029D5C6BE24366C3F5C62C5BE5E836C3F30
:10FC800015EFC3BE07D06C3F557BC2BE1D1C6D3F38
:10FC90001E07C1BEA1676D3F6F92BFBE93B26D3F9D
:10FCA0004A1DBEBEF2FC6D3FAFA7BCBEBE466E3F56
:10FCB000A031BBBEF88F6E3F1EBBB9BE9ED86E3F53
:10FCC0002A44B8BEB0206F3FC3CCB6BE30686F3F89
:10FCD000EC54B5BE1BAF6F3FA5DCB3BE73F56F3FF1
:10FCE000EF63B2BE373B703FCBEAB0BE6680703F79
:10FCF0003A71AFBE02C5703F3CF7ADBE0809713F17
:10FD0000D47CACBE7A4C713F0102ABBE578F713FC1
:10FD1000C486A9BE9FD1713F1F0BA8BE5213723F6C
:10FD2000128FA6BE7054723F9F12A5BEF894723F08
:10FD3000C595A3BEEBD4723F8718A2BE4714733F8C
:10FD4000E59AA0BE0E53733FDF1C9FBE3F91733FE9
:10FD5000789E9DBED9CE733FAF1F9CBEDD0B743F16
:10FD600086A09ABE4B48743FFE2099BE2284743F01
:10FD700017A197BE62BF743FD22096BE0BFA743FA4
:10FD800031A094BE1D34753F351F93BE976D753FEE
:10FD9000DD9D91BE7BA6753F2C1C90BEC6DE753FD7
:10FDA000229A8EBE7A16763FC0178DBE974D763F4B
:10FDB00007958BBE1B84763FF8118ABE07BA763F43
:10FDC000938E88BE5BEF763FDA0A87BE1724773FB3
:10FDD000CE8685BE3A58773F700284BEC58B773F8A
:10FDE000C07D82BEB7BE773FC0F880BE10F1773FBE
:10FDF000E1E67EBED122783FA4DB7BBEF853783F9C
:10FE0000CCCF78BE8684783F5AC375BE7BB4783F2A
:10FE100051B672BED6E3783FB2A86FBE9812793F52
:10FE20007F9A6CBEC040793FBA8B69BE4E6E793FF7
:10FE3000667C66BE439B793F836C63BE9DC7793FFA
:10FE4000135C60BE5EF3793F1A4B5DBE841E7A3F41
:10FE500097395ABE10497A3F8F2757BE02737A3FAF
:10FE6000011554BE599C7A3FF10151BE16C57A3F27
:10FE700060EE4DBE37ED7A3F4FDA4ABEBE147B3F8F
:10FE8000C2C547BEAB3B7B3FB9B044BEFC617B3FC4
:10FE9000379B41BEB2877B3F3E853EBECDAC7B3FAC
:10FEA000CF6E3BBE4DD17B3FEC5738BE31F57B3F2B
:10FEB000984035BE7A187C3FD42832BE283B7C3F20
:10FEC000A2102FBE3A5D7C3F04F82BBEB07E7C3F73
:10FED000FCDE28BE8A9F7C3F8CC525BEC9BF7C3F07
:10FEE000B6AB22BE6CDF7C3F7B911FBE73FE7C3FB6
:10FEF000DE761CBEDD1C7D3FE05B19BEAC3A7D3F6B
:10FF0000834016BEDE577D3FCA2413BE74747D3F06
:10FF1000B70810BE6E907D3F4AEC0CBECCAB7D3F67
:10FF200086CF09BE8CC67D3F6EB206BEB1E07D3F76
:10FF3000029503BE38FA7D3F457700BE24137E3F0D
:10FF400073B2FABD722B7E3FC075F4BD23437E3F72
:10FF50007638EEBD385A7E3F9AFAE7BDB0707E3FE4
:10FF60002EBCE1BD8B867E3F377DDBBDC99B7E3FCE
:10FF7000B93DD5BD69B07E3FB7FDCEBD6DC47E3FF6
:10FF800036BDC8BDD4D77E3F397CC2BD9DEA7E3F19
:10FF9000C33ABCBDC9FC7E3FDAF8B5BD580E7F3F01
:10FFA00080B6AFBD491F7F3FBA73A9BD9D2F7F3F6C
:10FFB0008C30A3BD543F7F3FF9EC9CBD6D4E7F3F1D
:10FFC00005A996BDE95C7F3FB46490BDC76A7F3FD9
:10FFD0000A208ABD08787F3F0ADB83BDAB847F3F60
:10FFE000742B7BBDB1907F3F38A06EBD189C7F3FC6
:10FFF000681462BDE3A67F3F0E8855BD0FB17F3FF9
:020000040801F1
:100000002FFB48BD9EBA7F3FD56D3CBD8FC37F3F60
:1000100007E02FBDE2CB7F3FCC5123BD98D37F3F7C
:100020002CC316BDAFDA7F3F2F340ABD29E17F3FD5
:10003000B949FBBC05E77F3F7B2AE2BC43EC7F3F2D
:10004000B00AC9BCE3F07F3F69EAAFBCE6F47F3F8A
:10005000B6C996BC4AF87F3F4B517BBC11FB7F3F32
:10006000900E49BC39FD7F3F59CB16BCC4FE7F3F83
:10007000890FC9BBB1FF7F3FC70F49BB0000803F5D
:1000800000000000ECFF7F3FD40FC93AB1FF7F3F73
:10009000C70F493B4EFF7F3FC1CB963BC4FE7F3F1E
:1000A000890FC93B13FE7F3F3053FB3B39FD7F3F38
:1000B00059CB163C39FC7F3F02ED2F3C11FB7F3FB3
:1000C000900E493CC1F97F3F0030623C4AF87F3FC7
:1000D0004B517B3CACF67F3F38398A3CE6F47F3F9E
:1000E000B6C9963CF8F27F3F1C5AA33CE3F07F3F31
:1000F00069EAAF3CA7EE7F3F9B7ABC3C43EC7F3F75
:10010000B00AC93CB8E97F3FA69AD53C05E77F3FD6
:100110007B2AE23C2BE47F3F2DBAEE3C29E17F3F76
:10012000B949FB3C00DE7F3F90EC033DAFDA7F3FF7
:100130002F340A3D37D77F3FB87B103D98D37F3FA0
:100140002CC3163DD1CF7F3F880A1D3DE2CB7F3FB8
:10015000CC51233DCCC77F3FF698293D8FC37F3FCD
:1001600007E02F3D2ABF7F3FFC26363D9EBA7F3FEA
:10017000D56D3C3DEAB57F3F91B4423D0FB17F3F25
:100180002FFB483D0DAC7F3FAF414F3DE3A67F3F86
:100190000E88553D91A17F3F4CCE5B3D189C7F3F23
:1001A0006814623D78967F3F625A683DB1907F3F08
:1001B00038A06E3DC28A7F3FE9E5743DAB847F3F46
:1001C000742B7B3D6D7E7F3F6CB8803D08787F3F10
:1001D0000ADB833D7B717F3F94FD863DC76A7F3F8D
:1001E0000A208A3DEC637F3F6A428D3DE95C7F3F98
:1001F000B464903DBF557F3FE786933D6D4E7F3F92
:1002000005A9963DF4467F3F0ACB993D543F7F3F79
:10021000F9EC9C3D8D377F3FCF0EA03D9D2F7F3F5A
:100220008C30A33D87277F3F3052A63D491F7F3F3B
:10023000BA73A93DE4167F3F2B95AC3D580E7F3F26
:1002400080B6AF3DA4057F3FBBD7B23DC9FC7E3F22
:10025000DAF8B53DC7F37E3FDD19B93D9DEA7E3F33
:10026000C33ABC3D4CE17E3F8D5BBF3DD4D77E3F62
:10027000397CC23D34CE7E3FC69CC53D6DC47E3FB9
:1002800036BDC83D7FBA7E3F86DDCB3D69B07E3F3F
:10029000B7FDCE3D2DA67E3FC81DD23DC99B7E3FFA
:1002A000B93DD53D3D917E3F895DD83D8B867E3FF2
:1002B000377DDB3DB17B7E3FC49CDE3DB0707E3F31
:1002C0002EBCE13D88657E3F76DBE43D385A7E3FBB
:1002D0009AFAE73DC14E7E3F9A19EB3D23437E3F9C
:1002E0007638EE3D5E377E3F2E57F13D722B7E3FD6
:1002F000C075F43D5E1F7E3F2C94F73D24137E3F76
:1003000073B2FA3DC2067E3F92D0FD3D38FA7D3F82
:100310004577003E88ED7D3F2E06023EB1E07D3FF1
:100320000295033EB2D37D3FC223053E8CC67D3F7E
:100330006EB2063E40B97D3F0541083ECCAB7D3FE5
:1003400086CF093E309E7D3FF35D0B3E6E907D3F34
:100350004AEC0C3E85827D3F8B7A0E3E74747D3F65
:10036000B708103E3D667D3FCC96113EDE577D3F7F
:10037000CA24133E59497D3FB2B2143EAC3A7D3F88
:100380008340163ED82B7D3F3DCE173EDD1C7D3F82
:10039000E05B193EBC0D7D3F6BE91A3E73FE7C3F6E
:1003A000DE761C3E03EF7C3F38041E3E6CDF7C3F54
:1003B0007B911F3EAECF7C3FA51E213EC9BF7C3F37
:1003C000B6AB223EBDAF7C3FAD38243E8A9F7C3F1A
:1003D0008CC5253E318F7C3F5152273EB07E7C3FFD
:1003E000FCDE283E086E7C3F8D6B2A3E3A5D7C3FEA
:1003F00004F82B3E444C7C3F61842D3E283B7C3FDF
:10040000A2102F3EE5297C3FC99C303E7A187C3FE4
:10041000D428323EE9067C3FC4B4333E31F57B3FFD
:100420009840353E53E37B3F50CC363E4DD17B3F29
:10043000EC57383E20BF7B3F6CE3393ECDAC7B3F71
:10044000CF6E3B3E539A7B3F15FA3C3EB2877B3FD3
:100450003E853E3EEA747B3F4910403EFC617B3F57
:10046000379B413EE74E7B3F0726433EAB3B7B3FFE
:10047000B9B0443E48287B3F4D3B463EBE147B3FCF
:10048000C2C5473E0E017B3F1850493E37ED7A3FCB
:100490004FDA4A3E3AD97A3F67644C3E16C57A3FF6
:1004A00060EE4D3ECBB07A3F38784F3E599C7A3F54
:1004B000F101513EC1877A3F898B523E02737A3FE8
:1004C0000115543E1C5E7A3F589E553E10497A3FB6
:1004D0008F27573EDD337A3FA4B0583E841E7A3FC3
:1004E00097395A3E04097A3F6AC25B3E5EF3793F10
:1004F0001A4B5D3E91DD793FA8D35E3E9DC7793FA3
:10050000135C603E83B1793F5CE4613E439B793F7D
:10051000836C633EDC84793F86F4643E4E6E793FA3
:10052000667C663E9A57793F2204683EC040793F18
:10053000BA8B693EBF29793F2F136B3E9812793FE2
:100540007F9A6C3E4AFB783FAB216E3ED6E3783F04
:10055000B2A86F3E3BCC783F942F713E7BB4783F7E
:1005600051B6723E939C783FE83C743E8684783F57
:100570005AC3753E526C783FA649773EF853783F90
:10058000CCCF783E773B783FCB557A3ED122783F2F
:10059000A4DB7B3E040A783F56617D3E10F1773F35
:1005A000E1E67E3EF7D7773F2236803EB7BE773F03
:1005B000C0F8803E51A5773F4ABB813EC58B773F4F
:1005C000C07D823E1372773F2240833E3A58773F88
:1005D0007002843E3C3E773FAAC4843E1724773F96
:1005E000CE86853ECC09773FDF48863E5BEF763F7F
:1005F000DA0A873EC4D4763FC1CC873E07BA763F3D
:10060000938E883E249F763F5050893E1B84763FD0
:10061000F8118A3EEC68763F8AD38A3E974D763F42
:1006200007958B3E1B32763F6E568C3E7A16763F90
:10063000C0178D3EB3FA753FFCD88D3EC6DE753FC0
:10064000229A8E3EB3C2753F325B8F3E7BA6753FCA
:100650002C1C903E1C8A753F10DD903E976D753FB7
:10066000DD9D913EED50753F945E923E1D34753F89
:10067000351F933E2717753FBFDF933E0BFA743F3C
:1006800031A0943EC9DC743F8D60953E62BF743FDB
:10069000D220963ED5A1743F00E1963E2284743F5D
:1006A00017A1973E4966743F1661983E4B48743FC8
:1006B000FE20993E272A743FCEE0993EDD0B743F21
:1006C00086A09A3E6EED733F27609B3ED9CE733F66
:1006D000AF1F9C3E1FB0733F20DF9C3E3F91733F96
:1006E000789E9D3E3972733FB85D9E3E0E53733FB8
:1006F000DF1C9F3EBE33733FEEDB9F3E4714733FCC
:10070000E59AA03EACF4723FC259A13EEBD4723FD1
:100710008718A23E04B5723F33D7A23EF894723FC9
:10072000C595A33EC774723F3F54A43E7054723FB8
:100730009F12A53EF433723FE5D0A53E5213723F9F
:10074000128FA63E8CF2713F254DA73E9FD1713F7F
:100750001F0BA83E8EB0713FFEC8A83E578F713F59
:10076000C486A93EFB6D713F6F44AA3E7A4C713F2F
:100770000102AB3ED42A713F77BFAB3E0809713FFF
:10078000D47CAC3E17E7703F153AAD3E02C5703FD2
:100790003CF7AD3EC6A2703F49B4AE3E6680703FA6
:1007A0003A71AF3EE15D703F102EB03E373B703F77
:1007B000CBEAB03E6718703F6BA7B13E73F56F3F51
:1007C000EF63B23E5AD26F3F5820B33E1BAF6F3F2C
:1007D000A5DCB33EB88B6F3FD698B43E30686F3F10
:1007E000EC54B53E83446F3FE610B63EB0206F3FF9
:1007F000C3CCB63EBAFC6E3F8488B73E9ED86E3FEF
:100800002A44B83E5DB46E3FB2FFB83EF88F6E3FEB
:100810001EBBB93E6D6B6E3F6E76BA3EBE466E3FF6
:10082000A031BB3EEB216E3FB6ECBB3EF2FC6D3F10
:10083000AFA7BC3ED5D76D3F8B62BD3E93B26D3F37
:100840004A1DBE3E2D8D6D3FEBD7BE3EA1676D3F6D
:100850006F92BF3EF2416D3FD54CC03E1D1C6D3FB7
:100860001E07C13E24F66C3F48C1C13E07D06C3F15
:10087000557BC23EC5A96C3F4435C33E5E836C3F89
:1008800015EFC33ED45C6C3FC8A8C43E24366C3F11
:100890005C62C53E500F6C3FD21BC63E58E86B3FB2
:1008A00029D5C63E3BC16B3F628EC73EFB996B3F6D
:1008B0007C47C83E95726B3F7700C93E0C4B6B3F3F
:1008C00053B9C93E5E236B3F1072CA3E8CFB6A3F30
:1008D000AE2ACB3E95D36A3F2CE3CB3E7BAB6A3F3F
:1008E0008B9BCC3E3C836A3FCA53CD3ED95A6A3F6C
:1008F000EA0BCE3E52326A3FEAC3CE3EA7096A3FB8
:10090000CA7BCF3ED7E0693F8A33D03EE4B7693F28
:100910002AEBD03ECC8E693FAAA2D13E9165693FB9
:10092000095AD23E323C693F4811D33EAE12693F6C
:1009300067C8D33E07E9683F647FD43E3CBF683F49
:100940004136D53E4C95683FFDECD53E396B683F4E
:1009500099A3D63E0341683F135AD73EA816683F75
:100960006B10D83E2AEC673FA3C6D83E87C1673FCD
:10097000B97CD93EC196673FAD32DA3ED86B673F4E
:1009800080E8DA3ECA40673F319EDB3E9915673FFB
:10099000C153DC3E45EA663F2E09DD3ECCBE663FD4
:1009A00079BEDD3E3093663FA273DE3E7167663FDF
:1009B000A928DF3E8E3B663F8DDDDF3E880F663F18
:1009C0004F92E03E5EE3653FEE46E13E10B7653F85
:1009D0006AFBE13EA08A653FC4AFE23E0B5E653F25
:1009E000FA63E33E5431653F0E18E43E7904653FF7
:1009F000FECBE43E7BD7643FCB7FE53E59AA643F04
:100A00007533E63E147D643FFBE6E63EAC4F643F43
:100A10005D9AE73E2122643F9C4DE83E73F4633FBC
:100A2000B700E93EA1C6633FAEB3E93EAC98633F71
:100A30008166EA3E956A633F3019EB3E5A3C633F5C
:100A4000BBCBEB3EFC0D633F217EEC3E7BDF623F88
:100A50006330ED3ED7B0623F80E2ED3E1082623FF0
:100A60007994EE3E2653623F4C46EF3E1A24623F95
:100A7000FBF7EF3EEAF4613F85A9F03E98C5613F80
:100A8000EA5AF13E2296613F290CF23E8A66613FA6
:100A900043BDF23ED036613F386EF33EF206613F11
:100AA000071FF43EF2D6603FB1CFF43ECFA6603FC1
:100AB0003580F53E8976603F9330F63E2146603FB3
:100AC000CBE0F63E9615603FDC90F73EE9E45F3FF1
:100AD000C840F83E19B45F3F8EF0F83E27835F3F71
:100AE0002DA0F93E12525F3FA54FFA3EDB205F3F3B
:100AF000F7FEFA3E81EF5E3F22AEFB3E05BE5E3F53
:100B0000275DFC3E678C5E3F040CFD3EA65A5E3FAF
:100B1000BBBAFD3EC3285E3F4A69FE3EBEF65D3F5E
:100B2000B217FF3E97C45D3FF3C5FF3E4D925D3F58
:100B3000063A003FE15F5D3FFF90003F532D5D3F70
:100B4000E4E7003FA3FA5C3FB53E013FD1C75C3FFD
:100B50007395013FDD945C3F1CEC013FC7615C3F36
:100B6000B142023F8E2E5C3F3299023F34FB5B3F25
:100B70009FEF023FB8C75B3FF845033F1A945B3FC6
:100B80003D9C033F5A605B3F6DF2033F792C5B3F16
:100B90008948043F75F85A3F919E043F50C45A3F1C
:100BA00084F4043F09905A3F624A053FA05B5A3FD4
:100BB0002CA0053F16275A3FE2F5053F6AF2593F40
:100BC000824B063F9CBD593F0EA1063FAD88593F61
:100BD00086F6063F9C53593FE84B073F6A1E593F34
:100BE00036A1073F17E9583F6FF6073FA1B3583FBB
:100BF000924B083F0B7E583FA1A0083F5348583FF7
:100C00009BF5083F7912583F7F4A093F7FDC573FE9
:100C10004E9F093F63A6573F09F4093F2670573F8F
:100C2000AD480A3FC739573F3D9D0A3F4803573FEC
:100C3000B7F10A3FA7CC563F1C460B3FE595563F00
:100C40006B9A0B3F025F563FA5EE0B3FFE27563FC8
:100C5000C9420C3FD9F0553FD7960C3F93B9553F49
:100C6000D0EA0C3F2C82553FB33E0D3FA44A553F7E
:100C700081920D3FFB12553F38E60D3F31DB543F6B
:100C8000DA390E3F47A3543F658D0E3F3B6B543F0F
:100C9000DBE00E3F0F33543F3B340F3FC3FA533F6B
:100CA00084870F3F55C2533FB8DA0F3FC789533F80
:100CB000D52D103F1851533FDC80103F4918533F4A
:100CC000CDD3103F59DF523FA726113F49A6523FCF
:100CD0006B79113F186D523F19CC113FC633523F0B
:100CE000B01E123F54FA513F3071123FC2C0513F03
:100CF0009AC3123F1087513FEE15133F3D4D513FB0
:100D00002A68133F4A13513F50BA133F37D9503F17
:100D10005F0C143F039F503F585E143FAF64503F39
:100D200039B0143F3B2A503F0402153FA8EF4F3F14
:100D3000B753153FF4B44F3F54A5153F1F7A4F3FAB
:100D4000D9F6153F2B3F4F3F4748163F17044F3FFB
:100D50009F99163FE4C84E3FDFEA163F908D4E3F05
:100D6000073C173F1C524E3F188D173F89164E3FC8
:100D700012DE173FD5DA4D3FF52E183F029F4D3F4B
:100D8000C07F183F10634D3F73D0183FFD264D3F85
:100D90000F21193FCBEA4C3F9471193F79AE4C3F7C
:100DA00000C2193F08724C3F55121A3F78354C3F2C
:100DB00093621A3FC7F84B3FB8B21A3FF8BB4B3F9C
:100DC000C6021B3F097F4B3FBB521B3FFA414B3FC3
:100DD00099A21B3FCC044B3F5FF21B3F7FC74A3FAA
:100DE0000C421C3F138A4A3FA2911C3F874C4A3F4A
:100DF0001FE11C3FDC0E4A3F84301D3F12D1493FAA
:100E0000D17F1D3F2993493F06CF1D3F2155493FC3
:100E1000221E1E3FFA16493F266D1E3FB3D8483F9B
:100E200012BC1E3F4E9A483FE50A1F3FCA5B483F2F
:100E30009F591F3F271D483F41A81F3F65DE473F81
:100E4000CBF61F3F849F473F3B45203F8560473F90
:100E50009393203F6721473FD2E1203F2AE2463F5C
:100E6000F92F213FCEA2463F067E213F5463463FE5
:100E7000FBCB213FBB23463FD719223F03E4453F2D
:100E80009967223F2DA4453F43B5223F3964453F32
:100E9000D302233F2624453F4B50233FF5E3443FF5
:100EA000A99D233FA5A3443FEEEA233F3763443F78
:100EB0001A38243FAB22443F2C85243F00E2433FB5
:100EC00025D2243F38A1433F041F253F5160433FB3
:100ED000CB6B253F4C1F433F77B8253F29DE423F70
:100EE0000A05263FE89C423F8451263F895B423FEA
:100EF000E39D263F0B1A423F2AEA263F70D8413F26
:100F00005636273FB796413F6882273FE154413F1D
:100F100061CE273FEC12413F401A283FDAD0403FD4
:100F20000566283FA98E403FB0B1283F5C4C403F4A
:100F300041FD283FF009403FB848293F67C73F3F80
:100F40001594293FC0843F3F57DF293FFC413F3F75
:100F5000802A2A3F1BFF3E3F8E752A3F1BBC3E3F27
:100F600082C02A3FFF783E3F5B0B2B3FC5353E3F9B
:100F70001B562B3F6EF23D3FBFA02B3FF9AE3D3FCE
:100F80004AEB2B3F676B3D3FB9352C3FB8273D3FC0
:100F90000F802C3FECE33C3F49CA2C3F03A03C3F71
:100FA00069142D3FFC5B3C3F6F5E2D3FD9173C3FE2
:100FB00059A82D3F98D33B3F29F22D3F3B8F3B3F14
:100FC000DE3B2E3FC14A3B3F78852E3F29063B3F03
:100FD000F7CE2E3F75C13A3F5B182F3FA47C3A3FB6
:100FE000A5612F3FB7373A3FD3AA2F3FACF2393F25
:100FF000E6F32F3F85AD393FDE3C303F4268393F55
:10100000BB85303FE122393F7CCE303F65DD383F44
:101010002217313FCB97383FAD5F313F1652383FF3
:101020001DA8313F430C383F71F0313F55C6373F63
:10103000AA38323F4A80373FC780323F233A373F92
:10104000C9C8323FDFF3363FAF10333F7FAD363F85
:101050007A58333F0467363F29A0333F6C20363F30
:10106000BCE7333FB8D9353F342F343FE792353FA3
:101070008F76343FFB4B353FCFBD343FF304353FD4
:10108000F304353FCFBD343FFB4B353F8F76343FC4
:10109000E792353F342F343FB8D9353FBCE7333F73
:1010A0006C20363F29A0333F0467363F7A58333FE0
:1010B0007FAD363FAF10333FDFF3363FC9C8323F15
:1010C000233A373FC780323F4A80373FAA38323F02
:1010D00055C6373F71F0313F430C383F1DA8313FB3
:1010E0001652383FAD5F313FCB97383F2217313F23
:1010F00065DD383F7CCE303FE122393FBB85303F54
:101100004268393FDE3C303F85AD393FE6F32F3F43
:10111000ACF2393FD3AA2F3FB7373A3FA5612F3FF3
:10112000A47C3A3F5B182F3F75C13A3FF7CE2E3F64
:1011300029063B3F78852E3FC14A3B3FDE3B2E3F91
:101140003B8F3B3F29F22D3F98D33B3F59A82D3F82
:10115000D9173C3F6F5E2D3FFC5B3C3F69142D3F30
:1011600003A03C3F49CA2C3FECE33C3F0F802C3F9F
:10117000B8273D3FB9352C3F676B3D3F4AEB2B3FCE
:10118000F9AE3D3FBFA02B3F6EF23D3F1B562B3FBC
:10119000C5353E3F5B0B2B3FFF783E3F82C02A3F69
:1011A0001BBC3E3F8E752A3F1BFF3E3F802A2A3FD5
:1011B000FC413F3F57DF293FC0843F3F1594293F03
:1011C00067C73F3FB848293FF009403F41FD283FEE
:1011D0005C4C403FB0B1283FA98E403F0566283F98
:1011E000DAD0403F401A283FEC12413F61CE273F02
:1011F000E154413F6882273FB796413F5636273F2B
:1012000070D8413F2AEA263F0B1A423FE39D263F12
:10121000895B423F8451263FE89C423F0A05263FB6
:1012200029DE423F77B8253F4C1F433FCB6B253F1C
:101230005160433F041F253F38A1433F25D2243F3F
:1012400000E2433F2C85243FAB22443F1A38243F21
:101250003763443FEEEA233FA5A3443FA99D233FC4
:10126000F5E3443F4B50233F2624453FD302233F21
:101270003964453F43B5223F2DA4453F9967223F3E
:1012800003E4453FD719223FBB23463FFBCB213F19
:101290005463463F067E213FCEA2463FF92F213FB1
:1012A0002AE2463FD2E1203F6721473F9393203F08
:1012B0008560473F3B45203F849F473FCBF61F3F1C
:1012C00065DE473F41A81F3F271D483F9F591F3FED
:1012D000CA5B483FE50A1F3F4E9A483F12BC1E3F7B
:1012E000B3D8483F266D1E3FFA16493F221E1E3FC7
:1012F0002155493F06CF1D3F2993493FD17F1D3FCF
:1013000012D1493F84301D3FDC0E4A3F1FE11C3F94
:10131000874C4A3FA2911C3F138A4A3F0C421C3F14
:101320007FC74A3F5FF21B3FCC044B3F99A21B3F54
:10133000FA414B3FBB521B3F097F4B3FC6021B3F4D
:10134000F8BB4B3FB8B21A3FC7F84B3F93621A3F06
:1013500078354C3F55121A3F08724C3F00C2193F76
:1013600079AE4C3F9471193FCBEA4C3F0F21193FA6
:10137000FD264D3F73D0183F10634D3FC07F183F8F
:10138000029F4D3FF52E183FD5DA4D3F12DE173F35
:1013900089164E3F188D173F1C524E3F073C173F92
:1013A000908D4E3FDFEA163FE4C84E3F9F99163FAF
:1013B00017044F3F4748163F2B3F4F3FD9F6153F85
:1013C0001F7A4F3F54A5153FF4B44F3FB753153F15
:1013D000A8EF4F3F0402153F3B2A503F39B0143F5E
:1013E000AF64503F585E143F039F503F5F0C143F63
:1013F00037D9503F50BA133F4A13513F2A68133F21
:101400003D4D513FEE15133F1087513F9AC3123F98
:10141000C2C0513F3071123F54FA513FB01E123FCB
:10142000C633523F19CC113F186D523F6B79113FB3
:1014300049A6523FA726113F59DF523FCDD3103F57
:101440004918533FDC80103F1851533FD52D103FB2
:10145000C789533FB8DA0F3F55C2533F84870F3FC8
:10146000C3FA533F3B340F3F0F33543FDBE00E3F93
:101470003B6B543F658D0E3F47A3543FDA390E3F17
:1014800031DB543F38E60D3FFB12553F81920D3F53
:10149000A44A553FB33E0D3F2C82553FD0EA0C3F46
:1014A00093B9553FD7960C3FD9F0553FC9420C3FF1
:1014B000FE27563FA5EE0B3F025F563F6B9A0B3F50
:1014C000E595563F1C460B3FA7CC563FB7F10A3F68
:1014D0004803573F3D9D0A3FC739573FAD480A3F34
:1014E0002670573F09F4093F63A6573F4E9F093FB7
:1014F0007FDC573F7F4A093F7912583F9BF5083FF1
:101500005348583FA1A0083F0B7E583F924B083FDD
:10151000A1B3583F6FF6073F17E9583F36A1073F81
:101520006A1E593FE84B073F9C53593F86F6063FDA
:10153000AD88593F0EA1063F9CBD593F824B063FE7
:101540006AF2593FE2F5053F16275A3F2CA0053FA6
:10155000A05B5A3F624A053F09905A3F84F4043F1A
:1015600050C45A3F919E043F75F85A3F8948043F42
:10157000792C5B3F6DF2033F5A605B3F3D9C033F1C
:101580001A945B3FF845033FB8C75B3F9FEF023FAC
:1015900034FB5B3F3299023F8E2E5C3FB142023FEB
:1015A000C7615C3F1CEC013FDD945C3F7395013FDC
:1015B000D1C75C3FB53E013FA3FA5C3FE4E7003F83
:1015C000532D5D3FFF90003FE15F5D3F063A003FD6
:1015D0004D925D3FF3C5FF3E97C45D3FB217FF3E9E
:1015E000BEF65D3F4A69FE3EC3285E3FBBBAFD3E84
:1015F000A65A5E3F040CFD3E678C5E3F275DFC3EB5
:1016000005BE5E3F22AEFB3E81EF5E3FF7FEFA3E37
:10161000DB205F3FA54FFA3E12525F3F2DA0F93EFF
:1016200027835F3F8EF0F83E19B45F3FC840F83E15
:10163000E9E45F3FDC90F73E9615603FCBE0F63E75
:101640002146603F9330F63E8976603F3580F53E17
:10165000CFA6603FB1CFF43EF2D6603F071FF43E05
:10166000F206613F386EF33ED036613F43BDF23E35
:101670008A66613F290CF23E2296613FEA5AF13EAA
:1016800098C5613F85A9F03EEAF4613FFBF7EF3E64
:101690001A24623F4C46EF3E2653623F7994EE3E59
:1016A0001082623F80E2ED3ED7B0623F6330ED3E94
:1016B0007BDF623F217EEC3EFC0D633FBBCBEB3E0C
:1016C0005A3C633F3019EB3E956A633F8166EA3EC0
:1016D000AC98633FAEB3E93EA1C6633FB700E93EB5
:1016E00073F4633F9C4DE83E2122643F5D9AE73EE0
:1016F000AC4F643FFBE6E63E147D643F7533E63E47
:1017000059AA643FCB7FE53E7BD7643FFECBE43EE6
:101710007904653F0E18E43E5431653FFA63E33EB9
:101720000B5E653FC4AFE23EA08A653F6AFBE13EC7
:1017300010B7653FEE46E13E5EE3653F4F92E03E07
:10174000880F663F8DDDDF3E8E3B663FA928DF3E7A
:101750007167663FA273DE3E3093663F79BEDD3E21
:10176000CCBE663F2E09DD3E45EA663FC153DC3EF6
:101770009915673F319EDB3ECA40673F80E8DA3EFD
:10178000D86B673FAD32DA3EC196673FB97CD93E30
:1017900087C1673FA3C6D83E2AEC673F6B10D83E8F
:1017A000A816683F135AD73E0341683F99A3D63E17
:1017B000396B683FFDECD53E4C95683F4136D53ED0
:1017C0003CBF683F647FD43E07E9683F67C8D33EAB
:1017D000AE12693F4811D33E323C693F095AD23EAE
:1017E0009165693FAAA2D13ECC8E693F2AEBD03EDB
:1017F000E4B7693F8A33D03ED7E0693FCA7BCF3E2A
:10180000A7096A3FEAC3CE3E52326A3FEA0BCE3E98
:10181000D95A6A3FCA53CD3E3C836A3F8B9BCC3E2C
:101820007BAB6A3F2CE3CB3E95D36A3FAE2ACB3EDF
:101830008CFB6A3F1072CA3E5E236B3F53B9C93EB0
:101840000C4B6B3F7700C93E95726B3F7C47C83E9F
:10185000FB996B3F628EC73E3BC16B3F29D5C63EAD
:1018600058E86B3FD21BC63E500F6C3F5C62C53ED2
:1018700024366C3FC8A8C43ED45C6C3F15EFC33E11
:101880005E836C3F4435C33EC5A96C3F557BC23E69
:1018900007D06C3F48C1C13E24F66C3F1E07C13ED5
:1018A0001D1C6D3FD54CC03EF2416D3F6F92BF3E57
:1018B000A1676D3FEBD7BE3E2D8D6D3F4A1DBE3EED
:1018C00093B26D3F8B62BD3ED5D76D3FAFA7BC3E97
:1018D000F2FC6D3FB6ECBB3EEB216E3FA031BB3E50
:1018E000BE466E3F6E76BA3E6D6B6E3F1EBBB93E16
:1018F000F88F6E3FB2FFB83E5DB46E3F2A44B83EEB
:101900009ED86E3F8488B73EBAFC6E3FC3CCB63ECD
:10191000B0206F3FE610B63E83446F3FEC54B53EB7
:1019200030686F3FD698B43EB88B6F3FA5DCB33EAE
:101930001BAF6F3F5820B33E5AD26F3FEF63B23EAA
:1019400073F56F3F6BA7B13E6718703FCBEAB03EAF
:10195000373B703F102EB03EE15D703F3A71AF3EB5
:101960006680703F49B4AE3EC6A2703F3CF7AD3EC4
:1019700002C5703F153AAD3E17E7703FD47CAC3ED0
:101980000809713F77BFAB3ED42A713F0102AB3EDD
:101990007A4C713F6F44AA3EFB6D713FC486A93EED
:1019A000578F713FFEC8A83E8EB0713F1F0BA83EF7
:1019B0009FD1713F254DA73E8CF2713F128FA63EFD
:1019C0005213723FE5D0A53EF433723F9F12A53EFD
:1019D0007054723F3F54A43EC774723FC595A33EF6
:1019E000F894723F33D7A23E04B5723F8718A23EE7
:1019F000EBD4723FC259A13EACF4723FE59AA03ECF
:101A00004714733FEEDB9F3EBE33733FDF1C9F3EA8
:101A10000E53733FB85D9E3E3972733F789E9D3E74
:101A20003F91733F20DF9C3E1FB0733FAF1F9C3E32
:101A3000D9CE733F27609B3E6EED733F86A09A3EE2
:101A4000DD0B743FCEE0993E272A743FFE20993E7D
:101A50004B48743F1661983E4966743F17A1973E04
:101A60002284743F00E1963ED5A1743FD220963E79
:101A700062BF743F8D60953EC9DC743F31A0943ED7
:101A80000BFA743FBFDF933E2717753F351F933E18
:101A90001D34753F945E923EED50753FDD9D913E45
:101AA000976D753F10DD903E1C8A753F2C1C903E53
:101AB0007BA6753F325B8F3EB3C2753F229A8E3E46
:101AC000C6DE753FFCD88D3EB3FA753FC0178D3E1C
:101AD0007A16763F6E568C3E1B32763F07958B3ECC
:101AE000974D763F8AD38A3EEC68763FF8118A3E5E
:101AF0001B84763F5050893E249F763F938E883ECC
:101B000007BA763FC1CC873EC4D4763FDA0A873E17
:101B10005BEF763FDF48863ECC09773FCE86853E39
:101B20001724773FAAC4843E3C3E773F7002843E30
:101B30003A58773F2240833E1372773FC07D823E02
:101B4000C58B773F4ABB813E51A5773FC0F8803EA9
:101B5000B7BE773F2236803EF7D7773FE1E67E3E3D
:101B600010F1773F56617D3E040A783FA4DB7B3E4F
:101B7000D122783FCB557A3E773B783FCCCF783E29
:101B8000F853783FA649773E526C783F5AC3753E6A
:101B90008684783FE83C743E939C783F51B6723E11
:101BA0007BB4783F942F713E3BCC783FB2A86F3E18
:101BB000D6E3783FAB216E3E4AFB783F7F9A6C3E7E
:101BC0009812793F2F136B3EBF29793FBA8B693E3C
:101BD000C040793F2204683E9A57793F667C663E52
:101BE0004E6E793F86F4643EDC84793F836C633EBD
:101BF000439B793F5CE4613E83B1793F135C603E77
:101C00009DC7793FA8D35E3E91DD793F1A4B5D3E7B
:101C10005EF3793F6AC25B3E04097A3F97395A3EC8
:101C2000841E7A3FA4B0583EDD337A3F8F27573E5B
:101C300010497A3F589E553E1C5E7A3F0115543E2E
:101C400002737A3F898B523EC1877A3FF101513E40
:101C5000599C7A3F38784F3ECBB07A3F60EE4D3E8C
:101C600016C57A3F67644C3E3AD97A3F4FDA4A3E0E
:101C700037ED7A3F1850493E0E017B3FC2C5473EC3
:101C8000BE147B3F4D3B463E48287B3FB9B0443EA7
:101C9000AB3B7B3F0726433EE74E7B3F379B413EB6
:101CA000FC617B3F4910403EEA747B3F3E853E3EEF
:101CB000B2877B3F15FA3C3E539A7B3FCF6E3B3E4B
:101CC000CDAC7B3F6CE3393E20BF7B3FEC57383EC9
:101CD0004DD17B3F50CC363E53E37B3F9840353E61
:101CE00031F57B3FC4B4333EE9067C3FD428323E15
:101CF0007A187C3FC99C303EE5297C3FA2102F3EDC
:101D0000283B7C3F61842D3E444C7C3F04F82B3EB5
:101D10003A5D7C3F8D6B2A3E086E7C3FFCDE283EA0
:101D2000B07E7C3F5152273E318F7C3F8CC5253E93
:101D30008A9F7C3FAD38243EBDAF7C3FB6AB223E90
:101D4000C9BF7C3FA51E213EAECF7C3F7B911F3E8D
:101D50006CDF7C3F38041E3E03EF7C3FDE761C3E8A
:101D600073FE7C3F6BE91A3EBC0D7D3FE05B193E84
:101D7000DD1C7D3F3DCE173ED82B7D3F8340163E78
:101D8000AC3A7D3FB2B2143E59497D3FCA24133E5E
:101D9000DE577D3FCC96113E3D667D3FB708103E35
:101DA00074747D3F8B7A0E3E85827D3F4AEC0C3EFB
:101DB0006E907D3FF35D0B3E309E7D3F86CF093EAA
:101DC000CCAB7D3F0541083E40B97D3F6EB2063E3B
:101DD0008CC67D3FC223053EB2D37D3F0295033EB4
:101DE000B1E07D3F2E06023E88ED7D3F4577003E07
:101DF00038FA7D3F92D0FD3DC2067E3F73B2FA3D78
:101E000024137E3F2C94F73D5E1F7E3FC075F43D4A
:101E1000722B7E3F2E57F13D5E377E3F7638EE3D8A
:101E200023437E3F9A19EB3DC14E7E3F9AFAE73D30
:101E3000385A7E3F76DBE43D88657E3F2EBCE13D2F
:101E4000B0707E3FC49CDE3DB17B7E3F377DDB3D85
:101E50008B867E3F895DD83D3D917E3FB93DD53D26
:101E6000C99B7E3FC81DD23D2DA67E3FB7FDCE3D0E
:101E700069B07E3F86DDCB3D7FBA7E3F36BDC83D33
:101E80006DC47E3FC69CC53D34CE7E3F397CC23D8D
:101E9000D4D77E3F8D5BBF3D4CE17E3FC33ABC3D16
:101EA0009DEA7E3FDD19B93DC7F37E3FDAF8B53DC7
:101EB000C9FC7E3FBBD7B23DA4057F3F80B6AF3D96
:101EC000580E7F3F2B95AC3DE4167F3FBA73A93D7A
:101ED000491F7F3F3052A63D87277F3F8C30A33D6F
:101EE0009D2F7F3FCF0EA03D8D377F3FF9EC9C3D6E
:101EF000543F7F3F0ACB993DF4467F3F05A9963D6D
:101F00006D4E7F3FE786933DBF557F3FB464903D64
:101F1000E95C7F3F6A428D3DEC637F3F0A208A3D4A
:101F2000C76A7F3F94FD863D7B717F3F0ADB833D1F
:101F300008787F3F6CB8803D6D7E7F3F742B7B3D82
:101F4000AB847F3FE9E5743DC28A7F3F38A06E3D98
:101F5000B1907F3F625A683D78967F3F6814623D3A
:101F6000189C7F3F4CCE5B3D91A17F3F0E88553D35
:101F7000E3A67F3FAF414F3D0DAC7F3F2FFB483D78
:101F80000FB17F3F91B4423DEAB57F3FD56D3C3DF7
:101F90009EBA7F3FFC26363D2ABF7F3F07E02F3D9C
:101FA0008FC37F3FF698293DCCC77F3FCC51233D5F
:101FB000E2CB7F3F880A1D3DD1CF7F3F2CC3163D2A
:101FC00098D37F3FB87B103D37D77F3F2F340A3DF2
:101FD000AFDA7F3F90EC033D00DE7F3FB949FB3C29
:101FE00029E17F3F2DBAEE3C2BE47F3F7B2AE23C88
:101FF00005E77F3FA69AD53CB8E97F3FB00AC93CC8
:1020000043EC7F3F9B7ABC3CA7EE7F3F69EAAF3C45
:10201000E3F07F3F1C5AA33CF8F27F3FB6C9963CE1
:10202000E6F47F3F38398A3CACF67F3F4B517B3C2E
:102030004AF87F3F0030623CC1F97F3F900E493C37
:1020400011FB7F3F02ED2F3C39FC7F3F59CB163C03
:1020500039FD7F3F3053FB3B13FE7F3F890FC93B68
:10206000C4FE7F3FC1CB963B4EFF7F3FC70F493B2E
:10207000B1FF7F3FD40FC93AECFF7F3F0000000063
:102080000000803FD40FC9BAECFF7F3FC70F49BBA8
:10209000B1FF7F3FC1CB96BB4EFF7F3F890FC9BBCE
:1020A000C4FE7F3F3053FBBB13FE7F3F59CB16BCB2
:1020B00039FD7F3F02ED2FBC39FC7F3F900E49BCBC
:1020C00011FB7F3F003062BCC1F97F3F4B517BBCAD
:1020D0004AF87F3F38398ABCACF67F3FB6C996BC18
:1020E000E6F47F3F1C5AA3BCF8F27F3F69EAAFBC1D
:1020F000E3F07F3F9B7ABCBCA7EE7F3FB00AC9BC30
:1021000043EC7F3FA69AD5BCB8E97F3F7B2AE2BC6F
:1021100005E77F3F2DBAEEBC2BE47F3FB949FBBCFE
:1021200029E17F3F90EC03BD00DE7F3F2F340ABDE5
:10213000AFDA7F3FB87B10BD37D77F3F2CC316BDCA
:1021400098D37F3F880A1DBDD1CF7F3FCC5123BD9F
:10215000E2CB7F3FF69829BDCCC77F3F07E02FBD7C
:102160008FC37F3FFC2636BD2ABF7F3FD56D3CBD68
:102170009EBA7F3F91B442BDEAB57F3F2FFB48BD79
:102180000FB17F3FAF414FBD0DAC7F3F0E8855BDB6
:10219000E3A67F3F4CCE5BBD91A17F3F681462BD3B
:1021A000189C7F3F625A68BD78967F3F38A06EBD0D
:1021B000B1907F3FE9E574BDC28A7F3F742B7BBD40
:1021C000AB847F3F6CB880BD6D7E7F3F0ADB83BDF3
:1021D00008787F3F94FD86BD7B717F3F0A208ABDD2
:1021E000C76A7F3F6A428DBDEC637F3FB46490BD98
:1021F000E95C7F3FE78693BDBF557F3F05A996BD4C
:102200006D4E7F3F0ACB99BDF4467F3FF9EC9CBDF4
:10221000543F7F3FCF0EA0BD8D377F3F8C30A3BD95
:102220009D2F7F3F3052A6BD87277F3FBA73A9BD40
:10223000491F7F3F2B95ACBDE4167F3F80B6AFBDF5
:10224000580E7F3FBBD7B2BDA4057F3FDAF8B5BDBE
:10225000C9FC7E3FDD19B9BDC7F37E3FC33ABCBDA3
:102260009DEA7E3F8D5BBFBD4CE17E3F397CC2BDA8
:10227000D4D77E3FC69CC5BD34CE7E3F36BDC8BDDB
:102280006DC47E3F86DDCBBD7FBA7E3FB7FDCEBD40
:1022900069B07E3FC81DD2BD2DA67E3FB93DD5BDDC
:1022A000C99B7E3F895DD8BD3D917E3F377DDBBDBB
:1022B0008B867E3FC49CDEBDB17B7E3F2EBCE1BDE4
:1022C000B0707E3F76DBE4BD88657E3F9AFAE7BD5D
:1022D000385A7E3F9A19EBBDC14E7E3F7638EEBD2F
:1022E00023437E3F2E57F1BD5E377E3FC075F4BD60
:1022F000722B7E3F2C94F7BD5E1F7E3F73B2FABDFA
:1023000024137E3F92D0FDBDC2067E3F457700BEBE
:1023100038FA7D3F2E0602BE88ED7D3F029503BE52
:10232000B1E07D3FC22305BEB2D37D3F6EB206BE93
:102330008CC67D3F054108BE40B97D3F86CF09BEB2
:10234000CCAB7D3FF35D0BBE309E7D3F4AEC0CBEB7
:102350006E907D3F8B7A0EBE85827D3FB70810BEA2
:1023600074747D3FCC9611BE3D667D3FCA2413BE7A
:10237000DE577D3FB2B214BE59497D3F834016BE41
:10238000AC3A7D3F3DCE17BED82B7D3FE05B19BEFA
:10239000DD1C7D3F6BE91ABEBC0D7D3FDE761CBEA9
:1023A00073FE7C3F38041EBE03EF7C3F7B911FBE53
:1023B0006CDF7C3FA51E21BEAECF7C3FB6AB22BEFC
:1023C000C9BF7C3FAD3824BEBDAF7C3F8CC525BEA8
:1023D0008A9F7C3F515227BE318F7C3FFCDE28BE56
:1023E000B07E7C3F8D6B2ABE086E7C3F04F82BBE0E
:1023F0003A5D7C3F61842DBE444C7C3FA2102FBED1
:10240000283B7C3FC99C30BEE5297C3FD42832BEA6
:102410007A187C3FC4B433BEE9067C3F984035BE91
:1024200031F57B3F50CC36BE53E37B3FEC5738BE93
:102430004DD17B3F6CE339BE20BF7B3FCF6E3BBEAF
:10244000CDAC7B3F15FA3CBE539A7B3F3E853EBEEA
:10245000B2877B3F491040BEEA747B3F379B41BE49
:10246000FC617B3F072643BEE74E7B3FB9B044BECD
:10247000AB3B7B3F4D3B46BE48287B3FC2C547BE7A
:10248000BE147B3F185049BE0E017B3F4FDA4ABE57
:1024900037ED7A3F67644CBE3AD97A3F60EE4DBE65
:1024A00016C57A3F38784FBECBB07A3FF10151BEA6
:1024B000599C7A3F898B52BEC1877A3F011554BE21
:1024C00002737A3F589E55BE1C5E7A3F8F2757BED7
:1024D00010497A3FA4B058BEDD337A3F97395ABECF
:1024E000841E7A3F6AC25BBE04097A3F1A4B5DBE06
:1024F0005EF3793FA8D35EBE91DD793F135C60BE89
:102500009DC7793F5CE461BE83B1793F836C63BE54
:10251000439B793F86F464BEDC84793F667C66BE6B
:102520004E6E793F220468BE9A57793FBA8B69BED6
:10253000C040793F2F136BBEBF29793F7F9A6CBE95
:102540009812793FAB216EBE4AFB783FB2A86FBEAE
:10255000D6E3783F942F71BE3BCC783F51B672BE24
:102560007BB4783FE83C74BE939C783F5AC375BEF9
:102570008684783FA64977BE526C783FCCCF78BE30
:10258000F853783FCB557ABE773B783FA4DB7BBED0
:10259000D122783F56617DBE040A783FE1E67EBED7
:1025A00010F1773F223680BEF7D7773FC0F880BE64
:1025B000B7BE773F4ABB81BE51A5773FC07D82BE83
:1025C000C58B773F224083BE1372773F700284BE73
:1025D0003A58773FAAC484BE3C3E773FCE8685BE3C
:1025E0001724773FDF4886BECC09773FDA0A87BEDB
:1025F0005BEF763FC1CC87BEC4D4763F938E88BE56
:1026000007BA763F505089BE249F763FF8118ABEA4
:102610001B84763F8AD38ABEEC68763F07958BBED3
:10262000974D763F6E568CBE1B32763FC0178DBEDF
:102630007A16763FFCD88DBEB3FA753F229A8EBECD
:10264000C6DE753F325B8FBEB3C2753F2C1C90BE99
:102650007BA6753F10DD90BE1C8A753FDD9D91BE47
:10266000976D753F945E92BEED50753F351F93BEDA
:102670001D34753FBFDF93BE2717753F31A094BE51
:102680000BFA743F8D6095BEC9DC743FD22096BEB4
:1026900062BF743F00E196BED5A1743F17A197BEFB
:1026A0002284743F166198BE4966743FFE2099BE2D
:1026B0004B48743FCEE099BE272A743F86A09ABE4D
:1026C000DD0B743F27609BBE6EED733FAF1F9CBE5A
:1026D000D9CE733F20DF9CBE1FB0733F789E9DBE56
:1026E0003F91733FB85D9EBE3972733FDF1C9FBE42
:1026F0000E53733FEEDB9FBEBE33733FE59AA0BE21
:102700004714733FC259A1BEACF4723F8718A2BEF2
:10271000EBD4723F33D7A2BE04B5723FC595A3BEBA
:10272000F894723F3F54A4BEC774723F9F12A5BE77
:102730007054723FE5D0A5BEF433723F128FA6BE2F
:102740005213723F254DA7BE8CF2713F1F0BA8BEDE
:102750009FD1713FFEC8A8BE8EB0713FC486A9BE8E
:10276000578F713F6F44AABEFB6D713F0102ABBE34
:102770007A4C713F77BFABBED42A713FD47CACBEDC
:102780000809713F153AADBE17E7703F3CF7ADBE83
:1027900002C5703F49B4AEBEC6A2703F3A71AFBE2B
:1027A0006680703F102EB0BEE15D703FCBEAB0BED8
:1027B000373B703F6BA7B1BE6718703FEF63B2BE87
:1027C00073F56F3F5820B3BE5AD26F3FA5DCB3BE3E
:1027D0001BAF6F3FD698B4BEB88B6F3FEC54B5BEFD
:1027E00030686F3FE610B6BE83446F3FC3CCB6BEC1
:1027F000B0206F3F8488B7BEBAFC6E3F2A44B8BE93
:102800009ED86E3FB2FFB8BE5DB46E3F1EBBB9BE70
:10281000F88F6E3F6E76BABE6D6B6E3FA031BBBE59
:10282000BE466E3FB6ECBBBEEB216E3FAFA7BCBE53
:10283000F2FC6D3F8B62BDBED5D76D3F4A1DBEBE5B
:1028400093B26D3FEBD7BEBE2D8D6D3F6F92BFBE75
:10285000A1676D3FD54CC0BEF2416D3F1E07C1BEA2
:102860001D1C6D3F48C1C1BE24F66C3F557BC2BEE6
:1028700007D06C3F4435C3BEC5A96C3F15EFC3BE3E
:102880005E836C3FC8A8C4BED45C6C3F5C62C5BEAE
:1028900024366C3FD21BC6BE500F6C3F29D5C6BE36
:1028A00058E86B3F628EC7BE3BC16B3F7C47C8BEDA
:1028B000FB996B3F7700C9BE95726B3F53B9C9BE98
:1028C0000C4B6B3F1072CABE5E236B3FAE2ACBBE71
:1028D0008CFB6A3F2CE3CBBE95D36A3F8B9BCCBE6F
:1028E0007BAB6A3FCA53CDBE3C836A3FEA0BCEBE88
:1028F000D95A6A3FEAC3CEBE52326A3FCA7BCFBEC4
:10290000A7096A3F8A33D0BED7E0693F2AEBD0BE21
:10291000E4B7693FAAA2D1BECC8E693F095AD2BEA4
:102920009165693F4811D3BE323C693F67C8D3BE49
:10293000AE12693F647FD4BE07E9683F4136D5BE19
:102940003CBF683FFDECD5BE4C95683F99A3D6BE11
:10295000396B683F135AD7BE0341683F6B10D8BE2E
:10296000A816683FA3C6D8BE2AEC673FB97CD9BE7B
:1029700087C1673FAD32DABEC196673F80E8DABEF5
:10298000D86B673F319EDBBECA40673FC153DCBE98
:102990009915673F2E09DDBE45EA663F79BEDDBE6B
:1029A000CCBE663FA273DEBE3093663FA928DFBE71
:1029B0007167663F8DDDDFBE8E3B663F4F92E0BEA6
:1029C000880F663FEE46E1BE5EE3653F6AFBE1BE0F
:1029D00010B7653FC4AFE2BEA08A653FFA63E3BEAD
:1029E0000B5E653F0E18E4BE5431653FFECBE4BE7E
:1029F0007904653FCB7FE5BE7BD7643F7533E6BE88
:102A000059AA643FFBE6E6BE147D643F5D9AE7BECB
:102A1000AC4F643F9C4DE8BE2122643FB700E9BE45
:102A200073F4633FAEB3E9BEA1C6633F8166EABEFD
:102A3000AC98633F3019EBBE956A633FBBCBEBBEEE
:102A40005A3C633F217EECBEFC0D633F6330EDBE1C
:102A50007BDF623F80E2EDBED7B0623F7994EEBE8D
:102A60001082623F4C46EFBE2653623FFBF7EFBE3B
:102A70001A24623F85A9F0BEEAF4613FEA5AF1BE2A
:102A800098C5613F290CF2BE2296613F43BDF2BE5C
:102A90008A66613F386EF3BED036613F071FF4BED1
:102AA000F206613FB1CFF4BEF2D6603F3580F5BE8D
:102AB000CFA6603F9330F6BE8976603FCBE0F6BE8E
:102AC0002146603FDC90F7BE9615603FC840F8BED7
:102AD000E9E45F3F8EF0F8BE19B45F3F2DA0F9BE68
:102AE00027835F3FA54FFABE12525F3FF7FEFABE43
:102AF000DB205F3F22AEFBBE81EF5E3F275DFCBE69
:102B000005BE5E3F040CFDBE678C5E3FBBBAFDBEDA
:102B1000A65A5E3F4A69FEBEC3285E3FB217FFBE9B
:102B2000BEF65D3FF3C5FFBE97C45D3F063A00BFEA
:102B30004D925D3FFF9000BFE15F5D3FE4E700BF66
:102B4000532D5D3FB53E01BFA3FA5C3F739501BFB6
:102B5000D1C75C3F1CEC01BFDD945C3FB14202BFBA
:102B6000C7615C3F329902BF8E2E5C3F9FEF02BF70
:102B700034FB5B3FF84503BFB8C75B3F3D9C03BFD9
:102B80001A945B3F6DF203BF5A605B3F894804BFF4
:102B9000792C5B3F919E04BF75F85A3F84F404BFC3
:102BA00050C45A3F624A05BF09905A3F2CA005BF46
:102BB000A05B5A3FE2F505BF16275A3F824B06BF7E
:102BC0006AF2593F0EA106BF9CBD593F86F606BF6B
:102BD000AD88593FE84B07BF9C53593F36A107BF0B
:102BE0006A1E593F6FF607BF17E9583F924B08BF5F
:102BF000A1B3583FA1A008BF0B7E583F9BF508BF6B
:102C00005348583F7F4A09BF7912583F4E9F09BF2A
:102C10007FDC573F09F409BF63A6573FAD480ABFA1
:102C20002670573F3D9D0ABFC739573FB7F10ABFCE
:102C30004803573F1C460BBFA7CC563F6B9A0BBFB0
:102C4000E595563FA5EE0BBF025F563FC9420CBF4C
:102C5000FE27563FD7960CBFD9F0553FD0EA0CBFA0
:102C600093B9553FB33E0DBF2C82553F81920DBFA6
:102C7000A44A553F38E60DBFFB12553FDA390EBF67
:102C800031DB543F658D0EBF47A3543FDBE00EBFE1
:102C90003B6B543F3B340FBF0F33543F84870FBF10
:102CA000C3FA533FB8DA0FBF55C2533FD52D10BFFB
:102CB000C789533FDC8010BF1851533FCDD310BF9D
:102CC0004918533FA72611BF59DF523F6B7911BFF7
:102CD00049A6523F19CC11BF186D523FB01E12BF0A
:102CE000C633523F307112BF54FA513F9AC312BFDC
:102CF000C2C0513FEE1513BF1087513F2A6813BF62
:102D00003D4D513F50BA13BF4A13513F5F0C14BFA2
:102D100037D9503F585E14BF039F503F39B014BF9E
:102D2000AF64503F040215BF3B2A503FB75315BF55
:102D3000A8EF4F3F54A515BFF4B44F3FD9F615BFC8
:102D40001F7A4F3F474816BF2B3F4F3F9F9916BFF3
:102D500017044F3FDFEA16BFE4C84E3F073C17BFDA
:102D6000908D4E3F188D17BF1C524E3F12DE17BF7D
:102D700089164E3FF52E18BFD5DA4D3FC07F18BFDC
:102D8000029F4D3F73D018BF10634D3F0F2119BFF5
:102D9000FD264D3F947119BFCBEA4C3F00C219BFCD
:102DA00079AE4C3F55121ABF08724C3F93621ABF5E
:102DB00078354C3FB8B21ABFC7F84B3FC6021BBFAD
:102DC000F8BB4B3FBB521BBF097F4B3F99A21BBFB8
:102DD000FA414B3F5FF21BBFCC044B3F0C421CBF80
:102DE0007FC74A3FA2911CBF138A4A3F1FE11CBF05
:102DF000874C4A3F84301DBFDC0E4A3FD17F1DBF48
:102E000012D1493F06CF1DBF2993493F221E1EBF45
:102E10002155493F266D1EBFFA16493F12BC1EBF01
:102E2000B3D8483FE50A1FBF4E9A483F9F591FBF7E
:102E3000CA5B483F41A81FBF271D483FCBF61FBFB5
:102E400065DE473F3B4520BF849F473F939320BFAC
:102E50008560473FD2E120BF6721473FF92F21BF5F
:102E60002AE2463F067E21BFCEA2463FFBCB21BFD2
:102E70005463463FD71922BFBB23463F996722BF01
:102E800003E4453F43B522BF2DA4453FD30223BFF2
:102E90003964453F4B5023BF2624453FA99D23BF9E
:102EA000F5E3443FEEEA23BFA5A3443F1A3824BF0D
:102EB0003763443F2C8524BFAB22443F25D224BF37
:102EC00000E2433F041F25BF38A1433FCB6B25BF22
:102ED0005160433F77B825BF4C1F433F0A0526BFCB
:102EE00029DE423F845126BFE89C423FE39D26BF36
:102EF000895B423F2AEA26BF0B1A423F563627BF5C
:102F000070D8413F688227BFB796413F61CE27BF47
:102F1000E154413F401A28BFEC12413F056628BFEB
:102F2000DAD0403FB0B128BFA98E403F41FD28BF55
:102F30005C4C403FB84829BFF009403F159429BF79
:102F400067C73F3F57DF29BFC0843F3F802A2ABF62
:102F5000FC413F3F8E752ABF1BFF3E3F82C02ABF08
:102F60001BBC3E3F5B0B2BBFFF783E3F1B562BBF6E
:102F7000C5353E3FBFA02BBF6EF23D3F4AEB2BBF96
:102F8000F9AE3D3FB9352CBF676B3D3F0F802CBF7D
:102F9000B8273D3F49CA2CBFECE33C3F69142DBF25
:102FA00003A03C3F6F5E2DBFFC5B3C3F59A82DBF8B
:102FB000D9173C3F29F22DBF98D33B3FDE3B2EBFB4
:102FC0003B8F3B3F78852EBFC14A3B3FF7CE2EBF9C
:102FD00029063B3F5B182FBF75C13A3FA5612FBF44
:102FE000A47C3A3FD3AA2FBFB7373A3FE6F32FBFAF
:102FF000ACF2393FDE3C30BF85AD393FBB8530BFD9
:103000004268393F7CCE30BFE122393F221731BFC1
:1030100065DD383FAD5F31BFCB97383F1DA831BF6D
:103020001652383F71F031BF430C383FAA3832BFD7
:1030300055C6373FC78032BF4A80373FC9C832BF05
:10304000233A373FAF1033BFDFF3363F7A5833BFF1
:103050007FAD363F29A033BF0467363FBCE733BF9F
:103060006C20363F342F34BFB8D9353F8F7634BF0C
:10307000E792353FCFBD34BFFB4B353FF30435BF3F
:10308000F304353FFB4B35BFCFBD343FE79235BF2F
:103090008F76343FB8D935BF342F343F6C2036BFDC
:1030A000BCE7333F046736BF29A0333F7FAD36BF4F
:1030B0007A58333FDFF336BFAF10333F233A37BF81
:1030C000C9C8323F4A8037BFC780323F55C637BF75
:1030D000AA38323F430C38BF71F0313F165238BF27
:1030E0001DA8313FCB9738BFAD5F313F65DD38BF9D
:1030F0002217313FE12239BF7CCE303F426839BFD1
:10310000BB85303F85AD39BFDE3C303FACF239BFC7
:10311000E6F32F3FB7373ABFD3AA2F3FA47C3ABF7D
:10312000A5612F3F75C13ABF5B182F3F29063BBFF2
:10313000F7CE2E3FC14A3BBF78852E3F3B8F3BBF2A
:10314000DE3B2E3F98D33BBF29F22D3FD9173CBF22
:1031500059A82D3FFC5B3CBF6F5E2D3F03A03CBFD9
:1031600069142D3FECE33CBF49CA2C3FB8273DBF53
:103170000F802C3F676B3DBFB9352C3FF9AE3DBF8B
:103180004AEB2B3F6EF23DBFBFA02B3FC5353EBF84
:103190001B562B3FFF783EBF5B0B2B3F1BBC3EBF3C
:1031A00082C02A3F1BFF3EBF8E752A3FFC413FBFB6
:1031B000802A2A3FC0843FBF57DF293F67C73FBFF0
:1031C0001594293FF00940BFB848293F5C4C40BFE7
:1031D00041FD283FA98E40BFB0B1283FDAD040BFA3
:1031E0000566283FEC1241BF401A283FE15441BF19
:1031F00061CE273FB79641BF6882273F70D841BF55
:103200005636273F0B1A42BF2AEA263F895B42BF48
:10321000E39D263FE89C42BF8451263F29DE42BF02
:103220000A05263F4C1F43BF77B8253F516043BF77
:10323000CB6B253F38A143BF041F253F00E243BFAE
:1032400025D2243FAB2244BF2C85243F376344BFA3
:103250001A38243FA5A344BFEEEA233FF5E344BF59
:10326000A99D233F262445BF4B50233F396445BFCA
:10327000D302233F2DA445BF43B5223F03E445BFFE
:103280009967223FBB2346BFD719223F546346BFED
:10329000FBCB213FCEA246BF067E213F2AE246BF9E
:1032A000F92F213F672147BFD2E1203F856047BF0B
:1032B0009393203F849F47BF3B45203F65DE47BF38
:1032C000CBF61F3F271D48BF41A81F3FCA5B48BF21
:1032D0009F591F3F4E9A48BFE50A1F3FB3D848BFCA
:1032E00012BC1E3FFA1649BF266D1E3F215549BF2D
:1032F000221E1E3F299349BF06CF1D3F12D149BF51
:10330000D17F1D3FDC0E4ABF84301D3F874C4ABF32
:103310001FE11C3F138A4ABFA2911C3F7FC74ABFCF
:103320000C421C3FCC044BBF5FF21B3FFA414BBF2A
:1033300099A21B3F097F4BBFBB521B3FF8BB4BBF42
:10334000C6021B3FC7F84BBFB8B21A3F78354CBF17
:1033500093621A3F08724CBF55121A3F79AE4CBFA8
:1033600000C2193FCBEA4CBF9471193FFD264DBFF7
:103370000F21193F10634DBF73D0183F029F4DBFFF
:10338000C07F183FD5DA4DBFF52E183F89164EBFC6
:1033900012DE173F1C524EBF188D173F908D4EBF47
:1033A000073C173FE4C84EBFDFEA163F17044FBF84
:1033B0009F99163F2B3F4FBF4748163F1F7A4FBF7D
:1033C000D9F6153FF4B44FBF54A5153FA8EF4FBF32
:1033D000B753153F3B2A50BF0402153FAF6450BF9F
:1033E00039B0143F039F50BF585E143F37D950BFC8
:1033F0005F0C143F4A1351BF50BA133F3D4D51BFAC
:103400002A68133F108751BFEE15133FC2C051BF4A
:103410009AC3123F54FA51BF3071123FC63352BFA4
:10342000B01E123F186D52BF19CC113F49A652BFB2
:103430006B79113F59DF52BFA726113F491853BF7F
:10344000CDD3103F185153BFDC80103FC78953BF05
:10345000D52D103F55C253BFB8DA0F3FC3FA53BF43
:1034600084870F3F0F3354BF3B340F3F3B6B54BF38
:10347000DBE00E3F47A354BF658D0E3F31DB54BFE9
:10348000DA390E3FFB1255BF38E60D3FA44A55BF4F
:1034900081920D3F2C8255BFB33E0D3F93B955BF6E
:1034A000D0EA0C3FD9F055BFD7960C3FFE2756BF48
:1034B000C9420C3F025F56BFA5EE0B3FE59556BFD4
:1034C0006B9A0B3FA7CC56BF1C460B3F480357BF18
:1034D000B7F10A3FC73957BF3D9D0A3F267057BF16
:1034E000AD480A3F63A657BF09F4093F7FDC57BFC9
:1034F0004E9F093F791258BF7F4A093F534858BF32
:103500009BF5083F0B7E58BFA1A0083FA1B358BF51
:10351000924B083F17E958BF6FF6073F6A1E59BF25
:1035200036A1073F9C5359BFE84B073FAD8859BFB1
:1035300086F6063F9CBD59BF0EA1063F6AF259BFF1
:10354000824B063F16275ABFE2F5053FA05B5ABFE4
:103550002CA0053F09905ABF624A053F50C45ABF8C
:1035600084F4043F75F85ABF919E043F792C5BBFE9
:103570008948043F5A605BBF6DF2033F1A945BBFFA
:103580003D9C033FB8C75BBFF845033F34FB5BBFBF
:103590009FEF023F8E2E5CBF3299023FC7615CBF36
:1035A000B142023FDD945CBF1CEC013FD1C75CBF60
:1035B0007395013FA3FA5CBFB53E013F532D5DBF3C
:1035C000E4E7003FE15F5DBFFF90003F4D925DBFCC
:1035D000063A003F97C45DBFF3C5FF3EBEF65DBF30
:1035E000B217FF3EC3285EBF4A69FE3EA65A5EBFC1
:1035F000BBBAFD3E678C5EBF040CFD3E05BE5EBFE0
:10360000275DFC3E81EF5EBF22AEFB3EDB205FBF4D
:10361000F7FEFA3E12525FBFA54FFA3E27835FBF07
:103620002DA0F93E19B45FBF8EF0F83EE9E45FBF0C
:10363000C840F83E961560BFDC90F73E214660BF5B
:10364000CBE0F63E897660BF9330F63ECFA660BFF2
:103650003580F53EF2D660BFB1CFF43EF20661BFD1
:10366000071FF43ED03661BF386EF33E8A6661BFF5
:1036700043BDF23E229661BF290CF23E98C561BF60
:10368000EA5AF13EEAF461BF85A9F03E1A2462BF0E
:10369000FBF7EF3E265362BF4C46EF3E108262BFFF
:1036A0007994EE3ED7B062BF80E2ED3E7BDF62BF31
:1036B0006330ED3EFC0D63BF217EEC3E5A3C63BFA0
:1036C000BBCBEB3E956A63BF3019EB3EAC9863BF52
:1036D0008166EA3EA1C663BFAEB3E93E73F463BF41
:1036E000B700E93E212264BF9C4DE83EAC4F64BF69
:1036F0005D9AE73E147D64BFFBE6E63E59AA64BFCF
:103700007533E63E7BD764BFCB7FE53E790465BF6A
:10371000FECBE43E543165BF0E18E43E0B5E65BF40
:10372000FA63E33EA08A65BFC4AFE23E10B765BF4F
:103730006AFBE13E5EE365BFEE46E13E880F66BF91
:103740004F92E03E8E3B66BF8DDDDF3E716766BF08
:10375000A928DF3E309366BFA273DE3ECCBE66BFB3
:1037600079BEDD3E45EA66BF2E09DD3E991567BF8D
:10377000C153DC3ECA4067BF319EDB3ED86B67BF9A
:1037800080E8DA3EC19667BFAD32DA3E87C167BFD7
:10379000B97CD93E2AEC67BFA3C6D83EA81668BF3D
:1037A0006B10D83E034168BF135AD73E396B68BFD0
:1037B00099A3D63E4C9568BFFDECD53E3CBF68BF93
:1037C0004136D53E07E968BF647FD43EAE1269BF7B
:1037D00067C8D33E323C69BF4811D33E916569BF8B
:1037E000095AD23ECC8E69BFAAA2D13EE4B769BFC6
:1037F0002AEBD03ED7E069BF8A33D03EA7096ABF23
:10380000CA7BCF3E52326ABFEAC3CE3ED95A6ABFA4
:10381000EA0BCE3E3C836ABFCA53CD3E7BAB6ABF48
:103820008B9BCC3E95D36ABF2CE3CB3E8CFB6ABF0F
:10383000AE2ACB3E5E236BBF1072CA3E0C4B6BBFF1
:1038400053B9C93E95726BBF7700C93EFB996BBFF8
:103850007C47C83E3BC16BBF628EC73E58E86BBF1A
:1038600029D5C63E500F6CBFD21BC63E24366CBF56
:103870005C62C53ED45C6CBFC8A8C43E5E836CBFAE
:1038800015EFC33EC5A96CBF4435C33E07D06CBF1E
:10389000557BC23E24F66CBF48C1C13E1D1C6DBFA6
:1038A0001E07C13EF2416DBFD54CC03EA1676DBF42
:1038B0006F92BF3E2D8D6DBFEBD7BE3E93B26DBFF5
:1038C0004A1DBE3ED5D76DBF8B62BD3EF2FC6DBFBB
:1038D000AFA7BC3EEB216EBFB6ECBB3EBE466EBF93
:1038E000A031BB3E6D6B6EBF6E76BA3EF88F6EBF79
:1038F0001EBBB93E5DB46EBFB2FFB83E9ED86EBF70
:103900002A44B83EBAFC6EBF8488B73EB0206FBF71
:10391000C3CCB63E83446FBFE610B63E30686FBF7F
:10392000EC54B53EB88B6FBFD698B43E1BAF6FBF9B
:10393000A5DCB33E5AD26FBF5820B33E73F56FBFBC
:10394000EF63B23E671870BF6BA7B13E373B70BFE5
:10395000CBEAB03EE15D70BF102EB03E668070BF16
:103960003A71AF3EC6A270BF49B4AE3E02C570BF49
:103970003CF7AD3E17E770BF153AAD3E080971BF81
:10398000D47CAC3ED42A71BF77BFAB3E7A4C71BFBA
:103990000102AB3EFB6D71BF6F44AA3E578F71BFF2
:1039A000C486A93E8EB071BFFEC8A83E9FD171BF2C
:1039B0001F0BA83E8CF271BF254DA73E521372BF5C
:1039C000128FA63EF43372BFE5D0A53E705472BF8D
:1039D0009F12A53EC77472BF3F54A43EF89472BFB5
:1039E000C595A33E04B572BF33D7A23EEBD472BFD8
:1039F0008718A23EACF472BFC259A13E471473BFF0
:103A0000E59AA03EBE3373BFEEDB9F3E0E5373BFFD
:103A1000DF1C9F3E397273BFB85D9E3E3F9173BFFE
:103A2000789E9D3E1FB073BF20DF9C3ED9CE73BFF2
:103A3000AF1F9C3E6EED73BF27609B3EDD0B74BFD6
:103A400086A09A3E272A74BFCEE0993E4B4874BFA9
:103A5000FE20993E496674BF1661983E228474BF69
:103A600017A1973ED5A174BF00E1963E62BF74BF17
:103A7000D220963EC9DC74BF8D60953E0BFA74BFB0
:103A800031A0943E271775BFBFDF933E1D3475BF2D
:103A9000351F933EED5075BF945E923E976D75BF96
:103AA000DD9D913E1C8A75BF10DD903E7BA675BFE3
:103AB0002C1C903EB3C275BF325B8F3EC6DE75BF15
:103AC000229A8E3EB3FA75BFFCD88D3E7A1676BF29
:103AD000C0178D3E1B3276BF6E568C3E974D76BF1B
:103AE00007958B3EEC6876BF8AD38A3E1B8476BFEF
:103AF000F8118A3E249F76BF5050893E07BA76BFA0
:103B0000938E883EC4D476BFC1CC873E5BEF76BF30
:103B1000DA0A873ECC0977BFDF48863E172477BF95
:103B2000CE86853E3C3E77BFAAC4843E3A5877BFD6
:103B30007002843E137277BF2240833EC58B77BFED
:103B4000C07D823E51A577BF4ABB813EB7BE77BFDD
:103B5000C0F8803EF7D777BF2236803E10F177BF9E
:103B6000E1E67E3E040A78BF56617D3ED12278BFF1
:103B7000A4DB7B3E773B78BFCB557A3EF85378BFCA
:103B8000CCCF783E526C78BFA649773E868478BF0A
:103B90005AC3753E939C78BFE83C743E7BB478BFB3
:103BA00051B6723E3BCC78BF942F713ED6E378BFBE
:103BB000B2A86F3E4AFB78BFAB216E3E981279BF28
:103BC0007F9A6C3EBF2979BF2F136B3EC04079BFEF
:103BD000BA8B693E9A5779BF2204683E4E6E79BF10
:103BE000667C663EDC8479BF86F4643E439B79BF85
:103BF000836C633E83B179BF5CE4613E9DC779BF4E
:103C0000135C603E91DD79BFA8D35E3E5EF379BF61
:103C10001A4B5D3E04097ABF6AC25B3E841E7ABFBE
:103C200097395A3EDD337ABFA4B0583E10497ABF67
:103C30008F27573E1C5E7ABF589E553E02737ABF4F
:103C40000115543EC1877ABF898B523E599C7ABF79
:103C5000F101513ECBB07ABF38784F3E16C57ABFDE
:103C600060EE4D3E3AD97ABF67644C3E37ED7ABF7D
:103C70004FDA4A3E0E017BBF1850493EBE147BBF4F
:103C8000C2C5473E48287BBF4D3B463EAB3B7BBF52
:103C9000B9B0443EE74E7BBF0726433EFC617BBF85
:103CA000379B413EEA747BBF4910403EB2877BBFE1
:103CB0003E853E3E539A7BBF15FA3C3ECDAC7BBF62
:103CC000CF6E3B3E20BF7BBF6CE3393E4DD17BBF07
:103CD000EC57383E53E37BBF50CC363E31F57BBFCB
:103CE0009840353EE9067CBFC4B4333E7A187CBFA9
:103CF000D428323EE5297CBFC99C303E283B7CBF9E
:103D0000A2102F3E444C7CBF61842D3E3A5D7CBFA7
:103D100004F82B3E086E7CBF8D6B2A3EB07E7CBFC4
:103D2000FCDE283E318F7CBF5152273E8A9F7CBFEC
:103D30008CC5253EBDAF7CBFAD38243EC9BF7CBF1E
:103D4000B6AB223EAECF7CBFA51E213E6CDF7CBF52
:103D50007B911F3E03EF7CBF38041E3E73FE7CBF89
:103D6000DE761C3EBC0D7DBF6BE91A3EDD1C7DBFBF
:103D7000E05B193ED82B7DBF3DCE173EAC3A7DBFF0
:103D80008340163E59497DBFB2B2143EDE577DBF17
:103D9000CA24133E3D667DBFCC96113E74747DBF30
:103DA000B708103E85827DBF8B7A0E3E6E907DBF38
:103DB0004AEC0C3E309E7DBFF35D0B3ECCAB7DBF2D
:103DC00086CF093E40B97DBF0541083E8CC67DBF08
:103DD0006EB2063EB2D37DBFC223053EB1E07DBFC9
:103DE0000295033E88ED7DBF2E06023E38FA7DBF68
:103DF0004577003EC2067EBF92D0FD3D24137EBFB4
:103E000073B2FA3D5E1F7EBF2C94F73D722B7EBFCE
:103E1000C075F43D5E377EBF2E57F13D23437EBF14
:103E20007638EE3DC14E7EBF9A19EB3D385A7EBFC3
:103E30009AFAE73D88657EBF76DBE43DB0707EBFD1
:103E40002EBCE13DB17B7EBFC49CDE3D8B867EBF38
:103E5000377DDB3D3D917EBF895DD83DC99B7EBFEF
:103E6000B93DD53D2DA67EBFC81DD23D69B07EBFF0
:103E7000B7FDCE3D7FBA7EBF86DDCB3D6DC47EBF34
:103E800036BDC83D34CE7EBFC69CC53DD4D77EBFAF
:103E9000397CC23D4CE17EBF8D5BBF3D9DEA7EBF5C
:103EA000C33ABC3DC7F37EBFDD19B93DC9FC7EBF37
:103EB000DAF8B53DA4057FBFBBD7B23D580E7FBF32
:103EC00080B6AF3DE4167FBF2B95AC3D491F7FBF49
:103ED000BA73A93D87277FBF3052A63D9D2F7FBF74
:103EE0008C30A33D8D377FBFCF0EA03D543F7FBFA9
:103EF000F9EC9C3DF4467FBF0ACB993D6D4E7FBFE8
:103F000005A9963DBF557FBFE786933DE95C7FBF1E
:103F1000B464903DEC637FBF6A428D3DC76A7FBF4A
:103F20000A208A3D7B717FBF94FD863D08787FBF64
:103F30000ADB833D6D7E7FBF6CB8803DAB847FBF65
:103F4000742B7B3DC28A7FBFE9E5743DB1907FBF92
:103F500038A06E3D78967FBF625A683D189C7FBF3F
:103F60006814623D91A17FBF4CCE5B3DE3A67FBF4D
:103F70000E88553D0DAC7FBFAF414F3D0FB17FBFA8
:103F80002FFB483DEAB57FBF91B4423D9EBA7FBF4B
:103F9000D56D3C3D2ABF7FBFFC26363D8FC37FBF1A
:103FA00007E02F3DCCC77FBFF698293DE2CB7FBF0E
:103FB000CC51233DD1CF7FBF880A1D3D98D37FBF11
:103FC0002CC3163D37D77FBFB87B103DAFDA7FBF1C
:103FD0002F340A3D00DE7FBF90EC033D29E17FBF17
:103FE000B949FB3C2BE47FBF2DBAEE3C05E77FBF10
:103FF0007B2AE23CB8E97FBFA69AD53C43EC7FBF61
:10400000B00AC93CA7EE7FBF9B7ABC3CE3F07FBF00
:1040100069EAAF3CF8F27FBF1C5AA33CE6F47FBFCD
:10402000B6C9963CACF67FBF38398A3C4AF87FBFA8
:104030004B517B3CC1F97FBF0030623C11FB7FBF1D
:10404000900E493C39FC7FBF02ED2F3C39FD7FBF0C
:1040500059CB163C13FE7FBF3053FB3BC4FE7FBFE2
:10406000890FC93B4EFF7FBFC1CB963BB1FF7FBFDE
:10407000C70F493BECFF7FBFD40FC93A000080BF98
:1040800000000000ECFF7FBFD40FC9BAB1FF7FBFB3
:10409000C70F49BB4EFF7FBFC1CB96BBC4FE7FBFDE
:1040A000890FC9BB13FE7FBF3053FBBB39FD7FBFF8
:1040B00059CB16BC39FC7FBF02ED2FBC11FB7FBF73
:1040C000900E49BCC1F97FBF003062BC4AF87FBF87
:1040D0004B517BBCACF67FBF38398ABCE6F47FBF5E
:1040E000B6C996BCF8F27FBF1C5AA3BCE3F07FBFF1
:1040F00069EAAFBCA7EE7FBF9B7ABCBC43EC7FBF35
:10410000B00AC9BCB8E97FBFA69AD5BC05E77FBF96
:104110007B2AE2BC2BE47FBF2DBAEEBC29E17FBF36
:10412000B949FBBC00DE7FBF90EC03BDAFDA7FBFB7
:104130002F340ABD37D77FBFB87B10BD98D37FBF60
:104140002CC316BDD1CF7FBF880A1DBDE2CB7FBF78
:10415000CC5123BDCCC77FBFF69829BD8FC37FBF8D
:1041600007E02FBD2ABF7FBFFC2636BD9EBA7FBFAA
:10417000D56D3CBDEAB57FBF91B442BD0FB17FBFE5
:104180002FFB48BD0DAC7FBFAF414FBDE3A67FBF46
:104190000E8855BD91A17FBF4CCE5BBD189C7FBFE3
:1041A000681462BD78967FBF625A68BDB1907FBFC8
:1041B00038A06EBDC28A7FBFE9E574BDAB847FBF06
:1041C000742B7BBD6D7E7FBF6CB880BD08787FBFD0
:1041D0000ADB83BD7B717FBF94FD86BDC76A7FBF4D
:1041E0000A208ABDEC637FBF6A428DBDE95C7FBF58
:1041F000B46490BDBF557FBFE78693BD6D4E7FBF52
:1042000005A996BDF4467FBF0ACB99BD543F7FBF39
:10421000F9EC9CBD8D377FBFCF0EA0BD9D2F7FBF1A
:104220008C30A3BD87277FBF3052A6BD491F7FBFFB
:10423000BA73A9BDE4167FBF2B95ACBD580E7FBFE6
:1042400080B6AFBDA4057FBFBBD7B2BDC9FC7EBFE2
:10425000DAF8B5BDC7F37EBFDD19B9BD9DEA7EBFF3
:10426000C33ABCBD4CE17EBF8D5BBFBDD4D77EBF22
:10427000397CC2BD34CE7EBFC69CC5BD6DC47EBF79
:1042800036BDC8BD7FBA7EBF86DDCBBD69B07EBFFF
:10429000B7FDCEBD2DA67EBFC81DD2BDC99B7EBFBA
:1042A000B93DD5BD3D917EBF895DD8BD8B867EBFB2
:1042B000377DDBBDB17B7EBFC49CDEBDB0707EBFF1
:1042C0002EBCE1BD88657EBF76DBE4BD385A7EBF7B
:1042D0009AFAE7BDC14E7EBF9A19EBBD23437EBF5C
:1042E0007638EEBD5E377EBF2E57F1BD722B7EBF96
:1042F000C075F4BD5E1F7EBF2C94F7BD24137EBF36
:1043000073B2FABDC2067EBF92D0FDBD38FA7DBF42
:10431000457700BE88ED7DBF2E0602BEB1E07DBFB1
:10432000029503BEB2D37DBFC22305BE8CC67DBF3E
:104330006EB206BE40B97DBF054108BECCAB7DBFA5
:1043400086CF09BE309E7DBFF35D0BBE6E907DBFF4
:104350004AEC0CBE85827DBF8B7A0EBE74747DBF25
:10436000B70810BE3D667DBFCC9611BEDE577DBF3F
:10437000CA2413BE59497DBFB2B214BEAC3A7DBF48
:10438000834016BED82B7DBF3DCE17BEDD1C7DBF42
:10439000E05B19BEBC0D7DBF6BE91ABE73FE7CBF2E
:1043A000DE761CBE03EF7CBF38041EBE6CDF7CBF14
:1043B0007B911FBEAECF7CBFA51E21BEC9BF7CBFF7
:1043C000B6AB22BEBDAF7CBFAD3824BE8A9F7CBFDA
:1043D0008CC525BE318F7CBF515227BEB07E7CBFBD
:1043E000FCDE28BE086E7CBF8D6B2ABE3A5D7CBFAA
:1043F00004F82BBE444C7CBF61842DBE283B7CBF9F
:10440000A2102FBEE5297CBFC99C30BE7A187CBFA4
:10441000D42832BEE9067CBFC4B433BE31F57BBFBD
:10442000984035BE53E37BBF50CC36BE4DD17BBFE9
:10443000EC5738BE20BF7BBF6CE339BECDAC7BBF31
:10444000CF6E3BBE539A7BBF15FA3CBEB2877BBF93
:104450003E853EBEEA747BBF491040BEFC617BBF17
:10446000379B41BEE74E7BBF072643BEAB3B7BBFBE
:10447000B9B044BE48287BBF4D3B46BEBE147BBF8F
:10448000C2C547BE0E017BBF185049BE37ED7ABF8B
:104490004FDA4ABE3AD97ABF67644CBE16C57ABFB6
:1044A00060EE4DBECBB07ABF38784FBE599C7ABF14
:1044B000F10151BEC1877ABF898B52BE02737ABFA8
:1044C000011554BE1C5E7ABF589E55BE10497ABF76
:1044D0008F2757BEDD337ABFA4B058BE841E7ABF83
:1044E00097395ABE04097ABF6AC25BBE5EF379BFD0
:1044F0001A4B5DBE91DD79BFA8D35EBE9DC779BF63
:10450000135C60BE83B179BF5CE461BE439B79BF3D
:10451000836C63BEDC8479BF86F464BE4E6E79BF63
:10452000667C66BE9A5779BF220468BEC04079BFD8
:10453000BA8B69BEBF2979BF2F136BBE981279BFA2
:104540007F9A6CBE4AFB78BFAB216EBED6E378BFC4
:10455000B2A86FBE3BCC78BF942F71BE7BB478BF3E
:1045600051B672BE939C78BFE83C74BE868478BF17
:104570005AC375BE526C78BFA64977BEF85378BF50
:10458000CCCF78BE773B78BFCB557ABED12278BFEF
:10459000A4DB7BBE040A78BF56617DBE10F177BFF5
:1045A000E1E67EBEF7D777BF223680BEB7BE77BFC3
:1045B000C0F880BE51A577BF4ABB81BEC58B77BF0F
:1045C000C07D82BE137277BF224083BE3A5877BF48
:1045D000700284BE3C3E77BFAAC484BE172477BF56
:1045E000CE8685BECC0977BFDF4886BE5BEF76BF3F
:1045F000DA0A87BEC4D476BFC1CC87BE07BA76BFFD
:10460000938E88BE249F76BF505089BE1B8476BF90
:10461000F8118ABEEC6876BF8AD38ABE974D76BF02
:1046200007958BBE1B3276BF6E568CBE7A1676BF50
:10463000C0178DBEB3FA75BFFCD88DBEC6DE75BF80
:10464000229A8EBEB3C275BF325B8FBE7BA675BF8A
:104650002C1C90BE1C8A75BF10DD90BE976D75BF77
:10466000DD9D91BEED5075BF945E92BE1D3475BF49
:10467000351F93BE271775BFBFDF93BE0BFA74BFFC
:1046800031A094BEC9DC74BF8D6095BE62BF74BF9B
:10469000D22096BED5A174BF00E196BE228474BF1D
:1046A00017A197BE496674BF166198BE4B4874BF88
:1046B000FE2099BE272A74BFCEE099BEDD0B74BFE1
:1046C00086A09ABE6EED73BF27609BBED9CE73BF26
:1046D000AF1F9CBE1FB073BF20DF9CBE3F9173BF56
:1046E000789E9DBE397273BFB85D9EBE0E5373BF78
:1046F000DF1C9FBEBE3373BFEEDB9FBE471473BF8C
:10470000E59AA0BEACF472BFC259A1BEEBD472BF91
:104710008718A2BE04B572BF33D7A2BEF89472BF89
:10472000C595A3BEC77472BF3F54A4BE705472BF78
:104730009F12A5BEF43372BFE5D0A5BE521372BF5F
:10474000128FA6BE8CF271BF254DA7BE9FD171BF3F
:104750001F0BA8BE8EB071BFFEC8A8BE578F71BF19
:10476000C486A9BEFB6D71BF6F44AABE7A4C71BFEF
:104770000102ABBED42A71BF77BFABBE080971BFBF
:10478000D47CACBE17E770BF153AADBE02C570BF92
:104790003CF7ADBEC6A270BF49B4AEBE668070BF66
:1047A0003A71AFBEE15D70BF102EB0BE373B70BF37
:1047B000CBEAB0BE671870BF6BA7B1BE73F56FBF11
:1047C000EF63B2BE5AD26FBF5820B3BE1BAF6FBFEC
:1047D000A5DCB3BEB88B6FBFD698B4BE30686FBFD0
:1047E000EC54B5BE83446FBFE610B6BEB0206FBFB9
:1047F000C3CCB6BEBAFC6EBF8488B7BE9ED86EBFAF
:104800002A44B8BE5DB46EBFB2FFB8BEF88F6EBFAB
:104810001EBBB9BE6D6B6EBF6E76BABEBE466EBFB6
:10482000A031BBBEEB216EBFB6ECBBBEF2FC6DBFD0
:10483000AFA7BCBED5D76DBF8B62BDBE93B26DBFF7
:104840004A1DBEBE2D8D6DBFEBD7BEBEA1676DBF2D
:104850006F92BFBEF2416DBFD54CC0BE1D1C6DBF77
:104860001E07C1BE24F66CBF48C1C1BE07D06CBFD5
:10487000557BC2BEC5A96CBF4435C3BE5E836CBF49
:1048800015EFC3BED45C6CBFC8A8C4BE24366CBFD1
:104890005C62C5BE500F6CBFD21BC6BE58E86BBF72
:1048A00029D5C6BE3BC16BBF628EC7BEFB996BBF2D
:1048B0007C47C8BE95726BBF7700C9BE0C4B6BBFFF
:1048C00053B9C9BE5E236BBF1072CABE8CFB6ABFF0
:1048D000AE2ACBBE95D36ABF2CE3CBBE7BAB6ABFFF
:1048E0008B9BCCBE3C836ABFCA53CDBED95A6ABF2C
:1048F000EA0BCEBE52326ABFEAC3CEBEA7096ABF78
:10490000CA7BCFBED7E069BF8A33D0BEE4B769BFE8
:104910002AEBD0BECC8E69BFAAA2D1BE916569BF79
:10492000095AD2BE323C69BF4811D3BEAE1269BF2C
:1049300067C8D3BE07E968BF647FD4BE3CBF68BF09
:104940004136D5BE4C9568BFFDECD5BE396B68BF0E
:1049500099A3D6BE034168BF135AD7BEA81668BF35
:104960006B10D8BE2AEC67BFA3C6D8BE87C167BF8D
:10497000B97CD9BEC19667BFAD32DABED86B67BF0E
:1049800080E8DABECA4067BF319EDBBE991567BFBB
:10499000C153DCBE45EA66BF2E09DDBECCBE66BF94
:1049A00079BEDDBE309366BFA273DEBE716766BF9F
:1049B000A928DFBE8E3B66BF8DDDDFBE880F66BFD8
:1049C0004F92E0BE5EE365BFEE46E1BE10B765BF45
:1049D0006AFBE1BEA08A65BFC4AFE2BE0B5E65BFE5
:1049E000FA63E3BE543165BF0E18E4BE790465BFB7
:1049F000FECBE4BE7BD764BFCB7FE5BE59AA64BFC4
:104A00007533E6BE147D64BFFBE6E6BEAC4F64BF03
:104A10005D9AE7BE212264BF9C4DE8BE73F463BF7C
:104A2000B700E9BEA1C663BFAEB3E9BEAC9863BF31
:104A30008166EABE956A63BF3019EBBE5A3C63BF1C
:104A4000BBCBEBBEFC0D63BF217EECBE7BDF62BF48
:104A50006330EDBED7B062BF80E2EDBE108262BFB0
:104A60007994EEBE265362BF4C46EFBE1A2462BF55
:104A7000FBF7EFBEEAF461BF85A9F0BE98C561BF40
:104A8000EA5AF1BE229661BF290CF2BE8A6661BF66
:104A900043BDF2BED03661BF386EF3BEF20661BFD1
:104AA000071FF4BEF2D660BFB1CFF4BECFA660BF81
:104AB0003580F5BE897660BF9330F6BE214660BF73
:104AC000CBE0F6BE961560BFDC90F7BEE9E45FBFB1
:104AD000C840F8BE19B45FBF8EF0F8BE27835FBF31
:104AE0002DA0F9BE12525FBFA54FFABEDB205FBFFB
:104AF000F7FEFABE81EF5EBF22AEFBBE05BE5EBF13
:104B0000275DFCBE678C5EBF040CFDBEA65A5EBF6F
:104B1000BBBAFDBEC3285EBF4A69FEBEBEF65DBF1E
:104B2000B217FFBE97C45DBFF3C5FFBE4D925DBF18
:104B3000063A00BFE15F5DBFFF9000BF532D5DBF30
:104B4000E4E700BFA3FA5CBFB53E01BFD1C75CBFBD
:104B5000739501BFDD945CBF1CEC01BFC7615CBFF6
:104B6000B14202BF8E2E5CBF329902BF34FB5BBFE5
:104B70009FEF02BFB8C75BBFF84503BF1A945BBF86
:104B80003D9C03BF5A605BBF6DF203BF792C5BBFD6
:104B9000894804BF75F85ABF919E04BF50C45ABFDC
:104BA00084F404BF09905ABF624A05BFA05B5ABF94
:104BB0002CA005BF16275ABFE2F505BF6AF259BF00
:104BC000824B06BF9CBD59BF0EA106BFAD8859BF21
:104BD00086F606BF9C5359BFE84B07BF6A1E59BFF4
:104BE00036A107BF17E958BF6FF607BFA1B358BF7B
:104BF000924B08BF0B7E58BFA1A008BF534858BFB7
:104C00009BF508BF791258BF7F4A09BF7FDC57BFA9
:104C10004E9F09BF63A657BF09F409BF267057BF4F
:104C2000AD480ABFC73957BF3D9D0ABF480357BFAC
:104C3000B7F10ABFA7CC56BF1C460BBFE59556BFC0
:104C40006B9A0BBF025F56BFA5EE0BBFFE2756BF88
:104C5000C9420CBFD9F055BFD7960CBF93B955BF09
:104C6000D0EA0CBF2C8255BFB33E0DBFA44A55BF3E
:104C700081920DBFFB1255BF38E60DBF31DB54BF2B
:104C8000DA390EBF47A354BF658D0EBF3B6B54BFCF
:104C9000DBE00EBF0F3354BF3B340FBFC3FA53BF2B
:104CA00084870FBF55C253BFB8DA0FBFC78953BF40
:104CB000D52D10BF185153BFDC8010BF491853BF0A
:104CC000CDD310BF59DF52BFA72611BF49A652BF8F
:104CD0006B7911BF186D52BF19CC11BFC63352BFCB
:104CE000B01E12BF54FA51BF307112BFC2C051BFC3
:104CF0009AC312BF108751BFEE1513BF3D4D51BF70
:104D00002A6813BF4A1351BF50BA13BF37D950BFD7
:104D10005F0C14BF039F50BF585E14BFAF6450BFF9
:104D200039B014BF3B2A50BF040215BFA8EF4FBFD4
:104D3000B75315BFF4B44FBF54A515BF1F7A4FBF6B
:104D4000D9F615BF2B3F4FBF474816BF17044FBFBB
:104D50009F9916BFE4C84EBFDFEA16BF908D4EBFC5
:104D6000073C17BF1C524EBF188D17BF89164EBF88
:104D700012DE17BFD5DA4DBFF52E18BF029F4DBF0B
:104D8000C07F18BF10634DBF73D018BFFD264DBF45
:104D90000F2119BFCBEA4CBF947119BF79AE4CBF3C
:104DA00000C219BF08724CBF55121ABF78354CBFEC
:104DB00093621ABFC7F84BBFB8B21ABFF8BB4BBF5C
:104DC000C6021BBF097F4BBFBB521BBFFA414BBF83
:104DD00099A21BBFCC044BBF5FF21BBF7FC74ABF6A
:104DE0000C421CBF138A4ABFA2911CBF874C4ABF0A
:104DF0001FE11CBFDC0E4ABF84301DBF12D149BF6A
:104E0000D17F1DBF299349BF06CF1DBF215549BF83
:104E1000221E1EBFFA1649BF266D1EBFB3D848BF5B
:104E200012BC1EBF4E9A48BFE50A1FBFCA5B48BFEF
:104E30009F591FBF271D48BF41A81FBF65DE47BF41
:104E4000CBF61FBF849F47BF3B4520BF856047BF50
:104E5000939320BF672147BFD2E120BF2AE246BF1C
:104E6000F92F21BFCEA246BF067E21BF546346BFA5
:104E7000FBCB21BFBB2346BFD71922BF03E445BFED
:104E8000996722BF2DA445BF43B522BF396445BFF2
:104E9000D30223BF262445BF4B5023BFF5E344BFB5
:104EA000A99D23BFA5A344BFEEEA23BF376344BF38
:104EB0001A3824BFAB2244BF2C8524BF00E243BF75
:104EC00025D224BF38A143BF041F25BF516043BF73
:104ED000CB6B25BF4C1F43BF77B825BF29DE42BF30
:104EE0000A0526BFE89C42BF845126BF895B42BFAA
:104EF000E39D26BF0B1A42BF2AEA26BF70D841BFE6
:104F0000563627BFB79641BF688227BFE15441BFDD
:104F100061CE27BFEC1241BF401A28BFDAD040BF94
:104F2000056628BFA98E40BFB0B128BF5C4C40BF0A
:104F300041FD28BFF00940BFB84829BF67C73FBF40
:104F4000159429BFC0843FBF57DF29BFFC413FBF35
:104F5000802A2ABF1BFF3EBF8E752ABF1BBC3EBFE7
:104F600082C02ABFFF783EBF5B0B2BBFC5353EBF5B
:104F70001B562BBF6EF23DBFBFA02BBFF9AE3DBF8E
:104F80004AEB2BBF676B3DBFB9352CBFB8273DBF80
:104F90000F802CBFECE33CBF49CA2CBF03A03CBF31
:104FA00069142DBFFC5B3CBF6F5E2DBFD9173CBFA2
:104FB00059A82DBF98D33BBF29F22DBF3B8F3BBFD4
:104FC000DE3B2EBFC14A3BBF78852EBF29063BBFC3
:104FD000F7CE2EBF75C13ABF5B182FBFA47C3ABF76
:104FE000A5612FBFB7373ABFD3AA2FBFACF239BFE5
:104FF000E6F32FBF85AD39BFDE3C30BF426839BF15
:10500000BB8530BFE12239BF7CCE30BF65DD38BF04
:10501000221731BFCB9738BFAD5F31BF165238BFB3
:105020001DA831BF430C38BF71F031BF55C637BF23
:10503000AA3832BF4A8037BFC78032BF233A37BF52
:10504000C9C832BFDFF336BFAF1033BF7FAD36BF45
:105050007A5833BF046736BF29A033BF6C2036BFF0
:10506000BCE733BFB8D935BF342F34BFE79235BF63
:105070008F7634BFFB4B35BFCFBD34BFF30435BF94
:10508000F30435BFCFBD34BFFB4B35BF8F7634BF84
:10509000E79235BF342F34BFB8D935BFBCE733BF33
:1050A0006C2036BF29A033BF046736BF7A5833BFA0
:1050B0007FAD36BFAF1033BFDFF336BFC9C832BFD5
:1050C000233A37BFC78032BF4A8037BFAA3832BFC2
:1050D00055C637BF71F031BF430C38BF1DA831BF73
:1050E000165238BFAD5F31BFCB9738BF221731BFE3
:1050F00065DD38BF7CCE30BFE12239BFBB8530BF14
:10510000426839BFDE3C30BF85AD39BFE6F32FBF03
:10511000ACF239BFD3AA2FBFB7373ABFA5612FBFB3
:10512000A47C3ABF5B182FBF75C13ABFF7CE2EBF24
:1051300029063BBF78852EBFC14A3BBFDE3B2EBF51
:105140003B8F3BBF29F22DBF98D33BBF59A82DBF42
:10515000D9173CBF6F5E2DBFFC5B3CBF69142DBFF0
:1051600003A03CBF49CA2CBFECE33CBF0F802CBF5F
:10517000B8273DBFB9352CBF676B3DBF4AEB2BBF8E
:10518000F9AE3DBFBFA02BBF6EF23DBF1B562BBF7C
:10519000C5353EBF5B0B2BBFFF783EBF82C02ABF29
:1051A0001BBC3EBF8E752ABF1BFF3EBF802A2ABF95
:1051B000FC413FBF57DF29BFC0843FBF159429BFC3
:1051C00067C73FBFB84829BFF00940BF41FD28BFAE
:1051D0005C4C40BFB0B128BFA98E40BF056628BF58
:1051E000DAD040BF401A28BFEC1241BF61CE27BFC2
:1051F000E15441BF688227BFB79641BF563627BFEB
:1052000070D841BF2AEA26BF0B1A42BFE39D26BFD2
:10521000895B42BF845126BFE89C42BF0A0526BF76
:1052200029DE42BF77B825BF4C1F43BFCB6B25BFDC
:10523000516043BF041F25BF38A143BF25D224BFFF
:1052400000E243BF2C8524BFAB2244BF1A3824BFE1
:10525000376344BFEEEA23BFA5A344BFA99D23BF84
:10526000F5E344BF4B5023BF262445BFD30223BFE1
:10527000396445BF43B522BF2DA445BF996722BFFE
:1052800003E445BFD71922BFBB2346BFFBCB21BFD9
:10529000546346BF067E21BFCEA246BFF92F21BF71
:1052A0002AE246BFD2E120BF672147BF939320BFC8
:1052B000856047BF3B4520BF849F47BFCBF61FBFDC
:1052C00065DE47BF41A81FBF271D48BF9F591FBFAD
:1052D000CA5B48BFE50A1FBF4E9A48BF12BC1EBF3B
:1052E000B3D848BF266D1EBFFA1649BF221E1EBF87
:1052F000215549BF06CF1DBF299349BFD17F1DBF8F
:1053000012D149BF84301DBFDC0E4ABF1FE11CBF54
:10531000874C4ABFA2911CBF138A4ABF0C421CBFD4
:105320007FC74ABF5FF21BBFCC044BBF99A21BBF14
:10533000FA414BBFBB521BBF097F4BBFC6021BBF0D
:10534000F8BB4BBFB8B21ABFC7F84BBF93621ABFC6
:1053500078354CBF55121ABF08724CBF00C219BF36
:1053600079AE4CBF947119BFCBEA4CBF0F2119BF66
:10537000FD264DBF73D018BF10634DBFC07F18BF4F
:10538000029F4DBFF52E18BFD5DA4DBF12DE17BFF5
:1053900089164EBF188D17BF1C524EBF073C17BF52
:1053A000908D4EBFDFEA16BFE4C84EBF9F9916BF6F
:1053B00017044FBF474816BF2B3F4FBFD9F615BF45
:1053C0001F7A4FBF54A515BFF4B44FBFB75315BFD5
:1053D000A8EF4FBF040215BF3B2A50BF39B014BF1E
:1053E000AF6450BF585E14BF039F50BF5F0C14BF23
:1053F00037D950BF50BA13BF4A1351BF2A6813BFE1
:105400003D4D51BFEE1513BF108751BF9AC312BF58
:10541000C2C051BF307112BF54FA51BFB01E12BF8B
:10542000C63352BF19CC11BF186D52BF6B7911BF73
:1054300049A652BFA72611BF59DF52BFCDD310BF17
:10544000491853BFDC8010BF185153BFD52D10BF72
:10545000C78953BFB8DA0FBF55C253BF84870FBF88
:10546000C3FA53BF3B340FBF0F3354BFDBE00EBF53
:105470003B6B54BF658D0EBF47A354BFDA390EBFD7
:1054800031DB54BF38E60DBFFB1255BF81920DBF13
:10549000A44A55BFB33E0DBF2C8255BFD0EA0CBF06
:1054A00093B955BFD7960CBFD9F055BFC9420CBFB1
:1054B000FE2756BFA5EE0BBF025F56BF6B9A0BBF10
:1054C000E59556BF1C460BBFA7CC56BFB7F10ABF28
:1054D000480357BF3D9D0ABFC73957BFAD480ABFF4
:1054E000267057BF09F409BF63A657BF4E9F09BF77
:1054F0007FDC57BF7F4A09BF791258BF9BF508BFB1
:10550000534858BFA1A008BF0B7E58BF924B08BF9D
:10551000A1B358BF6FF607BF17E958BF36A107BF41
:105520006A1E59BFE84B07BF9C5359BF86F606BF9A
:10553000AD8859BF0EA106BF9CBD59BF824B06BFA7
:105540006AF259BFE2F505BF16275ABF2CA005BF66
:10555000A05B5ABF624A05BF09905ABF84F404BFDA
:1055600050C45ABF919E04BF75F85ABF894804BF02
:10557000792C5BBF6DF203BF5A605BBF3D9C03BFDC
:105580001A945BBFF84503BFB8C75BBF9FEF02BF6C
:1055900034FB5BBF329902BF8E2E5CBFB14202BFAB
:1055A000C7615CBF1CEC01BFDD945CBF739501BF9C
:1055B000D1C75CBFB53E01BFA3FA5CBFE4E700BF43
:1055C000532D5DBFFF9000BFE15F5DBF063A00BF96
:1055D0004D925DBFF3C5FFBE97C45DBFB217FFBE5E
:1055E000BEF65DBF4A69FEBEC3285EBFBBBAFDBE44
:1055F000A65A5EBF040CFDBE678C5EBF275DFCBE75
:1056000005BE5EBF22AEFBBE81EF5EBFF7FEFABEF7
:10561000DB205FBFA54FFABE12525FBF2DA0F9BEBF
:1056200027835FBF8EF0F8BE19B45FBFC840F8BED5
:10563000E9E45FBFDC90F7BE961560BFCBE0F6BE35
:10564000214660BF9330F6BE897660BF3580F5BED7
:10565000CFA660BFB1CFF4BEF2D660BF071FF4BEC5
:10566000F20661BF386EF3BED03661BF43BDF2BEF5
:105670008A6661BF290CF2BE229661BFEA5AF1BE6A
:1056800098C561BF85A9F0BEEAF461BFFBF7EFBE24
:105690001A2462BF4C46EFBE265362BF7994EEBE19
:1056A000108262BF80E2EDBED7B062BF6330EDBE54
:1056B0007BDF62BF217EECBEFC0D63BFBBCBEBBECC
:1056C0005A3C63BF3019EBBE956A63BF8166EABE80
:1056D000AC9863BFAEB3E9BEA1C663BFB700E9BE75
:1056E00073F463BF9C4DE8BE212264BF5D9AE7BEA0
:1056F000AC4F64BFFBE6E6BE147D64BF7533E6BE07
:1057000059AA64BFCB7FE5BE7BD764BFFECBE4BEA6
:10571000790465BF0E18E4BE543165BFFA63E3BE79
:105720000B5E65BFC4AFE2BEA08A65BF6AFBE1BE87
:1057300010B765BFEE46E1BE5EE365BF4F92E0BEC7
:10574000880F66BF8DDDDFBE8E3B66BFA928DFBE3A
:10575000716766BFA273DEBE309366BF79BEDDBEE1
:10576000CCBE66BF2E09DDBE45EA66BFC153DCBEB6
:10577000991567BF319EDBBECA4067BF80E8DABEBD
:10578000D86B67BFAD32DABEC19667BFB97CD9BEF0
:1057900087C167BFA3C6D8BE2AEC67BF6B10D8BE4F
:1057A000A81668BF135AD7BE034168BF99A3D6BED7
:1057B000396B68BFFDECD5BE4C9568BF4136D5BE90
:1057C0003CBF68BF647FD4BE07E968BF67C8D3BE6B
:1057D000AE1269BF4811D3BE323C69BF095AD2BE6E
:1057E000916569BFAAA2D1BECC8E69BF2AEBD0BE9B
:1057F000E4B769BF8A33D0BED7E069BFCA7BCFBEEA
:10580000A7096ABFEAC3CEBE52326ABFEA0BCEBE58
:10581000D95A6ABFCA53CDBE3C836ABF8B9BCCBEEC
:105820007BAB6ABF2CE3CBBE95D36ABFAE2ACBBE9F
:105830008CFB6ABF1072CABE5E236BBF53B9C9BE70
:105840000C4B6BBF7700C9BE95726BBF7C47C8BE5F
:10585000FB996BBF628EC7BE3BC16BBF29D5C6BE6D
:1058600058E86BBFD21BC6BE500F6CBF5C62C5BE92
:1058700024366CBFC8A8C4BED45C6CBF15EFC3BED1
:105880005E836CBF4435C3BEC5A96CBF557BC2BE29
:1058900007D06CBF48C1C1BE24F66CBF1E07C1BE95
:1058A0001D1C6DBFD54CC0BEF2416DBF6F92BFBE17
:1058B000A1676DBFEBD7BEBE2D8D6DBF4A1DBEBEAD
:1058C00093B26DBF8B62BDBED5D76DBFAFA7BCBE57
:1058D000F2FC6DBFB6ECBBBEEB216EBFA031BBBE10
:1058E000BE466EBF6E76BABE6D6B6EBF1EBBB9BED6
:1058F000F88F6EBFB2FFB8BE5DB46EBF2A44B8BEAB
:105900009ED86EBF8488B7BEBAFC6EBFC3CCB6BE8D
:10591000B0206FBFE610B6BE83446FBFEC54B5BE77
:1059200030686FBFD698B4BEB88B6FBFA5DCB3BE6E
:105930001BAF6FBF5820B3BE5AD26FBFEF63B2BE6A
:1059400073F56FBF6BA7B1BE671870BFCBEAB0BE6F
:10595000373B70BF102EB0BEE15D70BF3A71AFBE75
:10596000668070BF49B4AEBEC6A270BF3CF7ADBE84
:1059700002C570BF153AADBE17E770BFD47CACBE90
:10598000080971BF77BFABBED42A71BF0102ABBE9D
:105990007A4C71BF6F44AABEFB6D71BFC486A9BEAD
:1059A000578F71BFFEC8A8BE8EB071BF1F0BA8BEB7
:1059B0009FD171BF254DA7BE8CF271BF128FA6BEBD
:1059C000521372BFE5D0A5BEF43372BF9F12A5BEBD
:1059D000705472BF3F54A4BEC77472BFC595A3BEB6
:1059E000F89472BF33D7A2BE04B572BF8718A2BEA7
:1059F000EBD472BFC259A1BEACF472BFE59AA0BE8F
:105A0000471473BFEEDB9FBEBE3373BFDF1C9FBE68
:105A10000E5373BFB85D9EBE397273BF789E9DBE34
:105A20003F9173BF20DF9CBE1FB073BFAF1F9CBEF2
:105A3000D9CE73BF27609BBE6EED73BF86A09ABEA2
:105A4000DD0B74BFCEE099BE272A74BFFE2099BE3D
:105A50004B4874BF166198BE496674BF17A197BEC4
:105A6000228474BF00E196BED5A174BFD22096BE39
:105A700062BF74BF8D6095BEC9DC74BF31A094BE97
:105A80000BFA74BFBFDF93BE271775BF351F93BED8
:105A90001D3475BF945E92BEED5075BFDD9D91BE05
:105AA000976D75BF10DD90BE1C8A75BF2C1C90BE13
:105AB0007BA675BF325B8FBEB3C275BF229A8EBE06
:105AC000C6DE75BFFCD88DBEB3FA75BFC0178DBEDC
:105AD0007A1676BF6E568CBE1B3276BF07958BBE8C
:105AE000974D76BF8AD38ABEEC6876BFF8118ABE1E
:105AF0001B8476BF505089BE249F76BF938E88BE8C
:105B000007BA76BFC1CC87BEC4D476BFDA0A87BED7
:105B10005BEF76BFDF4886BECC0977BFCE8685BEF9
:105B2000172477BFAAC484BE3C3E77BF700284BEF0
:105B30003A5877BF224083BE137277BFC07D82BEC2
:105B4000C58B77BF4ABB81BE51A577BFC0F880BE69
:105B5000B7BE77BF223680BEF7D777BFE1E67EBEFD
:105B600010F177BF56617DBE040A78BFA4DB7BBE0F
:105B7000D12278BFCB557ABE773B78BFCCCF78BEE9
:105B8000F85378BFA64977BE526C78BF5AC375BE2A
:105B9000868478BFE83C74BE939C78BF51B672BED1
:105BA0007BB478BF942F71BE3BCC78BFB2A86FBED8
:105BB000D6E378BFAB216EBE4AFB78BF7F9A6CBE3E
:105BC000981279BF2F136BBEBF2979BFBA8B69BEFC
:105BD000C04079BF220468BE9A5779BF667C66BE12
:105BE0004E6E79BF86F464BEDC8479BF836C63BE7D
:105BF000439B79BF5CE461BE83B179BF135C60BE37
:105C00009DC779BFA8D35EBE91DD79BF1A4B5DBE3B
:105C10005EF379BF6AC25BBE04097ABF97395ABE88
:105C2000841E7ABFA4B058BEDD337ABF8F2757BE1B
:105C300010497ABF589E55BE1C5E7ABF011554BEEE
:105C400002737ABF898B52BEC1877ABFF10151BE00
:105C5000599C7ABF38784FBECBB07ABF60EE4DBE4C
:105C600016C57ABF67644CBE3AD97ABF4FDA4ABECE
:105C700037ED7ABF185049BE0E017BBFC2C547BE83
:105C8000BE147BBF4D3B46BE48287BBFB9B044BE67
:105C9000AB3B7BBF072643BEE74E7BBF379B41BE76
:105CA000FC617BBF491040BEEA747BBF3E853EBEAF
:105CB000B2877BBF15FA3CBE539A7BBFCF6E3BBE0B
:105CC000CDAC7BBF6CE339BE20BF7BBFEC5738BE89
:105CD0004DD17BBF50CC36BE53E37BBF984035BE21
:105CE00031F57BBFC4B433BEE9067CBFD42832BED5
:105CF0007A187CBFC99C30BEE5297CBFA2102FBE9C
:105D0000283B7CBF61842DBE444C7CBF04F82BBE75
:105D10003A5D7CBF8D6B2ABE086E7CBFFCDE28BE60
:105D2000B07E7CBF515227BE318F7CBF8CC525BE53
:105D30008A9F7CBFAD3824BEBDAF7CBFB6AB22BE50
:105D4000C9BF7CBFA51E21BEAECF7CBF7B911FBE4D
:105D50006CDF7CBF38041EBE03EF7CBFDE761CBE4A
:105D600073FE7CBF6BE91ABEBC0D7DBFE05B19BE44
:105D7000DD1C7DBF3DCE17BED82B7DBF834016BE38
:105D8000AC3A7DBFB2B214BE59497DBFCA2413BE1E
:105D9000DE577DBFCC9611BE3D667DBFB70810BEF5
:105DA00074747DBF8B7A0EBE85827DBF4AEC0CBEBB
:105DB0006E907DBFF35D0BBE309E7DBF86CF09BE6A
:105DC000CCAB7DBF054108BE40B97DBF6EB206BEFB
:105DD0008CC67DBFC22305BEB2D37DBF029503BE74
:105DE000B1E07DBF2E0602BE88ED7DBF457700BEC7
:105DF00038FA7DBF92D0FDBDC2067EBF73B2FABD38
:105E000024137EBF2C94F7BD5E1F7EBFC075F4BD0A
:105E1000722B7EBF2E57F1BD5E377EBF7638EEBD4A
:105E200023437EBF9A19EBBDC14E7EBF9AFAE7BDF0
:105E3000385A7EBF76DBE4BD88657EBF2EBCE1BDEF
:105E4000B0707EBFC49CDEBDB17B7EBF377DDBBD45
:105E50008B867EBF895DD8BD3D917EBFB93DD5BDE6
:105E6000C99B7EBFC81DD2BD2DA67EBFB7FDCEBDCE
:105E700069B07EBF86DDCBBD7FBA7EBF36BDC8BDF3
:105E80006DC47EBFC69CC5BD34CE7EBF397CC2BD4D
:105E9000D4D77EBF8D5BBFBD4CE17EBFC33ABCBDD6
:105EA0009DEA7EBFDD19B9BDC7F37EBFDAF8B5BD87
:105EB000C9FC7EBFBBD7B2BDA4057FBF80B6AFBD56
:105EC000580E7FBF2B95ACBDE4167FBFBA73A9BD3A
:105ED000491F7FBF3052A6BD87277FBF8C30A3BD2F
:105EE0009D2F7FBFCF0EA0BD8D377FBFF9EC9CBD2E
:105EF000543F7FBF0ACB99BDF4467FBF05A996BD2D
:105F00006D4E7FBFE78693BDBF557FBFB46490BD24
:105F1000E95C7FBF6A428DBDEC637FBF0A208ABD0A
:105F2000C76A7FBF94FD86BD7B717FBF0ADB83BDDF
:105F300008787FBF6CB880BD6D7E7FBF742B7BBD42
:105F4000AB847FBFE9E574BDC28A7FBF38A06EBD58
:105F5000B1907FBF625A68BD78967FBF681462BDFA
:105F6000189C7FBF4CCE5BBD91A17FBF0E8855BDF5
:105F7000E3A67FBFAF414FBD0DAC7FBF2FFB48BD38
:105F80000FB17FBF91B442BDEAB57FBFD56D3CBDB7
:105F90009EBA7FBFFC2636BD2ABF7FBF07E02FBD5C
:105FA0008FC37FBFF69829BDCCC77FBFCC5123BD1F
:105FB000E2CB7FBF880A1DBDD1CF7FBF2CC316BDEA
:105FC00098D37FBFB87B10BD37D77FBF2F340ABDB2
:105FD000AFDA7FBF90EC03BD00DE7FBFB949FBBCE9
:105FE00029E17FBF2DBAEEBC2BE47FBF7B2AE2BC48
:105FF00005E77FBFA69AD5BCB8E97FBFB00AC9BC88
:1060000043EC7FBF9B7ABCBCA7EE7FBF69EAAFBC05
:10601000E3F07FBF1C5AA3BCF8F27FBFB6C996BCA1
:10602000E6F47FBF38398ABCACF67FBF4B517BBCEE
:106030004AF87FBF003062BCC1F97FBF900E49BCF7
:1060400011FB7FBF02ED2FBC39FC7FBF59CB16BCC3
:1060500039FD7FBF3053FBBB13FE7FBF890FC9BB28
:10606000C4FE7FBFC1CB96BB4EFF7FBFC70F49BBEE
:10607000B1FF7FBFD40FC9BAECFF7FBF0000008023
:10608000000080BFD40FC93AECFF7FBFC70F493B68
:10609000B1FF7FBFC1CB963B4EFF7FBF890FC93B8E
:1060A000C4FE7FBF3053FB3B13FE7FBF59CB163C72
:1060B00039FD7FBF02ED2F3C39FC7FBF900E493C7C
:1060C00011FB7FBF0030623CC1F97FBF4B517B3C6D
:1060D0004AF87FBF38398A3CACF67FBFB6C9963CD8
:1060E000E6F47FBF1C5AA33CF8F27FBF69EAAF3CDD
:1060F000E3F07FBF9B7ABC3CA7EE7FBFB00AC93CF0
:1061000043EC7FBFA69AD53CB8E97FBF7B2AE23C2F
:1061100005E77FBF2DBAEE3C2BE47FBFB949FB3CBE
:1061200029E17FBF90EC033D00DE7FBF2F340A3DA5
:10613000AFDA7FBFB87B103D37D77FBF2CC3163D8A
:1061400098D37FBF880A1D3DD1CF7FBFCC51233D5F
:10615000E2CB7FBFF698293DCCC77FBF07E02F3D3C
:106160008FC37FBFFC26363D2ABF7FBFD56D3C3D28
:106170009EBA7FBF91B4423DEAB57FBF2FFB483D39
:106180000FB17FBFAF414F3D0DAC7FBF0E88553D76
:10619000E3A67FBF4CCE5B3D91A17FBF6814623DFB
:1061A000189C7FBF625A683D78967FBF38A06E3DCD
:1061B000B1907FBFE9E5743DC28A7FBF742B7B3D00
:1061C000AB847FBF6CB8803D6D7E7FBF0ADB833DB3
:1061D00008787FBF94FD863D7B717FBF0A208A3D92
:1061E000C76A7FBF6A428D3DEC637FBFB464903D58
:1061F000E95C7FBFE786933DBF557FBF05A9963D0C
:106200006D4E7FBF0ACB993DF4467FBFF9EC9C3DB4
:10621000543F7FBFCF0EA03D8D377FBF8C30A33D55
:106220009D2F7FBF3052A63D87277FBFBA73A93D00
:10623000491F7FBF2B95AC3DE4167FBF80B6AF3DB5
:10624000580E7FBFBBD7B23DA4057FBFDAF8B53D7E
:10625000C9FC7EBFDD19B93DC7F37EBFC33ABC3D63
:106260009DEA7EBF8D5BBF3D4CE17EBF397CC23D68
:10627000D4D77EBFC69CC53D34CE7EBF36BDC83D9B
:106280006DC47EBF86DDCB3D7FBA7EBFB7FDCE3D00
:1062900069B07EBFC81DD23D2DA67EBFB93DD53D9C
:1062A000C99B7EBF895DD83D3D917EBF377DDB3D7B
:1062B0008B867EBFC49CDE3DB17B7EBF2EBCE13DA4
:1062C000B0707EBF76DBE43D88657EBF9AFAE73D1D
:1062D000385A7EBF9A19EB3DC14E7EBF7638EE3DEF
:1062E00023437EBF2E57F13D5E377EBFC075F43D20
:1062F000722B7EBF2C94F73D5E1F7EBF73B2FA3DBA
:1063000024137EBF92D0FD3DC2067EBF4577003E7E
:1063100038FA7DBF2E06023E88ED7DBF0295033E12
:10632000B1E07DBFC223053EB2D37DBF6EB2063E53
:106330008CC67DBF0541083E40B97DBF86CF093E72
:10634000CCAB7DBFF35D0B3E309E7DBF4AEC0C3E77
:106350006E907DBF8B7A0E3E85827DBFB708103E62
:1063600074747DBFCC96113E3D667DBFCA24133E3A
:10637000DE577DBFB2B2143E59497DBF8340163E01
:10638000AC3A7DBF3DCE173ED82B7DBFE05B193EBA
:10639000DD1C7DBF6BE91A3EBC0D7DBFDE761C3E69
:1063A00073FE7CBF38041E3E03EF7CBF7B911F3E13
:1063B0006CDF7CBFA51E213EAECF7CBFB6AB223EBC
:1063C000C9BF7CBFAD38243EBDAF7CBF8CC5253E68
:1063D0008A9F7CBF5152273E318F7CBFFCDE283E16
:1063E000B07E7CBF8D6B2A3E086E7CBF04F82B3ECE
:1063F0003A5D7CBF61842D3E444C7CBFA2102F3E91
:10640000283B7CBFC99C303EE5297CBFD428323E66
:106410007A187CBFC4B4333EE9067CBF9840353E51
:1064200031F57BBF50CC363E53E37BBFEC57383E53
:106430004DD17BBF6CE3393E20BF7BBFCF6E3B3E6F
:10644000CDAC7BBF15FA3C3E539A7BBF3E853E3EAA
:10645000B2877BBF4910403EEA747BBF379B413E09
:10646000FC617BBF0726433EE74E7BBFB9B0443E8D
:10647000AB3B7BBF4D3B463E48287BBFC2C5473E3A
:10648000BE147BBF1850493E0E017BBF4FDA4A3E17
:1064900037ED7ABF67644C3E3AD97ABF60EE4D3E25
:1064A00016C57ABF38784F3ECBB07ABFF101513E66
:1064B000599C7ABF898B523EC1877ABF0115543EE1
:1064C00002737ABF589E553E1C5E7ABF8F27573E97
:1064D00010497ABFA4B0583EDD337ABF97395A3E8F
:1064E000841E7ABF6AC25B3E04097ABF1A4B5D3EC6
:1064F0005EF379BFA8D35E3E91DD79BF135C603E49
:106500009DC779BF5CE4613E83B179BF836C633E14
:10651000439B79BF86F4643EDC8479BF667C663E2B
:106520004E6E79BF2204683E9A5779BFBA8B693E96
:10653000C04079BF2F136B3EBF2979BF7F9A6C3E55
:10654000981279BFAB216E3E4AFB78BFB2A86F3E6E
:10655000D6E378BF942F713E3BCC78BF51B6723EE4
:106560007BB478BFE83C743E939C78BF5AC3753EB9
:10657000868478BFA649773E526C78BFCCCF783EF0
:10658000F85378BFCB557A3E773B78BFA4DB7B3E90
:10659000D12278BF56617D3E040A78BFE1E67E3E97
:1065A00010F177BF2236803EF7D777BFC0F8803E24
:1065B000B7BE77BF4ABB813E51A577BFC07D823E43
:1065C000C58B77BF2240833E137277BF7002843E33
:1065D0003A5877BFAAC4843E3C3E77BFCE86853EFC
:1065E000172477BFDF48863ECC0977BFDA0A873E9B
:1065F0005BEF76BFC1CC873EC4D476BF938E883E16
:1066000007BA76BF5050893E249F76BFF8118A3E64
:106610001B8476BF8AD38A3EEC6876BF07958B3E93
:10662000974D76BF6E568C3E1B3276BFC0178D3E9F
:106630007A1676BFFCD88D3EB3FA75BF229A8E3E8D
:10664000C6DE75BF325B8F3EB3C275BF2C1C903E59
:106650007BA675BF10DD903E1C8A75BFDD9D913E07
:10666000976D75BF945E923EED5075BF351F933E9A
:106670001D3475BFBFDF933E271775BF31A0943E11
:106680000BFA74BF8D60953EC9DC74BFD220963E74
:1066900062BF74BF00E1963ED5A174BF17A1973EBB
:1066A000228474BF1661983E496674BFFE20993EED
:1066B0004B4874BFCEE0993E272A74BF86A09A3E0D
:1066C000DD0B74BF27609B3E6EED73BFAF1F9C3E1A
:1066D000D9CE73BF20DF9C3E1FB073BF789E9D3E16
:1066E0003F9173BFB85D9E3E397273BFDF1C9F3E02
:1066F0000E5373BFEEDB9F3EBE3373BFE59AA03EE1
:10670000471473BFC259A13EACF472BF8718A23EB2
:10671000EBD472BF33D7A23E04B572BFC595A33E7A
:10672000F89472BF3F54A43EC77472BF9F12A53E37
:10673000705472BFE5D0A53EF43372BF128FA63EEF
:10674000521372BF254DA73E8CF271BF1F0BA83E9E
:106750009FD171BFFEC8A83E8EB071BFC486A93E4E
:10676000578F71BF6F44AA3EFB6D71BF0102AB3EF4
:106770007A4C71BF77BFAB3ED42A71BFD47CAC3E9C
:10678000080971BF153AAD3E17E770BF3CF7AD3E43
:1067900002C570BF49B4AE3EC6A270BF3A71AF3EEB
:1067A000668070BF102EB03EE15D70BFCBEAB03E98
:1067B000373B70BF6BA7B13E671870BFEF63B23E47
:1067C00073F56FBF5820B33E5AD26FBFA5DCB33EFE
:1067D0001BAF6FBFD698B43EB88B6FBFEC54B53EBD
:1067E00030686FBFE610B63E83446FBFC3CCB63E81
:1067F000B0206FBF8488B73EBAFC6EBF2A44B83E53
:106800009ED86EBFB2FFB83E5DB46EBF1EBBB93E30
:10681000F88F6EBF6E76BA3E6D6B6EBFA031BB3E19
:10682000BE466EBFB6ECBB3EEB216EBFAFA7BC3E13
:10683000F2FC6DBF8B62BD3ED5D76DBF4A1DBE3E1B
:1068400093B26DBFEBD7BE3E2D8D6DBF6F92BF3E35
:10685000A1676DBFD54CC03EF2416DBF1E07C13E62
:106860001D1C6DBF48C1C13E24F66CBF557BC23EA6
:1068700007D06CBF4435C33EC5A96CBF15EFC33EFE
:106880005E836CBFC8A8C43ED45C6CBF5C62C53E6E
:1068900024366CBFD21BC63E500F6CBF29D5C63EF6
:1068A00058E86BBF628EC73E3BC16BBF7C47C83E9A
:1068B000FB996BBF7700C93E95726BBF53B9C93E58
:1068C0000C4B6BBF1072CA3E5E236BBFAE2ACB3E31
:1068D0008CFB6ABF2CE3CB3E95D36ABF8B9BCC3E2F
:1068E0007BAB6ABFCA53CD3E3C836ABFEA0BCE3E48
:1068F000D95A6ABFEAC3CE3E52326ABFCA7BCF3E84
:10690000A7096ABF8A33D03ED7E069BF2AEBD03EE1
:10691000E4B769BFAAA2D13ECC8E69BF095AD23E64
:10692000916569BF4811D33E323C69BF67C8D33E09
:10693000AE1269BF647FD43E07E968BF4136D53ED9
:106940003CBF68BFFDECD53E4C9568BF99A3D63ED1
:10695000396B68BF135AD73E034168BF6B10D83EEE
:10696000A81668BFA3C6D83E2AEC67BFB97CD93E3B
:1069700087C167BFAD32DA3EC19667BF80E8DA3EB5
:10698000D86B67BF319EDB3ECA4067BFC153DC3E58
:10699000991567BF2E09DD3E45EA66BF79BEDD3E2B
:1069A000CCBE66BFA273DE3E309366BFA928DF3E31
:1069B000716766BF8DDDDF3E8E3B66BF4F92E03E66
:1069C000880F66BFEE46E13E5EE365BF6AFBE13ECF
:1069D00010B765BFC4AFE23EA08A65BFFA63E33E6D
:1069E0000B5E65BF0E18E43E543165BFFECBE43E3E
:1069F000790465BFCB7FE53E7BD764BF7533E63E48
:106A000059AA64BFFBE6E63E147D64BF5D9AE73E8B
:106A1000AC4F64BF9C4DE83E212264BFB700E93E05
:106A200073F463BFAEB3E93EA1C663BF8166EA3EBD
:106A3000AC9863BF3019EB3E956A63BFBBCBEB3EAE
:106A40005A3C63BF217EEC3EFC0D63BF6330ED3EDC
:106A50007BDF62BF80E2ED3ED7B062BF7994EE3E4D
:106A6000108262BF4C46EF3E265362BFFBF7EF3EFB
:106A70001A2462BF85A9F03EEAF461BFEA5AF13EEA
:106A800098C561BF290CF23E229661BF43BDF23E1C
:106A90008A6661BF386EF33ED03661BF071FF43E91
:106AA000F20661BFB1CFF43EF2D660BF3580F53E4D
:106AB000CFA660BF9330F63E897660BFCBE0F63E4E
:106AC000214660BFDC90F73E961560BFC840F83E97
:106AD000E9E45FBF8EF0F83E19B45FBF2DA0F93E28
:106AE00027835FBFA54FFA3E12525FBFF7FEFA3E03
:106AF000DB205FBF22AEFB3E81EF5EBF275DFC3E29
:106B000005BE5EBF040CFD3E678C5EBFBBBAFD3E9A
:106B1000A65A5EBF4A69FE3EC3285EBFB217FF3E5B
:106B2000BEF65DBFF3C5FF3E97C45DBF063A003FAA
:106B30004D925DBFFF90003FE15F5DBFE4E7003F26
:106B4000532D5DBFB53E013FA3FA5CBF7395013F76
:106B5000D1C75CBF1CEC013FDD945CBFB142023F7A
:106B6000C7615CBF3299023F8E2E5CBF9FEF023F30
:106B700034FB5BBFF845033FB8C75BBF3D9C033F99
:106B80001A945BBF6DF2033F5A605BBF8948043FB4
:106B9000792C5BBF919E043F75F85ABF84F4043F83
:106BA00050C45ABF624A053F09905ABF2CA0053F06
:106BB000A05B5ABFE2F5053F16275ABF824B063F3E
:106BC0006AF259BF0EA1063F9CBD59BF86F6063F2B
:106BD000AD8859BFE84B073F9C5359BF36A1073FCB
:106BE0006A1E59BF6FF6073F17E958BF924B083F1F
:106BF000A1B358BFA1A0083F0B7E58BF9BF5083F2B
:106C0000534858BF7F4A093F791258BF4E9F093FEA
:106C10007FDC57BF09F4093F63A657BFAD480A3F61
:106C2000267057BF3D9D0A3FC73957BFB7F10A3F8E
:106C3000480357BF1C460B3FA7CC56BF6B9A0B3F70
:106C4000E59556BFA5EE0B3F025F56BFC9420C3F0C
:106C5000FE2756BFD7960C3FD9F055BFD0EA0C3F60
:106C600093B955BFB33E0D3F2C8255BF81920D3F66
:106C7000A44A55BF38E60D3FFB1255BFDA390E3F27
:106C800031DB54BF658D0E3F47A354BFDBE00E3FA1
:106C90003B6B54BF3B340F3F0F3354BF84870F3FD0
:106CA000C3FA53BFB8DA0F3F55C253BFD52D103FBB
:106CB000C78953BFDC80103F185153BFCDD3103F5D
:106CC000491853BFA726113F59DF52BF6B79113FB7
:106CD00049A652BF19CC113F186D52BFB01E123FCA
:106CE000C63352BF3071123F54FA51BF9AC3123F9C
:106CF000C2C051BFEE15133F108751BF2A68133F22
:106D00003D4D51BF50BA133F4A1351BF5F0C143F62
:106D100037D950BF585E143F039F50BF39B0143F5E
:106D2000AF6450BF0402153F3B2A50BFB753153F15
:106D3000A8EF4FBF54A5153FF4B44FBFD9F6153F88
:106D40001F7A4FBF4748163F2B3F4FBF9F99163FB3
:106D500017044FBFDFEA163FE4C84EBF073C173F9A
:106D6000908D4EBF188D173F1C524EBF12DE173F3D
:106D700089164EBFF52E183FD5DA4DBFC07F183F9C
:106D8000029F4DBF73D0183F10634DBF0F21193FB5
:106D9000FD264DBF9471193FCBEA4CBF00C2193F8D
:106DA00079AE4CBF55121A3F08724CBF93621A3F1E
:106DB00078354CBFB8B21A3FC7F84BBFC6021B3F6D
:106DC000F8BB4BBFBB521B3F097F4BBF99A21B3F78
:106DD000FA414BBF5FF21B3FCC044BBF0C421C3F40
:106DE0007FC74ABFA2911C3F138A4ABF1FE11C3FC5
:106DF000874C4ABF84301D3FDC0E4ABFD17F1D3F08
:106E000012D149BF06CF1D3F299349BF221E1E3F05
:106E1000215549BF266D1E3FFA1649BF12BC1E3FC1
:106E2000B3D848BFE50A1F3F4E9A48BF9F591F3F3E
:106E3000CA5B48BF41A81F3F271D48BFCBF61F3F75
:106E400065DE47BF3B45203F849F47BF9393203F6C
:106E5000856047BFD2E1203F672147BFF92F213F1F
:106E60002AE246BF067E213FCEA246BFFBCB213F92
:106E7000546346BFD719223FBB2346BF9967223FC1
:106E800003E445BF43B5223F2DA445BFD302233FB2
:106E9000396445BF4B50233F262445BFA99D233F5E
:106EA000F5E344BFEEEA233FA5A344BF1A38243FCD
:106EB000376344BF2C85243FAB2244BF25D2243FF7
:106EC00000E243BF041F253F38A143BFCB6B253FE2
:106ED000516043BF77B8253F4C1F43BF0A05263F8B
:106EE00029DE42BF8451263FE89C42BFE39D263FF6
:106EF000895B42BF2AEA263F0B1A42BF5636273F1C
:106F000070D841BF6882273FB79641BF61CE273F07
:106F1000E15441BF401A283FEC1241BF0566283FAB
:106F2000DAD040BFB0B1283FA98E40BF41FD283F15
:106F30005C4C40BFB848293FF00940BF1594293F39
:106F400067C73FBF57DF293FC0843FBF802A2A3F22
:106F5000FC413FBF8E752A3F1BFF3EBF82C02A3FC8
:106F60001BBC3EBF5B0B2B3FFF783EBF1B562B3F2E
:106F7000C5353EBFBFA02B3F6EF23DBF4AEB2B3F56
:106F8000F9AE3DBFB9352C3F676B3DBF0F802C3F3D
:106F9000B8273DBF49CA2C3FECE33CBF69142D3FE5
:106FA00003A03CBF6F5E2D3FFC5B3CBF59A82D3F4B
:106FB000D9173CBF29F22D3F98D33BBFDE3B2E3F74
:106FC0003B8F3BBF78852E3FC14A3BBFF7CE2E3F5C
:106FD00029063BBF5B182F3F75C13ABFA5612F3F04
:106FE000A47C3ABFD3AA2F3FB7373ABFE6F32F3F6F
:106FF000ACF239BFDE3C303F85AD39BFBB85303F99
:10700000426839BF7CCE303FE12239BF2217313F81
:1070100065DD38BFAD5F313FCB9738BF1DA8313F2D
:10702000165238BF71F0313F430C38BFAA38323F97
:1070300055C637BFC780323F4A8037BFC9C8323FC5
:10704000233A37BFAF10333FDFF336BF7A58333FB1
:107050007FAD36BF29A0333F046736BFBCE7333F5F
:107060006C2036BF342F343FB8D935BF8F76343FCC
:10707000E79235BFCFBD343FFB4B35BFF304353FFF
:10708000F30435BFFB4B353FCFBD34BFE792353FEF
:107090008F7634BFB8D9353F342F34BF6C20363F9C
:1070A000BCE733BF0467363F29A033BF7FAD363F0F
:1070B0007A5833BFDFF3363FAF1033BF233A373F41
:1070C000C9C832BF4A80373FC78032BF55C6373F35
:1070D000AA3832BF430C383F71F031BF1652383FE7
:1070E0001DA831BFCB97383FAD5F31BF65DD383F5D
:1070F000221731BFE122393F7CCE30BF4268393F91
:10710000BB8530BF85AD393FDE3C30BFACF2393F87
:10711000E6F32FBFB7373A3FD3AA2FBFA47C3A3F3D
:10712000A5612FBF75C13A3F5B182FBF29063B3FB2
:10713000F7CE2EBFC14A3B3F78852EBF3B8F3B3FEA
:10714000DE3B2EBF98D33B3F29F22DBFD9173C3FE2
:1071500059A82DBFFC5B3C3F6F5E2DBF03A03C3F99
:1071600069142DBFECE33C3F49CA2CBFB8273D3F13
:107170000F802CBF676B3D3FB9352CBFF9AE3D3F4B
:107180004AEB2BBF6EF23D3FBFA02BBFC5353E3F44
:107190001B562BBFFF783E3F5B0B2BBF1BBC3E3FFC
:1071A00082C02ABF1BFF3E3F8E752ABFFC413F3F76
:1071B000802A2ABFC0843F3F57DF29BF67C73F3FB0
:1071C000159429BFF009403FB84829BF5C4C403FA7
:1071D00041FD28BFA98E403FB0B128BFDAD0403F63
:1071E000056628BFEC12413F401A28BFE154413FD9
:1071F00061CE27BFB796413F688227BF70D8413F15
:10720000563627BF0B1A423F2AEA26BF895B423F08
:10721000E39D26BFE89C423F845126BF29DE423FC2
:107220000A0526BF4C1F433F77B825BF5160433F37
:10723000CB6B25BF38A1433F041F25BF00E2433F6E
:1072400025D224BFAB22443F2C8524BF3763443F63
:107250001A3824BFA5A3443FEEEA23BFF5E3443F19
:10726000A99D23BF2624453F4B5023BF3964453F8A
:10727000D30223BF2DA4453F43B522BF03E4453FBE
:10728000996722BFBB23463FD71922BF5463463FAD
:10729000FBCB21BFCEA2463F067E21BF2AE2463F5E
:1072A000F92F21BF6721473FD2E120BF8560473FCB
:1072B000939320BF849F473F3B4520BF65DE473FF8
:1072C000CBF61FBF271D483F41A81FBFCA5B483FE1
:1072D0009F591FBF4E9A483FE50A1FBFB3D8483F8A
:1072E00012BC1EBFFA16493F266D1EBF2155493FED
:1072F000221E1EBF2993493F06CF1DBF12D1493F11
:10730000D17F1DBFDC0E4A3F84301DBF874C4A3FF2
:107310001FE11CBF138A4A3FA2911CBF7FC74A3F8F
:107320000C421CBFCC044B3F5FF21BBFFA414B3FEA
:1073300099A21BBF097F4B3FBB521BBFF8BB4B3F02
:10734000C6021BBFC7F84B3FB8B21ABF78354C3FD7
:1073500093621ABF08724C3F55121ABF79AE4C3F68
:1073600000C219BFCBEA4C3F947119BFFD264D3FB7
:107370000F2119BF10634D3F73D018BF029F4D3FBF
:10738000C07F18BFD5DA4D3FF52E18BF89164E3F86
:1073900012DE17BF1C524E3F188D17BF908D4E3F07
:1073A000073C17BFE4C84E3FDFEA16BF17044F3F44
:1073B0009F9916BF2B3F4F3F474816BF1F7A4F3F3D
:1073C000D9F615BFF4B44F3F54A515BFA8EF4F3FF2
:1073D000B75315BF3B2A503F040215BFAF64503F5F
:1073E00039B014BF039F503F585E14BF37D9503F88
:1073F0005F0C14BF4A13513F50BA13BF3D4D513F6C
:107400002A6813BF1087513FEE1513BFC2C0513F0A
:107410009AC312BF54FA513F307112BFC633523F64
:10742000B01E12BF186D523F19CC11BF49A6523F72
:107430006B7911BF59DF523FA72611BF4918533F3F
:10744000CDD310BF1851533FDC8010BFC789533FC5
:10745000D52D10BF55C2533FB8DA0FBFC3FA533F03
:1074600084870FBF0F33543F3B340FBF3B6B543FF8
:10747000DBE00EBF47A3543F658D0EBF31DB543FA9
:10748000DA390EBFFB12553F38E60DBFA44A553F0F
:1074900081920DBF2C82553FB33E0DBF93B9553F2E
:1074A000D0EA0CBFD9F0553FD7960CBFFE27563F08
:1074B000C9420CBF025F563FA5EE0BBFE595563F94
:1074C0006B9A0BBFA7CC563F1C460BBF4803573FD8
:1074D000B7F10ABFC739573F3D9D0ABF2670573FD6
:1074E000AD480ABF63A6573F09F409BF7FDC573F89
:1074F0004E9F09BF7912583F7F4A09BF5348583FF2
:107500009BF508BF0B7E583FA1A008BFA1B3583F11
:10751000924B08BF17E9583F6FF607BF6A1E593FE5
:1075200036A107BF9C53593FE84B07BFAD88593F71
:1075300086F606BF9CBD593F0EA106BF6AF2593FB1
:10754000824B06BF16275A3FE2F505BFA05B5A3FA4
:107550002CA005BF09905A3F624A05BF50C45A3F4C
:1075600084F404BF75F85A3F919E04BF792C5B3FA9
:10757000894804BF5A605B3F6DF203BF1A945B3FBA
:107580003D9C03BFB8C75B3FF84503BF34FB5B3F7F
:107590009FEF02BF8E2E5C3F329902BFC7615C3FF6
:1075A000B14202BFDD945C3F1CEC01BFD1C75C3F20
:1075B000739501BFA3FA5C3FB53E01BF532D5D3FFC
:1075C000E4E700BFE15F5D3FFF9000BF4D925D3F8C
:1075D000063A00BF97C45D3FF3C5FFBEBEF65D3FF0
:1075E000B217FFBEC3285E3F4A69FEBEA65A5E3F81
:1075F000BBBAFDBE678C5E3F040CFDBE05BE5E3FA0
:10760000275DFCBE81EF5E3F22AEFBBEDB205F3F0D
:10761000F7FEFABE12525F3FA54FFABE27835F3FC7
:107620002DA0F9BE19B45F3F8EF0F8BEE9E45F3FCC
:10763000C840F8BE9615603FDC90F7BE2146603F1B
:10764000CBE0F6BE8976603F9330F6BECFA6603FB2
:107650003580F5BEF2D6603FB1CFF4BEF206613F91
:10766000071FF4BED036613F386EF3BE8A66613FB5
:1076700043BDF2BE2296613F290CF2BE98C5613F20
:10768000EA5AF1BEEAF4613F85A9F0BE1A24623FCE
:10769000FBF7EFBE2653623F4C46EFBE1082623FBF
:1076A0007994EEBED7B0623F80E2EDBE7BDF623FF1
:1076B0006330EDBEFC0D633F217EECBE5A3C633F60
:1076C000BBCBEBBE956A633F3019EBBEAC98633F12
:1076D0008166EABEA1C6633FAEB3E9BE73F4633F01
:1076E000B700E9BE2122643F9C4DE8BEAC4F643F29
:1076F0005D9AE7BE147D643FFBE6E6BE59AA643F8F
:107700007533E6BE7BD7643FCB7FE5BE7904653F2A
:10771000FECBE4BE5431653F0E18E4BE0B5E653F00
:10772000FA63E3BEA08A653FC4AFE2BE10B7653F0F
:107730006AFBE1BE5EE3653FEE46E1BE880F663F51
:107740004F92E0BE8E3B663F8DDDDFBE7167663FC8
:10775000A928DFBE3093663FA273DEBECCBE663F73
:1077600079BEDDBE45EA663F2E09DDBE9915673F4D
:10777000C153DCBECA40673F319EDBBED86B673F5A
:1077800080E8DABEC196673FAD32DABE87C1673F97
:10779000B97CD9BE2AEC673FA3C6D8BEA816683FFD
:1077A0006B10D8BE0341683F135AD7BE396B683F90
:1077B00099A3D6BE4C95683FFDECD5BE3CBF683F53
:1077C0004136D5BE07E9683F647FD4BEAE12693F3B
:1077D00067C8D3BE323C693F4811D3BE9165693F4B
:1077E000095AD2BECC8E693FAAA2D1BEE4B7693F86
:1077F0002AEBD0BED7E0693F8A33D0BEA7096A3FE3
:10780000CA7BCFBE52326A3FEAC3CEBED95A6A3F64
:10781000EA0BCEBE3C836A3FCA53CDBE7BAB6A3F08
:107820008B9BCCBE95D36A3F2CE3CBBE8CFB6A3FCF
:10783000AE2ACBBE5E236B3F1072CABE0C4B6B3FB1
:1078400053B9C9BE95726B3F7700C9BEFB996B3FB8
:107850007C47C8BE3BC16B3F628EC7BE58E86B3FDA
:1078600029D5C6BE500F6C3FD21BC6BE24366C3F16
:107870005C62C5BED45C6C3FC8A8C4BE5E836C3F6E
:1078800015EFC3BEC5A96C3F4435C3BE07D06C3FDE
:10789000557BC2BE24F66C3F48C1C1BE1D1C6D3F66
:1078A0001E07C1BEF2416D3FD54CC0BEA1676D3F02
:1078B0006F92BFBE2D8D6D3FEBD7BEBE93B26D3FB5
:1078C0004A1DBEBED5D76D3F8B62BDBEF2FC6D3F7B
:1078D000AFA7BCBEEB216E3FB6ECBBBEBE466E3F53
:1078E000A031BBBE6D6B6E3F6E76BABEF88F6E3F39
:1078F0001EBBB9BE5DB46E3FB2FFB8BE9ED86E3F30
:107900002A44B8BEBAFC6E3F8488B7BEB0206F3F31
:10791000C3CCB6BE83446F3FE610B6BE30686F3F3F
:10792000EC54B5BEB88B6F3FD698B4BE1BAF6F3F5B
:10793000A5DCB3BE5AD26F3F5820B3BE73F56F3F7C
:10794000EF63B2BE6718703F6BA7B1BE373B703FA5
:10795000CBEAB0BEE15D703F102EB0BE6680703FD6
:107960003A71AFBEC6A2703F49B4AEBE02C5703F09
:107970003CF7ADBE17E7703F153AADBE0809713F41
:10798000D47CACBED42A713F77BFABBE7A4C713F7A
:107990000102ABBEFB6D713F6F44AABE578F713FB2
:1079A000C486A9BE8EB0713FFEC8A8BE9FD1713FEC
:1079B0001F0BA8BE8CF2713F254DA7BE5213723F1C
:1079C000128FA6BEF433723FE5D0A5BE7054723F4D
:1079D0009F12A5BEC774723F3F54A4BEF894723F75
:1079E000C595A3BE04B5723F33D7A2BEEBD4723F98
:1079F0008718A2BEACF4723FC259A1BE4714733FB0
:107A0000E59AA0BEBE33733FEEDB9FBE0E53733FBD
:107A1000DF1C9FBE3972733FB85D9EBE3F91733FBE
:107A2000789E9DBE1FB0733F20DF9CBED9CE733FB2
:107A3000AF1F9CBE6EED733F27609BBEDD0B743F96
:107A400086A09ABE272A743FCEE099BE4B48743F69
:107A5000FE2099BE4966743F166198BE2284743F29
:107A600017A197BED5A1743F00E196BE62BF743FD7
:107A7000D22096BEC9DC743F8D6095BE0BFA743F70
:107A800031A094BE2717753FBFDF93BE1D34753FED
:107A9000351F93BEED50753F945E92BE976D753F56
:107AA000DD9D91BE1C8A753F10DD90BE7BA6753FA3
:107AB0002C1C90BEB3C2753F325B8FBEC6DE753FD5
:107AC000229A8EBEB3FA753FFCD88DBE7A16763FE9
:107AD000C0178DBE1B32763F6E568CBE974D763FDB
:107AE00007958BBEEC68763F8AD38ABE1B84763FAF
:107AF000F8118ABE249F763F505089BE07BA763F60
:107B0000938E88BEC4D4763FC1CC87BE5BEF763FF0
:107B1000DA0A87BECC09773FDF4886BE1724773F55
:107B2000CE8685BE3C3E773FAAC484BE3A58773F96
:107B3000700284BE1372773F224083BEC58B773FAD
:107B4000C07D82BE51A5773F4ABB81BEB7BE773F9D
:107B5000C0F880BEF7D7773F223680BE10F1773F5E
:107B6000E1E67EBE040A783F56617DBED122783FB1
:107B7000A4DB7BBE773B783FCB557ABEF853783F8A
:107B8000CCCF78BE526C783FA64977BE8684783FCA
:107B90005AC375BE939C783FE83C74BE7BB4783F73
:107BA00051B672BE3BCC783F942F71BED6E3783F7E
:107BB000B2A86FBE4AFB783FAB216EBE9812793FE8
:107BC0007F9A6CBEBF29793F2F136BBEC040793FAF
:107BD000BA8B69BE9A57793F220468BE4E6E793FD0
:107BE000667C66BEDC84793F86F464BE439B793F45
:107BF000836C63BE83B1793F5CE461BE9DC7793F0E
:107C0000135C60BE91DD793FA8D35EBE5EF3793F21
:107C10001A4B5DBE04097A3F6AC25BBE841E7A3F7E
:107C200097395ABEDD337A3FA4B058BE10497A3F27
:107C30008F2757BE1C5E7A3F589E55BE02737A3F0F
:107C4000011554BEC1877A3F898B52BE599C7A3F39
:107C5000F10151BECBB07A3F38784FBE16C57A3F9E
:107C600060EE4DBE3AD97A3F67644CBE37ED7A3F3D
:107C70004FDA4ABE0E017B3F185049BEBE147B3F0F
:107C8000C2C547BE48287B3F4D3B46BEAB3B7B3F12
:107C9000B9B044BEE74E7B3F072643BEFC617B3F45
:107CA000379B41BEEA747B3F491040BEB2877B3FA1
:107CB0003E853EBE539A7B3F15FA3CBECDAC7B3F22
:107CC000CF6E3BBE20BF7B3F6CE339BE4DD17B3FC7
:107CD000EC5738BE53E37B3F50CC36BE31F57B3F8B
:107CE000984035BEE9067C3FC4B433BE7A187C3F69
:107CF000D42832BEE5297C3FC99C30BE283B7C3F5E
:107D0000A2102FBE444C7C3F61842DBE3A5D7C3F67
:107D100004F82BBE086E7C3F8D6B2ABEB07E7C3F84
:107D2000FCDE28BE318F7C3F515227BE8A9F7C3FAC
:107D30008CC525BEBDAF7C3FAD3824BEC9BF7C3FDE
:107D4000B6AB22BEAECF7C3FA51E21BE6CDF7C3F12
:107D50007B911FBE03EF7C3F38041EBE73FE7C3F49
:107D6000DE761CBEBC0D7D3F6BE91ABEDD1C7D3F7F
:107D7000E05B19BED82B7D3F3DCE17BEAC3A7D3FB0
:107D8000834016BE59497D3FB2B214BEDE577D3FD7
:107D9000CA2413BE3D667D3FCC9611BE74747D3FF0
:107DA000B70810BE85827D3F8B7A0EBE6E907D3FF8
:107DB0004AEC0CBE309E7D3FF35D0BBECCAB7D3FED
:107DC00086CF09BE40B97D3F054108BE8CC67D3FC8
:107DD0006EB206BEB2D37D3FC22305BEB1E07D3F89
:107DE000029503BE88ED7D3F2E0602BE38FA7D3F28
:107DF000457700BEC2067E3F92D0FDBD24137E3F74
:107E000073B2FABD5E1F7E3F2C94F7BD722B7E3F8E
:107E1000C075F4BD5E377E3F2E57F1BD23437E3FD4
:107E20007638EEBDC14E7E3F9A19EBBD385A7E3F83
:107E30009AFAE7BD88657E3F76DBE4BDB0707E3F91
:107E40002EBCE1BDB17B7E3FC49CDEBD8B867E3FF8
:107E5000377DDBBD3D917E3F895DD8BDC99B7E3FAF
:107E6000B93DD5BD2DA67E3FC81DD2BD69B07E3FB0
:107E7000B7FDCEBD7FBA7E3F86DDCBBD6DC47E3FF4
:107E800036BDC8BD34CE7E3FC69CC5BDD4D77E3F6F
:107E9000397CC2BD4CE17E3F8D5BBFBD9DEA7E3F1C
:107EA000C33ABCBDC7F37E3FDD19B9BDC9FC7E3FF7
:107EB000DAF8B5BDA4057F3FBBD7B2BD580E7F3FF2
:107EC00080B6AFBDE4167F3F2B95ACBD491F7F3F09
:107ED000BA73A9BD87277F3F3052A6BD9D2F7F3F34
:107EE0008C30A3BD8D377F3FCF0EA0BD543F7F3F69
:107EF000F9EC9CBDF4467F3F0ACB99BD6D4E7F3FA8
:107F000005A996BDBF557F3FE78693BDE95C7F3FDE
:107F1000B46490BDEC637F3F6A428DBDC76A7F3F0A
:107F20000A208ABD7B717F3F94FD86BD08787F3F24
:107F30000ADB83BD6D7E7F3F6CB880BDAB847F3F25
:107F4000742B7BBDC28A7F3FE9E574BDB1907F3F52
:107F500038A06EBD78967F3F625A68BD189C7F3FFF
:107F6000681462BD91A17F3F4CCE5BBDE3A67F3F0D
:107F70000E8855BD0DAC7F3FAF414FBD0FB17F3F68
:107F80002FFB48BDEAB57F3F91B442BD9EBA7F3F0B
:107F9000D56D3CBD2ABF7F3FFC2636BD8FC37F3FDA
:107FA00007E02FBDCCC77F3FF69829BDE2CB7F3FCE
:107FB000CC5123BDD1CF7F3F880A1DBD98D37F3FD1
:107FC0002CC316BD37D77F3FB87B10BDAFDA7F3FDC
:107FD0002F340ABD00DE7F3F90EC03BD29E17F3FD7
:107FE000B949FBBC2BE47F3F2DBAEEBC05E77F3FD0
:107FF0007B2AE2BCB8E97F3FA69AD5BC43EC7F3F21
:10800000B00AC9BCA7EE7F3F9B7ABCBCE3F07F3FC0
:1080100069EAAFBCF8F27F3F1C5AA3BCE6F47F3F8D
:10802000B6C996BCACF67F3F38398ABC4AF87F3F68
:108030004B517BBCC1F97F3F003062BC11FB7F3FDD
:10804000900E49BC39FC7F3F02ED2FBC39FD7F3FCC
:1080500059CB16BC13FE7F3F3053FBBBC4FE7F3FA2
:10806000890FC9BB4EFF7F3FC1CB96BBB1FF7F3F9E
:10807000C70F49BBECFF7F3FD40FC9BAFFFFFF7F9B
:10808000000000003CAF41764DC5FB309A79825A22
:108090009A79825A4DC5FB303CAF41760000000012
:1080A000FFFFFF7FB23A04CF3CAF417666867DA5E5
:1080B0009A79825AC350BE894DC5FB3000000080BA
:1080C00000000000C350BE89B23A04CF66867DA589
:1080D00066867DA5B23A04CFC350BE89FFFFFF7FFD
:1080E000000000003F5F8A7D3CB8F8183CAF417645
:1080F0004DC5FB30A4986D6AE6EC1C479A79825A0C
:108100009A79825AE6EC1C47A4986D6A4DC5FB30FB
:108110003CAF41763CB8F8183F5F8A7D0000000014
:10812000FFFFFF7FC34707E73F5F8A7DB23A04CF77
:108130003CAF41761913E3B8A4986D6A66867DA5B5
:108140009A79825A5B679295E6EC1C47C350BE89C8
:108150004DC5FB30C0A075823CB8F8180000008007
:1081600000000000C0A07582C34707E7C350BE8966
:10817000B23A04CF5B6792951913E3B866867DA582
:1081800066867DA51913E3B85B679295B23A04CF72
:10819000C350BE89C34707E7C0A07582FFFFFF7FBA
:1081A000000000008F36627F5ED38B0C3F5F8A7DBC
:1081B0003CB8F8185B057D7A5D0C28253CAF41760C
:1081C0004DC5FB30C6CBE27070BA563CA4986D6AC0
:1081D000E6EC1C47AC01F26294CC33519A79825A96
:1081E0009A79825A94CC3351AC01F262E6EC1C4786
:1081F000A4986D6A70BA563CC6CBE2704DC5FB3090
:108200003CAF41765D0C28255B057D7A3CB8F818BB
:108210003F5F8A7D5ED38B0C8F36627F000000004B
:10822000FFFFFF7FA12C74F38F36627FC34707E700
:108230003F5F8A7DA2F3D7DA5B057D7AB23A04CF3D
:108240003CAF41768F45A9C3C6CBE2701913E3B8A2
:10825000A4986D6A6B33CCAEAC01F26266867DA5E4
:108260009A79825A53FE0D9D94CC33515B67929557
:10827000E6EC1C473A341D8F70BA563CC350BE8999
:108280004DC5FB30A4FA82855D0C2825C0A07582FF
:108290003CB8F81870C99D805ED38B0C000000803C
:1082A0000000000070C99D80A12C74F3C0A07582ED
:1082B000C34707E7A4FA8285A2F3D7DAC350BE8981
:1082C000B23A04CF3A341D8F8F45A9C35B679295AC
:1082D0001913E3B853FE0D9D6B33CCAE66867DA5B6
:1082E00066867DA56B33CCAE53FE0D9D1913E3B8A6
:1082F0005B6792958F45A9C33A341D8FB23A04CF7C
:10830000C350BE89A2F3D7DAA4FA8285C34707E730
:10831000C0A07582A12C74F370C99D80FFFFFF7F00
:10832000000000008D87D87F7CD947068F36627F9A
:108330005ED38B0CFC559D7E6E10C8123F5F8A7D0C
:108340003CB8F818EEFB297C7BF9191F5B057D7A98
:108350005D0C282513848478EB341F2B3CAF4176C9
:108360004DC5FB30D0EBB5731320BA36C6CBE270E7
:1083700070BA563C140DCA6D641ECE41A4986D6A45
:10838000E6EC1C471F81CF66F3DF3F4CAC01F26285
:1083900094CC3351897CD75ED2A4F5559A79825A10
:1083A0009A79825AD2A4F555897CD75E94CC335100
:1083B000AC01F262F3DF3F4C1F81CF66E6EC1C4755
:1083C000A4986D6A641ECE41140DCA6D70BA563CF5
:1083D000C6CBE2701320BA36D0EBB5734DC5FB3077
:1083E0003CAF4176EB341F2B138484785D0C282539
:1083F0005B057D7A7BF9191FEEFB297C3CB8F818E8
:108400003F5F8A7D6E10C812FC559D7E5ED38B0C3B
:108410008F36627F7CD947068D87D87F00000000A9
:10842000FFFFFF7F8326B8F98D87D87FA12C74F3D7
:108430008F36627F91EF37EDFC559D7EC34707E78E
:108440003F5F8A7D8406E6E0EEFB297CA2F3D7DA63
:108450005B057D7A14CBE0D413848478B23A04CFE0
:108460003CAF4176ECDF45C9D0EBB5738F45A9C36E
:10847000C6CBE2709BE131BE140DCA6D1913E3B88F
:10848000A4986D6A0C20C0B31F81CF666B33CCAE4D
:10849000AC01F2622D5B0AAA897CD75E66867DA557
:1084A0009A79825A768328A1D2A4F55553FE0D9D60
:1084B00094CC3351E07E3099F3DF3F4C5B6792956B
:1084C000E6EC1C47EBF23592641ECE413A341D8F28
:1084D00070BA563C2F144A8C1320BA36C350BE894A
:1084E0004DC5FB30EC7B7B87EB341F2BA4FA8285D8
:1084F0005D0C28251104D6837BF9191FC0A0758255
:108500003CB8F81803AA62816E10C81270C99D8029
:108510005ED38B0C727827807CD9470600000080E0
:1085200000000000727827808326B8F970C99D800A
:10853000A12C74F303AA628191EF37EDC0A075827C
:10854000C34707E71104D6838406E6E0A4FA8285D0
:10855000A2F3D7DAEC7B7B8714CBE0D4C350BE897F
:10856000B23A04CF2F144A8CECDF45C93A341D8F40
:108570008F45A9C3EBF235929BE131BE5B679295C3
:108580001913E3B8E07E30990C20C0B353FE0D9D63
:108590006B33CCAE768328A12D5B0AAA66867DA5B7
:1085A00066867DA52D5B0AAA768328A16B33CCAEA7
:1085B00053FE0D9D0C20C0B3E07E30991913E3B833
:1085C0005B6792959BE131BEEBF235928F45A9C373
:1085D0003A341D8FECDF45C92F144A8CB23A04CFD0
:1085E000C350BE8914CBE0D4EC7B7B87A2F3D7DAEF
:1085F000A4FA82858406E6E01104D683C34707E720
:10860000C0A0758291EF37ED03AA6281A12C74F3AB
:1086100070C99D808326B8F972782780FFFFFF7F9D
:10862000000000008221F67FBF2A24038D87D87FB7
:108630007CD94706B436A77F49906A098F36627F96
:108640005ED38B0CC391097F2B27AB0FFC559D7E0E
:108650006E10C812E9931D7E4414E2153F5F8A7DB7
:108660003CB8F818B1CEE37C6A820B1CEEFB297C87
:108670007BF9191F9D035D7BC5A423225B057D7AD1
:108680005D0C2825B1238A7928B92628138484789B
:10869000EB341F2BDB4E6C77620A112E3CAF417618
:1086A0004DC5FB3045D3047587F2DE33D0EBB5738F
:1086B0001320BA36842C557232DD8C39C6CBE27069
:1086C00070BA563CB1025F6FB749173F140DCA6DBF
:1086D000641ECE416029246C50CD7A44A4986D6A02
:1086E000E6EC1C47819EA6683315B4491F81CF660E
:1086F000F3DF3F4C2689E864A4E8BF4EAC01F26288
:1087000094CC33513038EC60EF2A9B53897CD75E90
:10871000D2A4F555DF20B45C54DD42589A79825AD0
:108720009A79825A54DD4258DF20B45CD2A4F555C0
:10873000897CD75EEF2A9B533038EC6094CC335160
:10874000AC01F262A4E8BF4E2689E864F3DF3F4C37
:108750001F81CF663315B449819EA668E6EC1C479D
:10876000A4986D6A50CD7A446029246C641ECE4171
:10877000140DCA6DB749173FB1025F6F70BA563C0E
:10878000C6CBE27032DD8C39842C55721320BA3698
:10879000D0EBB57387F2DE3345D304754DC5FB309E
:1087A0003CAF4176620A112EDB4E6C77EB341F2B07
:1087B0001384847828B92628B1238A795D0C28256A
:1087C0005B057D7AC5A423229D035D7B7BF9191F80
:1087D000EEFB297C6A820B1CB1CEE37C3CB8F81816
:1087E0003F5F8A7D4414E215E9931D7E6E10C81226
:1087F000FC559D7E2B27AB0FC391097F5ED38B0C5D
:108800008F36627F49906A09B436A77F7CD94706C4
:108810008D87D87FBF2A24038221F67F00000000C5
:10882000FFFFFF7F41D5DBFC8221F67F8326B8F96D
:108830008D87D87FB66F95F6B436A77FA12C74F3D9
:108840008F36627FD4D854F0C391097F91EF37ED12
:10885000FC559D7EBBEB1DEAE9931D7EC34707E7F0
:108860003F5F8A7D957DF4E3B1CEE37C8406E6E04C
:10887000EEFB297C3A5BDCDD9D035D7BA2F3D7DA5E
:108880005B057D7AD746D9D7B1238A7914CBE0D45A
:10889000138484789EF5EED1DB4E6C77B23A04CF28
:1088A0003CAF4176780D21CC45D30475ECDF45C94A
:1088B000D0EBB573CD2273C6842C55728F45A9C3F6
:1088C000C6CBE27048B6E8C0B1025F6F9BE131BE33
:1088D000140DCA6DAF3285BB6029246C1913E3B83F
:1088E000A4986D6ACCEA4BB6819EA6680C20C0B3F2
:1088F0001F81CF665B1740B12689E8646B33CCAE2D
:10890000AC01F26210D564AC3038EC602D5B0AAA81
:10891000897CD75EAB22BDA7DF20B45C66867DA5CF
:108920009A79825A20DF4BA354DD4258768328A1DE
:10893000D2A4F555D0C7139FEF2A9B5353FE0D9D2C
:1089400094CC3351D976179BA4E8BF4EE07E309982
:10895000F3DF3F4C7E6159973315B4495B679295BD
:10896000E6EC1C479FD6DB9350CD7A44EBF2359270
:10897000641ECE414EFDA090B749173F3A341D8F7B
:1089800070BA563C7BD3AA8D32DD8C392F144A8CB9
:108990001320BA36BA2CFB8A87F2DE33C350BE8965
:1089A0004DC5FB3024B19388620A112EEC7B7B8786
:1089B000EB341F2B4EDC758628B92628A4FA828555
:1089C0005D0C282562FCA284C5A423221104D68351
:1089D0007BF9191F4E311C836A820B1CC0A0758263
:1089E0003CB8F818166CE2814414E21503AA6281BF
:1089F0006E10C8123C6EF6802B27AB0F70C99D809D
:108A00005ED38B0C4CC9588049906A0972782780D4
:108A10007CD947067DDE0980BF2A24030000008040
:108A2000000000007DDE098041D5DBFC72782780E4
:108A30008326B8F94CC95880B66F95F670C99D80E9
:108A4000A12C74F33C6EF680D4D854F003AA628152
:108A500091EF37ED166CE281BBEB1DEAC0A0758289
:108A6000C34707E74E311C83957DF4E31104D68399
:108A70008406E6E062FCA2843A5BDCDDA4FA82852F
:108A8000A2F3D7DA4EDC7586D746D9D7EC7B7B8745
:108A900014CBE0D424B193889EF5EED1C350BE89A7
:108AA000B23A04CFBA2CFB8A780D21CC2F144A8C11
:108AB000ECDF45C97BD3AA8DCD2273C63A341D8F16
:108AC0008F45A9C34EFDA09048B6E8C0EBF23592A1
:108AD0009BE131BE9FD6DB93AF3285BB5B6792953E
:108AE0001913E3B87E615997CCEA4BB6E07E309912
:108AF0000C20C0B3D976179B5B1740B153FE0D9D78
:108B00006B33CCAED0C7139F10D564AC768328A14D
:108B10002D5B0AAA20DF4BA3AB22BDA766867DA5ED
:108B200066867DA5AB22BDA720DF4BA32D5B0AAADD
:108B3000768328A110D564ACD0C7139F6B33CCAE1D
:108B400053FE0D9D5B1740B1D976179B0C20C0B327
:108B5000E07E3099CCEA4BB67E6159971913E3B8A1
:108B60005B679295AF3285BB9FD6DB939BE131BEAD
:108B7000EBF2359248B6E8C04EFDA0908F45A9C3F0
:108B80003A341D8FCD2273C67BD3AA8DECDF45C945
:108B90002F144A8C780D21CCBA2CFB8AB23A04CF20
:108BA000C350BE899EF5EED124B1938814CBE0D496
:108BB000EC7B7B87D746D9D74EDC7586A2F3D7DA14
:108BC000A4FA82853A5BDCDD62FCA2848406E6E0DE
:108BD0001104D683957DF4E34E311C83C34707E728
:108BE000C0A07582BBEB1DEA166CE28191EF37EDF8
:108BF00003AA6281D4D854F03C6EF680A12C74F3A1
:108C000070C99D80B66F95F64CC958808326B8F917
:108C10007278278041D5DBFC7DDE0980FFFFFF7F76
:108C2000000000005A88FD7F1F1D92018221F67FFF
:108C3000BF2A2403C0CBE97F5D19B6048D87D87F96
:108C40007CD947069655C27F9E5BD907B436A77F6D
:108C500049906A09F32B877F0568FB0A8F36627F8C
:108C60005ED38B0CF557387FE3C21B0EC391097F8F
:108C70002B27AB0FC6E5D57ECEF03911FC559D7E76
:108C80006E10C81293E45F7EB1765514E9931D7E91
:108C90004414E2158E66D67DDED96D173F5F8A7D5E
:108CA0003CB8F818EC80397D25A0821AB1CEE37C5F
:108CB0006A820B1CDD4B897CE54F931DEEFB297C02
:108CC0007BF9191F8FE2C57B1C709F209D035D7B84
:108CD000C5A423222363EF7A7E88A6235B057D7AD1
:108CE0005D0C2825ADEE057A8521A826B1238A7969
:108CF00028B926282CA9097984C4A3291384847847
:108D0000EB341F2B88B9FA77BAFB982CDB4E6C77C3
:108D1000620A112E8849D9766252872F3CAF41767C
:108D20004DC5FB30CF85A575C7546E3245D304754C
:108D300087F2DE33D19D5F7456904D35D0EBB5731D
:108D40001320BA36D0C30773B0932438842C5572DD
:108D500032DD8C39D22C9E71B7EEF23AC6CBE2707E
:108D600070BA563C99102370A532B83DB1025F6FBE
:108D7000B749173F9CA9966E1DF27340140DCA6D3A
:108D8000641ECE41FB34F96C35C125436029246C47
:108D900050CD7A4478F24A6B8F35CD45A4986D6AF0
:108DA000E6EC1C476C248C6964E66948819EA668E1
:108DB0003315B449BC0FBD67976CFB4A1F81CF6662
:108DC000F3DF3F4CD3FBDD65C462814D2689E86447
:108DD000A4E8BF4E8F32EF634D65FB4FAC01F262EA
:108DE00094CC33513E00F1616E1269523038EC6020
:108DF000EF2A9B538DB3E35F4A0ACA54897CD75E3E
:108E0000D2A4F5557C9DC75DF9EE1D57DF20B45CFB
:108E100054DD425853119D5B976464599A79825A84
:108E20009A79825A9764645953119D5B54DD425874
:108E3000DF20B45CF9EE1D577C9DC75DD2A4F555CB
:108E4000897CD75E4A0ACA548DB3E35FEF2A9B53ED
:108E50003038EC606E1269523E00F16194CC3351AF
:108E6000AC01F2624D65FB4F8F32EF63A4E8BF4E59
:108E70002689E864C462814DD3FBDD65F3DF3F4C96
:108E80001F81CF66976CFB4ABC0FBD673315B44991
:108E9000819EA66864E669486C248C69E6EC1C47F0
:108EA000A4986D6A8F35CD4578F24A6B50CD7A44DF
:108EB0006029246C35C12543FB34F96C641ECE4116
:108EC000140DCA6D1DF273409CA9966EB749173FE9
:108ED000B1025F6FA532B83D9910237070BA563C4D
:108EE000C6CBE270B7EEF23AD22C9E7132DD8C39ED
:108EF000842C5572B0932438D0C307731320BA362C
:108F0000D0EBB57356904D35D19D5F7487F2DE334B
:108F100045D30475C7546E32CF85A5754DC5FB305A
:108F20003CAF41766252872F8849D976620A112E6A
:108F3000DB4E6C77BAFB982C88B9FA77EB341F2B91
:108F40001384847884C4A3292CA9097928B92628F4
:108F5000B1238A798521A826ADEE057A5D0C2825F6
:108F60005B057D7A7E88A6232363EF7AC5A423223E
:108F70009D035D7B1C709F208FE2C57B7BF9191FD1
:108F8000EEFB297CE54F931DDD4B897C6A820B1C2F
:108F9000B1CEE37C25A0821AEC80397D3CB8F8186C
:108FA0003F5F8A7DDED96D178E66D67D4414E2154B
:108FB000E9931D7EB176551493E45F7E6E10C8125E
:108FC000FC559D7ECEF03911C6E5D57E2B27AB0F23
:108FD000C391097FE3C21B0EF557387F5ED38B0C1C
:108FE0008F36627F0568FB0AF32B877F49906A09F9
:108FF000B436A77F9E5BD9079655C27F7CD94706BA
:109000008D87D87F5D19B604C0CBE97FBF2A2403C2
:109010008221F67F1F1D92015A88FD7F000000000B
:10902000FFFFFF7FE0E26DFE5A88FD7F41D5DBFC4C
:109030008221F67FA2E649FBC0CBE97F8326B8F9FF
:109040008D87D87F61A426F89655C27FB66F95F6B6
:10905000B436A77FFA9704F5F32B877FA12C74F31E
:109060008F36627F1C3DE4F1F557387FD4D854F039
:10907000C391097F310FC6EEC6E5D57E91EF37ED7E
:10908000FC559D7E4E89AAEB93E45F7EBBEB1DEA07
:10909000E9931D7E212692E88E66D67DC34707E7B9
:1090A0003F5F8A7DDA5F7DE5EC80397D957DF4E375
:1090B000B1CEE37C1AB06CE2DD4B897C8406E6E03D
:1090C000EEFB297CE38F60DF8FE2C57B3A5BDCDD62
:1090D0009D035D7B817759DC2363EF7AA2F3D7DAB6
:1090E0005B057D7A7ADE57D9ADEE057AD746D9D7BA
:1090F000B1238A797B3B5CD62CA9097914CBE0D4C7
:1091000013848478450467D388B9FA779EF5EED145
:10911000DB4E6C779DAD78D08849D976B23A04CFD2
:109120003CAF417638AB91CDCF85A575780D21CC7C
:1091300045D30475A96FB2CAD19D5F74ECDF45C9F0
:10914000D0EBB573506CDBC7D0C30773CD2273C6A9
:10915000842C557248110DC5D22C9E718F45A9C320
:10916000C6CBE2705ACD47C29910237048B6E8C00A
:10917000B1025F6FE20D8CBF9CA9966E9BE131BE80
:10918000140DCA6DCA3EDABCFB34F96CAF3285BB34
:109190006029246C70CA32BA78F24A6B1913E3B8AA
:1091A000A4986D6A9B1996B76C248C69CCEA4BB66F
:1091B000819EA668689304B5BC0FBD670C20C0B340
:1091C0001F81CF663B9D7EB2D3FBDD655B1740B14F
:1091D0002689E864B29A04B08F32EF636B33CCAE69
:1091E000AC01F26291ED96AD3E00F16110D564AC38
:1091F0003038EC60B5F535AB8DB3E35F2D5B0AAA73
:10920000897CD75E0611E2A87C9DC75DAB22BDA715
:10921000DF20B45C689B9BA653119D5B66867DA591
:109220009A79825AACEE62A49764645920DF4BA30A
:1092300054DD4258836238A2F9EE1D57768328A187
:10924000D2A4F555724C1CA04A0ACA54D0C7139F29
:10925000EF2A9B53C1FF0E9E6E12695253FE0D9D65
:1092600094CC335170CD109C4D65FB4FD976179B34
:10927000A4E8BF4E2C04229AC462814DE07E30994E
:10928000F3DF3F4C43F04298976CFB4A7E6159975D
:109290003315B44994DB739664E669485B6792952D
:1092A000E6EC1C47870DB5948F35CD459FD6DB93F3
:1092B00050CD7A4404CB069335C12543EBF2359269
:1092C000641ECE41635669911DF273404EFDA0901D
:1092D000B749173F66EFDC8FA532B83D3A341D8F92
:1092E00070BA563C2DD3618EB7EEF23A7BD3AA8D7D
:1092F00032DD8C39303CF88CB09324382F144A8CF2
:109300001320BA362F62A08B56904D35BA2CFB8AAB
:1093100087F2DE33307A5A8AC7546E32C350BE8920
:109320004DC5FB3077B626896252872F24B19388CA
:10933000620A112E77460588BAFB982CEC7B7B8756
:10934000EB341F2BD356F68684C4A3294EDC7586D6
:1093500028B926285211FA858521A826A4FA8285E3
:109360005D0C2825DC9C10857E88A62362FCA284E7
:10937000C5A42322701D3A841C709F201104D6833B
:109380007BF9191F22B47683E54F931D4E311C8360
:109390006A820B1C137FC68225A0821AC0A0758228
:1093A0003CB8F81871992982DED96D17166CE281E4
:1093B0004414E2156C1BA081B176551403AA628196
:1093C0006E10C812391A2A81CEF039113C6EF6801F
:1093D0002B27AB0F0AA8C780E3C21B0E70C99D8064
:1093E0005ED38B0C0DD478800568FB0A4CC958807D
:1093F00049906A0969AA3D809E5BD90772782780E7
:109400007CD94706403416805D19B6047DDE09809C
:10941000BF2A2403A57702801F1D9201000000804F
:1094200000000000A5770280E0E26DFE7DDE09808D
:1094300041D5DBFC40341680A2E649FB72782780D8
:109440008326B8F969AA3D8061A426F84CC95880E2
:10945000B66F95F60DD47880FA9704F570C99D80A3
:10946000A12C74F30AA8C7801C3DE4F13C6EF68081
:10947000D4D854F0391A2A81310FC6EE03AA62817A
:1094800091EF37ED6C1BA0814E89AAEB166CE2813F
:10949000BBEB1DEA71992982212692E8C0A0758252
:1094A000C34707E7137FC682DA5F7DE54E311C8331
:1094B000957DF4E322B476831AB06CE21104D6836E
:1094C0008406E6E0701D3A84E38F60DF62FCA284CC
:1094D0003A5BDCDDDC9C1085817759DCA4FA82855F
:1094E000A2F3D7DA5211FA857ADE57D94EDC7586A7
:1094F000D746D9D7D356F6867B3B5CD6EC7B7B87A9
:1095000014CBE0D477460588450467D324B193880B
:109510009EF5EED177B626899DAD78D0C350BE8931
:10952000B23A04CF307A5A8A38AB91CDBA2CFB8A42
:10953000780D21CC2F62A08BA96FB2CA2F144A8C50
:10954000ECDF45C9303CF88C506CDBC77BD3AA8D6F
:10955000CD2273C62DD3618E48110DC53A341D8FAF
:109560008F45A9C366EFDC8F5ACD47C24EFDA09050
:1095700048B6E8C063566991E20D8CBFEBF23592B4
:109580009BE131BE04CB0693CA3EDABC9FD6DB9387
:10959000AF3285BB870DB59470CA32BA5B679295BE
:1095A0001913E3B894DB73969B1996B77E615997AC
:1095B000CCEA4BB643F04298689304B5E07E30990C
:1095C0000C20C0B32C04229A3B9D7EB2D976179B07
:1095D0005B1740B170CD109CB29A04B053FE0D9D44
:1095E0006B33CCAEC1FF0E9E91ED96ADD0C7139FED
:1095F00010D564AC724C1CA0B5F535AB768328A1B0
:109600002D5B0AAA836238A20611E2A820DF4BA3D1
:10961000AB22BDA7ACEE62A4689B9BA666867DA527
:1096200066867DA5689B9BA6ACEE62A4AB22BDA717
:1096300020DF4BA30611E2A8836238A22D5B0AAAA1
:10964000768328A1B5F535AB724C1CA010D564AC5F
:10965000D0C7139F91ED96ADC1FF0E9E6B33CCAE7C
:1096600053FE0D9DB29A04B070CD109C5B1740B1B3
:10967000D976179B3B9D7EB22C04229A0C20C0B356
:10968000E07E3099689304B543F04298CCEA4BB63B
:109690007E6159979B1996B794DB73961913E3B8BB
:1096A0005B67929570CA32BA870DB594AF3285BBAD
:1096B0009FD6DB93CA3EDABC04CB06939BE131BE56
:1096C000EBF23592E20D8CBF6356699148B6E8C063
:1096D0004EFDA0905ACD47C266EFDC8F8F45A9C3DF
:1096E0003A341D8F48110DC52DD3618ECD2273C61E
:1096F0007BD3AA8D506CDBC7303CF88CECDF45C9BE
:109700002F144A8CA96FB2CA2F62A08B780D21CC7E
:10971000BA2CFB8A38AB91CD307A5A8AB23A04CF50
:10972000C350BE899DAD78D077B626899EF5EED11F
:1097300024B19388450467D37746058814CBE0D4D9
:10974000EC7B7B877B3B5CD6D356F686D746D9D756
:109750004EDC75867ADE57D95211FA85A2F3D7DA34
:10976000A4FA8285817759DCDC9C10853A5BDCDDCC
:1097700062FCA284E38F60DF701D3A848406E6E019
:109780001104D6831AB06CE222B47683957DF4E39B
:109790004E311C83DA5F7DE5137FC682C34707E73E
:1097A000C0A07582212692E871992982BBEB1DEA3F
:1097B000166CE2814E89AAEB6C1BA08191EF37ED0C
:1097C00003AA6281310FC6EE391A2A81D4D854F027
:1097D0003C6EF6801C3DE4F10AA8C780A12C74F30E
:1097E00070C99D80FA9704F50DD47880B66F95F610
:1097F0004CC9588061A426F869AA3D808326B8F92F
:1098000072782780A2E649FB4034168041D5DBFC04
:109810007DDE0980E0E26DFEA5770280FFFFFF7F1D
:10982000000000001662FF7F880FC9005A88FD7F84
:109830001F1D9201D172FA7FD7265B028221F67F2B
:10984000BF2A24037794F07FE626ED03C0CBE97F9F
:109850005D19B6046BC7E17F34007F058D87D87F23
:109860007CD947063E0CCE7F44A310079655C27F95
:109870009E5BD907B263B57F9A00A208B436A77F72
:1098800049906A09BCCE977FBC08330AF32B877FC7
:109890000568FB0A7F4E757F35ACC30B8F36627F40
:1098A0005ED38B0C50E44D7F92DB530DF557387F20
:1098B000E3C21B0EB491217F6587E30EC391097F3C
:1098C0002B27AB0F5F58F07E47A07210C6E5D57E00
:1098D000CEF03911393ABA7ED4160112FC559D7E6C
:1098E0006E10C81256397F7EB0DB8E1393E45F7E14
:1098F000B1765514FE573F7E85DF1B15E9931D7E1B
:109900004414E215A798FA7D0513A8168E66D67D35
:10991000DED96D17F7FDB07DE86633183F5F8A7DAD
:109920003CB8F818C58A627DF2CBBD19EC80397D50
:1099300025A0821A18420F7DEF32471BB1CEE37C7F
:109940006A820B1C2427B77CB38CCF1CDD4B897C2F
:10995000E54F931D4F3D5A7C1ECA561EEEFB297CD7
:109960007BF9191F3088F87B1ADCDC1F8FE2C57B7E
:109970001C709F20890B927B9FB361219D035D7BAF
:10998000C5A423224FCB267BAE41E5222363EF7A89
:109990007E88A623A3CBB67A577767245B057D7AAA
:1099A0005D0C2825D810427AB545E825ADEE057A3C
:1099B0008521A8266D9FC879F49D6727B1238A79F0
:1099C00028B92628117C4A794A71E5282CA90979F9
:1099D00084C4A329A1ABC77801B1612A1384847818
:1099E000EB341F2B283340786F4EDC2B88B9FA7785
:1099F000BAFB982CDF17B477FB3A552DDB4E6C770A
:109A0000620A112E2D5F23771E68CC2E8849D976E5
:109A10006252872FA50E8E7660C741303CAF4176EB
:109A20004DC5FB300A2CF4755D4AB531CF85A5755F
:109A3000C7546E324BBD5575C2E2263345D304750B
:109A400087F2DE3383C8B2744F829634D19D5F743F
:109A500056904D35FA530B74D91A0436D0EBB573C2
:109A60001320BA3626665F73469E6F37D0C30773DE
:109A7000B0932438A605AF7293FED838842C557263
:109A800032DD8C394839FA71D12D403AD22C9E7191
:109A9000B7EEF23A04084171291EA53BC6CBE2702D
:109AA00070BA563CFE788370D5C1073D991023707B
:109AB000A532B83D8593C16F2C0B683EB1025F6F34
:109AC000B749173F125FFB6E97ECC53F9CA9966E96
:109AD0001DF2734049E3306E9A582141140DCA6D4E
:109AE000641ECE41FA27626DD0417A42FB34F96C94
:109AF00035C125431C358F6CEC9AD0436029246C0A
:109B000050CD7A44D012B86BBC56244578F24A6BDB
:109B10008F35CD4564C9DC6A27687546A4986D6A9F
:109B2000E6EC1C474A61FD692EC2C3476C248C6970
:109B300064E6694820E31969EE570F49819EA668DB
:109B40003315B449AA5732689D1C584ABC0FBD67EB
:109B5000976CFB4AD7C746678F039E4B1F81CF6622
:109B6000F3DF3F4CBB3C57663400E14CD3FBDD6573
:109B7000C462814D92BF63651706214E2689E86451
:109B8000A4E8BF4EBF596C64E3085E4F8F32EF63A9
:109B90004D65FB4FCC1471635EFC9750AC01F262D3
:109BA00094CC335169FA71626ED4CE513E00F161AA
:109BB0006E1269526B146F61178502533038EC6076
:109BC000EF2A9B53CE6C68607D0233548DB3E35F04
:109BD0004A0ACA54B30D5E5FE2406055897CD75E85
:109BE000D2A4F5555D01505EA9348A567C9DC75DAF
:109BF000F9EE1D5736523E5D56D2B057DF20B45CA9
:109C000054DD4258CC0A295C8C0ED45853119D5B0C
:109C100097646459CF35105B12DEF3599A79825AF2
:109C20009A79825A12DEF359CF35105B97646459E2
:109C300053119D5B8C0ED458CC0A295C54DD4258DC
:109C4000DF20B45C56D2B05736523E5DF9EE1D5758
:109C50007C9DC75DA9348A565D01505ED2A4F5553E
:109C6000897CD75EE2406055B30D5E5F4A0ACA54F4
:109C70008DB3E35F7D023354CE6C6860EF2A9B5353
:109C80003038EC60178502536B146F616E126952A5
:109C90003E00F1616ED4CE5169FA716294CC3351B9
:109CA000AC01F2625EFC9750CC1471634D65FB4FC2
:109CB0008F32EF63E3085E4FBF596C64A4E8BF4E78
:109CC0002689E8641706214E92BF6365C462814D00
:109CD000D3FBDD653400E14CBB3C5766F3DF3F4C02
:109CE0001F81CF668F039E4BD7C74667976CFB4A91
:109CF000BC0FBD679D1C584AAA5732683315B4493A
:109D0000819EA668EE570F4920E3196964E6694809
:109D10006C248C692EC2C3474A61FD69E6EC1C477E
:109D2000A4986D6A2768754664C9DC6A8F35CD458D
:109D300078F24A6BBC562445D012B86B50CD7A44A9
:109D40006029246CEC9AD0431C358F6C35C12543B7
:109D5000FB34F96CD0417A42FA27626D641ECE4121
:109D6000140DCA6D9A58214149E3306E1DF27340BB
:109D70009CA9966E97ECC53F125FFB6EB749173FE3
:109D8000B1025F6F2C0B683E8593C16FA532B83D61
:109D900099102370D5C1073DFE78837070BA563C88
:109DA000C6CBE270291EA53B04084171B7EEF23A1A
:109DB000D22C9E71D12D403A4839FA7132DD8C395E
:109DC000842C557293FED838A605AF72B093243810
:109DD000D0C30773469E6F3726665F731320BA366B
:109DE000D0EBB573D91A0436FA530B7456904D352F
:109DF000D19D5F744F82963483C8B27487F2DE338C
:109E000045D30475C2E226334BBD5575C7546E3237
:109E1000CF85A5755D4AB5310A2CF4754DC5FB306B
:109E20003CAF417660C74130A50E8E766252872FD7
:109E30008849D9761E68CC2E2D5F2377620A112EB1
:109E4000DB4E6C77FB3A552DDF17B477BAFB982CB5
:109E500088B9FA776F4EDC2B28334078EB341F2B10
:109E60001384847801B1612AA1ABC77884C4A32983
:109E70002CA909794A71E528117C4A7928B9262844
:109E8000B1238A79F49D67276D9FC8798521A8261B
:109E9000ADEE057AB545E825D810427A5D0C282547
:109EA0005B057D7A57776724A3CBB67A7E88A62395
:109EB0002363EF7AAE41E5224FCB267BC5A4232254
:109EC0009D035D7B9FB36121890B927B1C709F205A
:109ED0008FE2C57B1ADCDC1F3088F87B7BF9191F09
:109EE000EEFB297C1ECA561E4F3D5A7CE54F931D42
:109EF000DD4B897CB38CCF1C2427B77C6A820B1C7A
:109F0000B1CEE37CEF32471B18420F7D25A0821AA9
:109F1000EC80397DF2CBBD19C58A627D3CB8F8185A
:109F20003F5F8A7DE8663318F7FDB07DDED96D1797
:109F30008E66D67D0513A816A798FA7D4414E215FF
:109F4000E9931D7E85DF1B15FE573F7EB1765514C4
:109F500093E45F7EB0DB8E1356397F7E6E10C8129D
:109F6000FC559D7ED4160112393ABA7ECEF03911D5
:109F7000C6E5D57E47A072105F58F07E2B27AB0F49
:109F8000C391097F6587E30EB491217FE3C21B0E65
:109F9000F557387F92DB530D50E44D7F5ED38B0C29
:109FA0008F36627F35ACC30B7F4E757F0568FB0A29
:109FB000F32B877FBC08330ABCCE977F49906A0990
:109FC000B436A77F9A00A208B263B57F9E5BD9071B
:109FD0009655C27F44A310073E0CCE7F7CD947061E
:109FE0008D87D87F34007F056BC7E17F5D19B6048C
:109FF000C0CBE97FE626ED037794F07FBF2A2403E8
:10A000008221F67FD7265B02D172FA7F1F1D920153
:10A010005A88FD7F880FC9001662FF7F000000008C
:10A02000FFFFFF7F78F036FF1662FF7FE0E26DFEF4
:10A030005A88FD7F28D9A4FDD172FA7F41D5DBFC77
:10A040008221F67F19D912FC7794F07FA2E649FBB2
:10A05000C0CBE97FCBFF80FA6BC7E17F8326B8F9DD
:10A060008D87D87FBB5CEFF83E0CCE7F61A426F8CD
:10A070009655C27F65FF5DF7B263B57FB66F95F603
:10A08000B436A77F43F7CCF5BCCE977FFA9704F59B
:10A09000F32B877FCA533CF47F4E757FA12C74F35A
:10A0A0008F36627F6D24ACF250E44D7F1C3DE4F1AD
:10A0B000F557387F9A781CF1B491217FD4D854F0A9
:10A0C000C391097FB85F8DEF5F58F07E310FC6EE08
:10A0D000C6E5D57E2BE9FEED393ABA7E91EF37ED34
:10A0E000FC559D7E4F2471EC56397F7E4E89AAEB3C
:10A0F00093E45F7E7A20E4EAFE573F7EBBEB1DEAE5
:10A10000E9931D7EFBEC57E9A798FA7D212692E89A
:10A110008E66D67D1799CCE7F7FDB07DC34707E77C
:10A120003F5F8A7D0D3442E6C58A627DDA5F7DE558
:10A13000EC80397D10CDB8E418420F7D957DF4E3B5
:10A14000B1CEE37C4C7330E32427B77C1AB06CE2C9
:10A15000DD4B897CE135A9E14F3D5A7C8406E6E080
:10A16000EEFB297CE52323E03088F87BE38F60DF7A
:10A170008FE2C57B604C9EDE890B927B3A5BDCDD17
:10A180009D035D7B51BE1ADD4FCB267B817759DC69
:10A190002363EF7AA88898DBA3CBB67AA2F3D7DA49
:10A1A0005B057D7A4ABA17DAD810427A7ADE57D937
:10A1B000ADEE057A0C6298D86D9FC879D746D9D78D
:10A1C000B1238A79B58E1AD7117C4A797B3B5CD64C
:10A1D0002CA90979FE4E9ED5A1ABC77814CBE0D44B
:10A1E0001384847890B123D428334078450467D30E
:10A1F00088B9FA7704C5AAD2DF17B4779EF5EED1F5
:10A20000DB4E6C77E19733D12D5F23779DAD78D00E
:10A210008849D9769F38BECFA50E8E76B23A04CF44
:10A220003CAF4176A2B54ACE0A2CF47538AB91CD3D
:10A23000CF85A5753D1DD9CC4BBD5575780D21CC6D
:10A2400045D30475B07D69CB83C8B274A96FB2CA17
:10A25000D19D5F7427E5FBC9FA530B74ECDF45C948
:10A26000D0EBB573BA6190C826665F73506CDBC7DC
:10A27000D0C307736C0127C7A605AF72CD2273C682
:10A28000842C55722ED2BFC54839FA7148110DC5BC
:10A29000D22C9E71D7E15AC4040841718F45A9C3DD
:10A2A000C6CBE2702A3EF8C2FE7883705ACD47C210
:10A2B00099102370D3F497C18593C16F48B6E8C055
:10A2C000B1025F6F68133AC0125FFB6EE20D8CBF84
:10A2D0009CA9966E65A7DEBE49E3306E9BE131BE58
:10A2E000140DCA6D2FBE85BDFA27626DCA3EDABC59
:10A2F000FB34F96C13652FBC1C358F6CAF3285BBFA
:10A300006029246C43A9DBBAD012B86B70CA32BA88
:10A3100078F24A6BD8978AB964C9DC6A1913E3B832
:10A32000A4986D6AD13D3CB84A61FD699B1996B706
:10A330006C248C6911A8F0B620E31969CCEA4BB6FD
:10A34000819EA66862E3A7B5AA573268689304B5F0
:10A35000BC0FBD6770FC61B4D7C746670C20C0B3A3
:10A360001F81CF66CBFF1EB3BB3C57663B9D7EB2C1
:10A37000D3FBDD65E8F9DEB192BF63655B1740B1E1
:10A380002689E8641CF7A1B0BF596C64B29A04B086
:10A390008F32EF63A10368AFCC1471636B33CCAE23
:10A3A000AC01F262912B31AE69FA716291ED96AD1A
:10A3B0003E00F161E87AFDAC6B146F6110D564ACBE
:10A3C0003038EC6082FDCCABCE6C6860B5F535AB57
:10A3D0008DB3E35F1DBF9FAAB30D5E5F2D5B0AAA1D
:10A3E000897CD75E56CB75A95D01505E0611E2A847
:10A3F0007C9DC75DA92D4FA836523E5DAB22BDA7FF
:10A40000DF20B45C73F12BA7CC0A295C689B9BA668
:10A4100053119D5BED210CA6CF35105B66867DA5A3
:10A420009A79825A31CAEFA412DEF359ACEE62A4D3
:10A430009764645933F5D6A38C0ED45820DF4BA310
:10A4400054DD4258C9ADC1A256D2B057836238A27A
:10A45000F9EE1D57A2FEAFA1A9348A56768328A132
:10A46000D2A4F5554CF2A1A0E2406055724C1CA05C
:10A470004A0ACA543193979F7D023354D0C7139F21
:10A48000EF2A9B5394EB909E17850253C1FF0E9EBB
:10A490006E12695296058E9D6ED4CE5153FE0D9D5F
:10A4A00094CC335133EB8E9C5EFC975070CD109C56
:10A4B0004D65FB4F40A6939BE3085E4FD976179BF3
:10A4C000A4E8BF4E6D409C9A1706214E2C04229A98
:10A4D000C462814D44C3A8993400E14CE07E3099B8
:10A4E000F3DF3F4C2838B9988F039E4B43F04298D6
:10A4F000976CFB4A55A8CD979D1C584A7E61599789
:10A500003315B449DF1CE696EE570F4994DB73967A
:10A5100064E66948B59E02962EC2C3475B67929572
:10A52000E6EC1C479B36239527687546870DB59446
:10A530008F35CD452FED4794BC5624459FD6DB93F0
:10A5400050CD7A44E4CA7093EC9AD04304CB06937E
:10A5500035C1254305D89D92D0417A42EBF2359220
:10A56000641ECE41B61CCF919A5821416356699121
:10A570001DF27340EDA0049197ECC53F4EFDA090F5
:10A58000B749173F7A6C3E902C0B683E66EFDC8F24
:10A59000A532B83D01877C8FD5C1073D3A341D8F68
:10A5A00070BA563CFBF7BE8E291EA53B2DD3618E9B
:10A5B000B7EEF23AB7C6058ED12D403A7BD3AA8DBD
:10A5C00032DD8C3959FA508D93FED838303CF88CF6
:10A5D000B0932438D999A08C469E6F372F144A8C9B
:10A5E0001320BA3605ACF48BD91A04362F62A08B2F
:10A5F00056904D357C374D8B4F829634BA2CFB8A62
:10A6000087F2DE33B442AA8AC2E22633307A5A8A0B
:10A61000C7546E32F5D30B8A5D4AB531C350BE893B
:10A620004DC5FB305AF1718960C7413077B6268934
:10A630006252872FD3A0DC881E68CC2E24B1938869
:10A64000620A112E20E84B88FB3A552D7746058883
:10A65000BAFB982CD7CCBF876F4EDC2BEC7B7B876B
:10A66000EB341F2B5E54388701B1612AD356F6862E
:10A6700084C4A329EE83B5864A71E5284EDC75862D
:10A6800028B9262892603786F49D67275211FA85EB
:10A690008521A82627EFBD85B545E825A4FA828542
:10A6A0005D0C28255C34498557776724DC9C108530
:10A6B0007E88A623B034D984AE41E52262FCA28410
:10A6C000C5A4232276F46D849FB36121701D3A8462
:10A6D0001C709F20CF7707841ADCDC1F1104D683FF
:10A6E0007BF9191FB0C2A5831ECA561E22B47683F9
:10A6F000E54F931DDBD84883B38CCF1C4E311C83B0
:10A700006A820B1CE8BDF082EF32471B137FC682C2
:10A7100025A0821A3A759D82F2CBBD19C0A0758220
:10A720003CB8F81808024F82E866331871992982FC
:10A73000DED96D17586705820513A816166CE281DD
:10A740004414E21501A8C08185DF1B156C1BA08194
:10A75000B1765514A9C68081B0DB8E1303AA62813D
:10A760006E10C812C6C54581D4160112391A2A8145
:10A77000CEF03911A0A70F8147A072103C6EF68071
:10A780002B27AB0F4C6EDE806587E30E0AA8C780CF
:10A79000E3C21B0EAF1BB28092DB530D70C99D80CC
:10A7A0005ED38B0C80B18A8035ACC30B0DD478801E
:10A7B0000568FB0A43316880BC08330A4CC95880DD
:10A7C00049906A094D9C4A809A00A20869AA3D8076
:10A7D0009E5BD907C1F3318044A3100772782780AC
:10A7E0007CD9470694381E8034007F05403416809B
:10A7F0005D19B604886B0F80E626ED037DDE0980C7
:10A80000BF2A24032E8D0580D7265B02A577028000
:10A810001F1D9201E99D0080880FC9000000008083
:10A8200000000000E99D008078F036FFA5770280E7
:10A83000E0E26DFE2E8D058028D9A4FD7DDE098025
:10A8400041D5DBFC886B0F8019D912FC403416808F
:10A85000A2E649FB94381E80CBFF80FA72782780ED
:10A860008326B8F9C1F33180BB5CEFF869AA3D805B
:10A8700061A426F84D9C4A8065FF5DF74CC958805D
:10A88000B66F95F64331688043F7CCF50DD47880E8
:10A89000FA9704F580B18A80CA533CF470C99D8050
:10A8A000A12C74F3AF1BB2806D24ACF20AA8C78050
:10A8B0001C3DE4F14C6EDE809A781CF13C6EF68013
:10A8C000D4D854F0A0A70F81B85F8DEF391A2A8130
:10A8D000310FC6EEC6C545812BE9FEED03AA6281A4
:10A8E00091EF37EDA9C680814F2471EC6C1BA081DC
:10A8F0004E89AAEB01A8C0817A20E4EA166CE281B5
:10A90000BBEB1DEA58670582FBEC57E97199298278
:10A91000212692E808024F821799CCE7C0A07582E1
:10A92000C34707E73A759D820D3442E6137FC6821E
:10A93000DA5F7DE5E8BDF08210CDB8E44E311C83CE
:10A94000957DF4E3DBD848834C7330E322B47683FF
:10A950001AB06CE2B0C2A583E135A9E11104D68337
:10A960008406E6E0CF770784E52323E0701D3A8470
:10A97000E38F60DF76F46D84604C9EDE62FCA2841F
:10A980003A5BDCDDB034D98451BE1ADDDC9C108525
:10A99000817759DC5C344985A88898DBA4FA8285E4
:10A9A000A2F3D7DA27EFBD854ABA17DA5211FA8532
:10A9B0007ADE57D9926037860C6298D84EDC75865D
:10A9C000D746D9D7EE83B586B58E1AD7D356F68635
:10A9D0007B3B5CD65E543887FE4E9ED5EC7B7B87F6
:10A9E00014CBE0D4D7CCBF8790B123D47746058869
:10A9F000450467D320E84B8804C5AAD224B19388C4
:10AA00009EF5EED1D3A0DC88E19733D177B62689C5
:10AA10009DAD78D05AF171899F38BECFC350BE89A1
:10AA2000B23A04CFF5D30B8AA2B54ACE307A5A8A0D
:10AA300038AB91CDB442AA8A3D1DD9CCBA2CFB8A41
:10AA4000780D21CC7C374D8BB07D69CB2F62A08BEC
:10AA5000A96FB2CA05ACF48B27E5FBC92F144A8C49
:10AA6000ECDF45C9D999A08CBA6190C8303CF88C0C
:10AA7000506CDBC759FA508D6C0127C77BD3AA8D68
:10AA8000CD2273C6B7C6058E2ED2BFC52DD3618E1B
:10AA900048110DC5FBF7BE8ED7E15AC43A341D8F5D
:10AAA0008F45A9C301877C8F2A3EF8C266EFDC8FF1
:10AAB0005ACD47C27A6C3E90D3F497C14EFDA09018
:10AAC00048B6E8C0EDA0049168133AC06356699196
:10AAD000E20D8CBFB61CCF9165A7DEBEEBF23592BE
:10AAE0009BE131BE05D89D922FBE85BD04CB069358
:10AAF000CA3EDABCE4CA709313652FBC9FD6DB93C1
:10AB0000AF3285BB2FED479443A9DBBA870DB594CF
:10AB100070CA32BA9B362395D8978AB95B679295EB
:10AB20001913E3B8B59E0296D13D3CB894DB7396F9
:10AB30009B1996B7DF1CE69611A8F0B67E6159976F
:10AB4000CCEA4BB655A8CD9762E3A7B543F042983F
:10AB5000689304B52838B99870FC61B4E07E3099E8
:10AB60000C20C0B344C3A899CBFF1EB32C04229A77
:10AB70003B9D7EB26D409C9AE8F9DEB1D976179B79
:10AB80005B1740B140A6939B1CF7A1B070CD109C01
:10AB9000B29A04B033EB8E9CA10368AF53FE0D9DB7
:10ABA0006B33CCAE96058E9D912B31AEC1FF0E9EC0
:10ABB00091ED96AD94EB909EE87AFDACD0C7139FD3
:10ABC00010D564AC3193979F82FDCCAB724C1CA026
:10ABD000B5F535AB4CF2A1A01DBF9FAA768328A185
:10ABE0002D5B0AAAA2FEAFA156CB75A9836238A23B
:10ABF0000611E2A8C9ADC1A2A92D4FA820DF4BA321
:10AC0000AB22BDA733F5D6A373F12BA7ACEE62A49C
:10AC1000689B9BA631CAEFA4ED210CA666867DA594
:10AC200066867DA5ED210CA631CAEFA4689B9BA684
:10AC3000ACEE62A473F12BA733F5D6A3AB22BDA76C
:10AC400020DF4BA3A92D4FA8C9ADC1A20611E2A8D0
:10AC5000836238A256CB75A9A2FEAFA12D5B0AAACA
:10AC6000768328A11DBF9FAA4CF2A1A0B5F535ABF4
:10AC7000724C1CA082FDCCAB3193979F10D564AC75
:10AC8000D0C7139FE87AFDAC94EB909E91ED96AD02
:10AC9000C1FF0E9E912B31AE96058E9D6B33CCAECF
:10ACA00053FE0D9DA10368AF33EB8E9CB29A04B0A6
:10ACB00070CD109C1CF7A1B040A6939B5B1740B1D0
:10ACC000D976179BE8F9DEB16D409C9A3B9D7EB228
:10ACD0002C04229ACBFF1EB344C3A8990C20C0B306
:10ACE000E07E309970FC61B42838B998689304B557
:10ACF00043F0429862E3A7B555A8CD97CCEA4BB68E
:10AD00007E61599711A8F0B6DF1CE6969B1996B79D
:10AD100094DB7396D13D3CB8B59E02961913E3B807
:10AD20005B679295D8978AB99B36239570CA32BAD9
:10AD3000870DB59443A9DBBA2FED4794AF3285BB9D
:10AD40009FD6DB9313652FBCE4CA7093CA3EDABC6E
:10AD500004CB06932FBE85BD05D89D929BE131BEE5
:10AD6000EBF2359265A7DEBEB61CCF91E20D8CBF2B
:10AD70006356699168133AC0EDA0049148B6E8C0E3
:10AD80004EFDA090D3F497C17A6C3E905ACD47C245
:10AD900066EFDC8F2A3EF8C201877C8F8F45A9C3FE
:10ADA0003A341D8FD7E15AC4FBF7BE8E48110DC54A
:10ADB0002DD3618E2ED2BFC5B7C6058ECD2273C6E8
:10ADC0007BD3AA8D6C0127C759FA508D506CDBC715
:10ADD000303CF88CBA6190C8D999A08CECDF45C999
:10ADE0002F144A8C27E5FBC905ACF48BA96FB2CAB6
:10ADF0002F62A08BB07D69CB7C374D8B780D21CC39
:10AE0000BA2CFB8A3D1DD9CCB442AA8A38AB91CD6D
:10AE1000307A5A8AA2B54ACEF5D30B8AB23A04CF19
:10AE2000C350BE899F38BECF5AF171899DAD78D08D
:10AE300077B62689E19733D1D3A0DC889EF5EED191
:10AE400024B1938804C5AAD220E84B88450467D36F
:10AE50007746058890B123D4D7CCBF8714CBE0D4F4
:10AE6000EC7B7B87FE4E9ED55E5438877B3B5CD661
:10AE7000D356F686B58E1AD7EE83B586D746D9D780
:10AE80004EDC75860C6298D8926037867ADE57D988
:10AE90005211FA854ABA17DA27EFBD85A2F3D7DA3D
:10AEA000A4FA8285A88898DB5C344985817759DCCF
:10AEB000DC9C108551BE1ADDB034D9843A5BDCDDF0
:10AEC00062FCA284604C9EDE76F46D84E38F60DFCA
:10AED000701D3A84E52323E0CF7707848406E6E0FB
:10AEE0001104D683E135A9E1B0C2A5831AB06CE2A2
:10AEF00022B476834C7330E3DBD84883957DF4E34A
:10AF00004E311C8310CDB8E4E8BDF082DA5F7DE5F8
:10AF1000137FC6820D3442E63A759D82C34707E728
:10AF2000C0A075821799CCE708024F82212692E8CB
:10AF300071992982FBEC57E958670582BBEB1DEA42
:10AF4000166CE2817A20E4EA01A8C0814E89AAEB5E
:10AF50006C1BA0814F2471ECA9C6808191EF37ED65
:10AF600003AA62812BE9FEEDC6C54581310FC6EE0D
:10AF7000391A2A81B85F8DEFA0A70F81D4D854F079
:10AF80003C6EF6809A781CF14C6EDE801C3DE4F13C
:10AF90000AA8C7806D24ACF2AF1BB280A12C74F359
:10AFA00070C99D80CA533CF480B18A80FA9704F539
:10AFB0000DD4788043F7CCF543316880B66F95F6B1
:10AFC0004CC9588065FF5DF74D9C4A8061A426F806
:10AFD00069AA3D80BB5CEFF8C1F331808326B8F9E4
:10AFE00072782780CBFF80FA94381E80A2E649FB56
:10AFF0004034168019D912FC886B0F8041D5DBFCD8
:10B000007DDE098028D9A4FD2E8D0580E0E26DFE4D
:10B01000A577028078F036FFE99D0080FFFFFF7F73
:10B020000000000085D8FF7FE38764001662FF7F81
:10B03000880FC900B29CFE7FB0962D015A88FD7F13
:10B040001F1D92010F25FC7F96A2F601D172FA7F97
:10B05000D7265B02A171F87FA4A9BF028221F67FE7
:10B06000BF2A24037382F37FE9A988037794F07FD2
:10B07000E626ED039057ED7F76A15104C0CBE97F22
:10B080005D19B60408F1E57F5C8E1A056BC7E17F98
:10B0900034007F05EC4EDD7FA96EE3058D87D87FF8
:10B0A0007CD947065271D37F6F40AC063E0CCE7FF1
:10B0B00044A310075358C87FBE0175079655C27F39
:10B0C0009E5BD9070A04BC7FA7B03D08B263B57F79
:10B0D0009A00A2089474AE7F3A4B0609B436A77F53
:10B0E00049906A0915AA9F7F89CFCE09BCCE977F68
:10B0F000BC08330AAFA48F7FA53B970AF32B877F49
:10B100000568FB0A8B647E7F9F8D5F0B7F4E757F8A
:10B1100035ACC30BD4E96B7F89C3270C8F36627FB4
:10B120005ED38B0CB634587F75DBEF0C50E44D7F4B
:10B1300092DB530D6345437F76D3B70DF557387FC8
:10B14000E3C21B0E0E1C2D7F9DA97F0EB491217FA3
:10B150006587E30EEEB8157FFE5B470FC391097F4D
:10B160002B27AB0F3C1CFD7EADE80E105F58F07E28
:10B1700047A072103546E37EBC4DD610C6E5D57E9D
:10B18000CEF039111A37C87E40899D11393ABA7EFE
:10B19000D41601122CEFAB7E4E996412FC559D7EA5
:10B1A0006E10C812B16E8E7EF97B2B1356397F7EDE
:10B1B000B0DB8E13F3B56F7E572FF21393E45F7EEF
:10B1C000B17655143EC54F7E7FB1B814FE573F7E11
:10B1D00085DF1B15DF9C2E7E86007F15E9931D7E83
:10B1E0004414E215293D0C7E831A4516A798FA7D72
:10B1F0000513A81670A6E87D8DFD0A178E66D67D0C
:10B20000DED96D170DD9C37DBBA7D017F7FDB07D73
:10B21000E86633185AD59D7D271796183F5F8A7DBB
:10B220003CB8F818B59B767DE9495B19C58A627D03
:10B23000F2CBBD197E2C4E7D1B3E201AEC80397D51
:10B2400025A0821A1A88247DD6F1E41A18420F7DAF
:10B25000EF32471BF0AEF97C3463A91BB1CEE37C1F
:10B260006A820B1C68A1CD7C53906D1C2427B77C8F
:10B27000B38CCF1CF15FA07C4D77311DDD4B897CF9
:10B28000E54F931DF8EA717C3F16F51D4F3D5A7C42
:10B290001ECA561EF242427C466BB81EEEFB297C4B
:10B2A0007BF9191F5368117C80747B1F3088F87BF1
:10B2B0001ADCDC1F945BDF7B0D303E208FE2C57B08
:10B2C0001C709F20311DAC7B0B9C0021890B927B55
:10B2D0009FB36121A8AD777B9CB6C2219D035D7BA6
:10B2E000C5A423227A0D427BDF7D84224FCB267BAF
:10B2F000AE41E5222C3D0B7BF7EF45232363EF7A2C
:10B300007E88A623453DD37A070B0724A3CBB67AC4
:10B31000577767244F0E9A7A32CDC7245B057D7A22
:10B320005D0C2825D8B05F7A9D348825D810427AE4
:10B33000B545E8256E25247A6C3F4826ADEE057AA2
:10B340008521A826A66CE779C6EB07276D9FC879EB
:10B35000F49D67271587A979D237C727B1238A7942
:10B3600028B9262854756A79B9218628117C4A792A
:10B370004A71E528FE372A79A2A744292CA9097920
:10B3800084C4A329B1CFE878B8C7022AA1ABC77893
:10B3900001B1612A103DA6782580C02A13848478E3
:10B3A000EB341F2BBF80627817CF7D2B283340787A
:10B3B0006F4EDC2B649B1D78B9B23A2C88B9FA77B2
:10B3C000BAFB982CAA8DD7773929F72CDF17B477D9
:10B3D000FB3A552D3D589077C730B32DDB4E6C7737
:10B3E000620A112ECEFB477792C76E2E2D5F237710
:10B3F0001E68CC2E0E79FE76CCEB292F8849D976A3
:10B400006252872FB3D0B376A69BE42FA50E8E761B
:10B4100060C741307603687655D59E303CAF4176A3
:10B420004DC5FB3011121B760D9758310A2CF4755F
:10B430005D4AB53142FDCC7503DF1132CF85A5756C
:10B44000C7546E32CAC57D756FABCA324BBD5575D8
:10B45000C2E226336C6C2D7588FA823345D30475AD
:10B4600087F2DE33EFF1DB7487CA3A3483C8B274F3
:10B470004F8296341B578974A719F234D19D5F749B
:10B4800056904D35BD9C357424E6A835FA530B749F
:10B49000D91A0436A3C3E0733B2E5F36D0EBB573E5
:10B4A0001320BA369ECC8A732AF0143726665F734F
:10B4B000469E6F3783B83373302ACA37D0C30773B9
:10B4C000B09324382888DB728EDA7E38A605AF72F6
:10B4D00093FED838663C827287FF3239842C5572CD
:10B4E00032DD8C391CD627725D97E6394839FA71FE
:10B4F000D12D403A2656CC7157A0993AD22C9E7144
:10B50000B7EEF23A68BD6F71BA184C3B040841714E
:10B51000291EA53BC50C1271CDFEFD3BC6CBE270CA
:10B5200070BA563C2445B370DA50AF3CFE78837055
:10B53000D5C1073D716753702B0D603D9910237085
:10B54000A532B83D9674F26F0D32103E8593C16FEF
:10B550002C0B683E846D906FCCBDBF3EB1025F6F17
:10B56000B749173F2C532D6FB8AE6E3F125FFB6E7D
:10B5700097ECC53F8226C96E20031D409CA9966E9C
:10B580001DF273407FE8636E57B9CA4049E3306EDD
:10B590009A5821411B9AFD6DB0CF7741140DCA6DA9
:10B5A000641ECE41543C966D80442442FA27626D5D
:10B5B000D0417A4227D02D6D1E16D042FB34F96C53
:10B5C00035C125439756C46CE1427B431C358F6CD3
:10B5D000EC9AD043A9D0596C23C925446029246C26
:10B5E00050CD7A44623FEE6B3FA7CF44D012B86B88
:10B5F000BC562445CDA3816B93DB784578F24A6B2A
:10B600008F35CD45F5FE136B7C64214664C9DC6A39
:10B6100027687546E851A56A5C40C946A4986D6ADA
:10B62000E6EC1C47B99D356A936D70474A61FD6928
:10B630002EC2C3477AE3C46985EA16486C248C6934
:10B6400064E669484224536998B5BC4820E3196907
:10B65000EE570F492961E06832CD6149819EA668A5
:10B660003315B4494B9B6C68BD2F064AAA57326804
:10B670009D1C584AC4D3F767A1DBA94ABC0FBD671C
:10B68000976CFB4AB60B82674DCF4C4BD7C74667CA
:10B690008F039E4B43440B672D09EF4B1F81CF66F1
:10B6A000F3DF3F4C907E9366B187904CBB3C57666E
:10B6B0003400E14CC5BB1A664B49314DD3FBDD6507
:10B6C000C462814D0BFDA0656E4CD14D92BF636588
:10B6D0001706214E8E4326658F8F704E2689E864AB
:10B6E000A4E8BF4E7F90AA6426110F4FBF596C6427
:10B6F000E3085E4F0DE52D64ABCFAC4F8F32EF63A7
:10B700004D65FB4F6D42B06399C94950CC147163CC
:10B710005EFC9750D4A931636CFDE550AC01F26238
:10B7200094CC33517B1CB262A469815169FA716275
:10B730006ED4CE519D9B3162C10C1C523E00F16112
:10B740006E1269527628B06145E5B5526B146F618F
:10B750001785025346C42D61B5F14E533038EC6065
:10B76000EF2A9B534F70AA609730E753CE6C686006
:10B770007D023354D52D266073A07E548DB3E35FD4
:10B780004A0ACA541EFEA05FD43F1555B30D5E5F32
:10B79000E240605573E21A5F460DAB55897CD75E77
:10B7A000D2A4F5551FDC935E570740565D01505EED
:10B7B000A9348A566EEC0B5E992CD4567C9DC75DDD
:10B7C000F9EE1D57B014835D9D7B675736523E5D81
:10B7D00056D2B0573856F95CF7F2F957DF20B45C0F
:10B7E00054DD425858B26E5C3F918B58CC0A295CAC
:10B7F0008C0ED458672AE35B0E551C5953119D5B80
:10B8000097646459BDBF565BFD3CAC59CF35105BA6
:10B8100012DEF359B473C95AAA473B5A9A79825A2D
:10B820009A79825AAA473B5AB473C95A12DEF3591D
:10B83000CF35105BFD3CAC59BDBF565B9764645976
:10B8400053119D5B0E551C59672AE35B8C0ED4582F
:10B85000CC0A295C3F918B5858B26E5C54DD42583B
:10B86000DF20B45CF7F2F9573856F95C56D2B0577E
:10B8700036523E5D9D7B6757B014835DF9EE1D57D0
:10B880007C9DC75D992CD4566EEC0B5EA9348A560C
:10B890005D01505E570740561FDC935ED2A4F555FC
:10B8A000897CD75E460DAB5573E21A5FE240605566
:10B8B000B30D5E5FD43F15551EFEA05F4A0ACA5401
:10B8C0008DB3E35F73A07E54D52D26607D02335483
:10B8D000CE6C68609730E7534F70AA60EF2A9B5395
:10B8E0003038EC60B5F14E5346C42D6117850253D4
:10B8F0006B146F6145E5B5527628B0616E126952DE
:10B900003E00F161C10C1C529D9B31626ED4CE5140
:10B9100069FA7162A46981517B1CB26294CC335183
:10B92000AC01F2626CFDE550D4A931635EFC975026
:10B93000CC14716399C949506D42B0634D65FB4F9A
:10B940008F32EF63ABCFAC4F0DE52D64E3085E4F54
:10B95000BF596C6426110F4F7F90AA64A4E8BF4EB4
:10B960002689E8648F8F704E8E4326651706214E18
:10B9700092BF63656E4CD14D0BFDA065C462814DD5
:10B98000D3FBDD654B49314DC5BB1A663400E14C34
:10B99000BB3C5766B187904C907E9366F3DF3F4C7B
:10B9A0001F81CF662D09EF4B43440B678F039E4BDE
:10B9B000D7C746674DCF4C4BB60B8267976CFB4A97
:10B9C000BC0FBD67A1DBA94AC4D3F7679D1C584AC9
:10B9D000AA573268BD2F064A4B9B6C683315B44991
:10B9E000819EA66832CD61492961E068EE570F4912
:10B9F00020E3196998B5BC484224536964E6694854
:10BA00006C248C6985EA16487AE3C4692EC2C34760
:10BA10004A61FD69936D7047B99D356AE6EC1C4734
:10BA2000A4986D6A5C40C946E851A56A27687546C6
:10BA300064C9DC6A7C642146F5FE136B8F35CD4505
:10BA400078F24A6B93DB7845CDA3816BBC562445D5
:10BA5000D012B86B3FA7CF44623FEE6B50CD7A4413
:10BA60006029246C23C92544A9D0596CEC9AD04391
:10BA70001C358F6CE1427B439756C46C35C125431E
:10BA8000FB34F96C1E16D04227D02D6DD0417A427E
:10BA9000FA27626D80442442543C966D641ECE4168
:10BAA000140DCA6DB0CF77411B9AFD6D9A58214194
:10BAB00049E3306E57B9CA407FE8636E1DF27340A8
:10BAC0009CA9966E20031D408226C96E97ECC53F47
:10BAD000125FFB6EB8AE6E3F2C532D6FB749173F08
:10BAE000B1025F6FCCBDBF3E846D906F2C0B683E82
:10BAF0008593C16F0D32103E9674F26FA532B83D3A
:10BB0000991023702B0D603D71675370D5C1073DAF
:10BB1000FE788370DA50AF3C2445B37070BA563C5F
:10BB2000C6CBE270CDFEFD3BC50C1271291EA53BB4
:10BB300004084171BA184C3B68BD6F71B7EEF23A18
:10BB4000D22C9E7157A0993A2656CC71D12D403AED
:10BB50004839FA715D97E6391CD6277232DD8C3987
:10BB6000842C557287FF3239663C827293FED83836
:10BB7000A605AF728EDA7E382888DB72B09324383F
:10BB8000D0C30773302ACA3783B83373469E6F37E2
:10BB900026665F732AF014379ECC8A731320BA3658
:10BBA000D0EBB5733B2E5F36A3C3E073D91A0436CE
:10BBB000FA530B7424E6A835BD9C357456904D3568
:10BBC000D19D5F74A719F2341B5789744F82963444
:10BBD00083C8B27487CA3A34EFF1DB7487F2DE337C
:10BBE00045D3047588FA82336C6C2D75C2E2263316
:10BBF0004BBD55756FABCA32CAC57D75C7546E3221
:10BC0000CF85A57503DF113242FDCC755D4AB53194
:10BC10000A2CF4750D97583111121B764DC5FB3067
:10BC20003CAF417655D59E307603687660C741308B
:10BC3000A50E8E76A69BE42FB3D0B3766252872FE3
:10BC40008849D976CCEB292F0E79FE761E68CC2E4A
:10BC50002D5F237792C76E2ECEFB4777620A112E97
:10BC6000DB4E6C77C730B32D3D589077FB3A552D9E
:10BC7000DF17B4773929F72CAA8DD777BAFB982C20
:10BC800088B9FA77B9B23A2C649B1D786F4EDC2BD9
:10BC90002833407817CF7D2BBF806278EB341F2B81
:10BCA000138484782580C02A103DA67801B1612ACA
:10BCB000A1ABC778B8C7022AB1CFE87884C4A3295A
:10BCC0002CA90979A2A74429FE372A794A71E528C7
:10BCD000117C4A79B921862854756A7928B92628B1
:10BCE000B1238A79D237C7271587A979F49D6727A9
:10BCF0006D9FC879C6EB0727A66CE7798521A82632
:10BD0000ADEE057A6C3F48266E25247AB545E825C8
:10BD1000D810427A9D348825D8B05F7A5D0C2825EA
:10BD20005B057D7A32CDC7244F0E9A7A5777672408
:10BD3000A3CBB67A070B0724453DD37A7E88A6238A
:10BD40002363EF7AF7EF45232C3D0B7BAE41E522D1
:10BD50004FCB267BDF7D84227A0D427BC5A4232234
:10BD60009D035D7B9CB6C221A8AD777B9FB361210B
:10BD7000890B927B0B9C0021311DAC7B1C709F209A
:10BD80008FE2C57B0D303E20945BDF7B1ADCDC1F2D
:10BD90003088F87B80747B1F5368117C7BF9191FF6
:10BDA000EEFB297C466BB81EF242427C1ECA561E30
:10BDB0004F3D5A7C3F16F51DF8EA717CE54F931D07
:10BDC000DD4B897C4D77311DF15FA07CB38CCF1C9E
:10BDD0002427B77C53906D1C68A1CD7C6A820B1C14
:10BDE000B1CEE37C3463A91BF0AEF97CEF32471B84
:10BDF00018420F7DD6F1E41A1A88247D25A0821AF4
:10BE0000EC80397D1B3E201A7E2C4E7DF2CBBD1975
:10BE1000C58A627DE9495B19B59B767D3CB8F81807
:10BE20003F5F8A7D271796185AD59D7DE86633189F
:10BE3000F7FDB07DBBA7D0170DD9C37DDED96D1737
:10BE40008E66D67D8DFD0A1770A6E87D0513A816AF
:10BE5000A798FA7D831A4516293D0C7E4414E215F5
:10BE6000E9931D7E86007F15DF9C2E7E85DF1B15E6
:10BE7000FE573F7E7FB1B8143EC54F7EB176551454
:10BE800093E45F7E572FF213F3B56F7EB0DB8E1312
:10BE900056397F7EF97B2B13B16E8E7E6E10C812E1
:10BEA000FC559D7E4E9964122CEFAB7ED416011288
:10BEB000393ABA7E40899D111A37C87ECEF03911C1
:10BEC000C6E5D57EBC4DD6103546E37E47A0721040
:10BED0005F58F07EADE80E103C1CFD7E2B27AB0FAB
:10BEE000C391097FFE5B470FEEB8157F6587E30EB0
:10BEF000B491217F9DA97F0E0E1C2D7FE3C21B0EE6
:10BF0000F557387F76D3B70D6345437F92DB530DEA
:10BF100050E44D7F75DBEF0CB634587F5ED38B0C4D
:10BF20008F36627F89C3270CD4E96B7F35ACC30B96
:10BF30007F4E757F9F8D5F0B8B647E7F0568FB0A4C
:10BF4000F32B877FA53B970AAFA48F7FBC08330AEA
:10BF5000BCCE977F89CFCE0915AA9F7F49906A09E9
:10BF6000B436A77F3A4B06099474AE7F9A00A208B4
:10BF7000B263B57FA7B03D080A04BC7F9E5BD907BA
:10BF80009655C27FBE0175075358C87F44A310075A
:10BF90003E0CCE7F6F40AC065271D37F7CD94706F2
:10BFA0008D87D87FA96EE305EC4EDD7F34007F05D9
:10BFB0006BC7E17F5C8E1A0508F1E57F5D19B60459
:10BFC000C0CBE97F76A151049057ED7FE626ED03C3
:10BFD0007794F07FE9A988037382F37FBF2A240353
:10BFE0008221F67FA4A9BF02A171F87FD7265B0248
:10BFF000D172FA7F96A2F6010F25FC7F1F1D9201D8
:10C000005A88FD7FB0962D01B29CFE7F880FC90033
:10C010001662FF7FE387640085D8FF7F0000000081
:10C02000FFFFFF7F1D789BFF85D8FF7F78F036FFED
:10C030001662FF7F4F69D2FEB29CFE7FE0E26DFE8A
:10C040005A88FD7F695D09FE0F25FC7F28D9A4FD74
:10C05000D172FA7F5B5640FDA171F87F41D5DBFCC0
:10C060008221F67F165677FC7382F37F19D912FC72
:10C070007794F07F895EAEFB9057ED7FA2E649FB97
:10C08000C0CBE97FA471E5FA08F1E57FCBFF80FA28
:10C090006BC7E17F56911CFAEC4EDD7F8326B8F921
:10C0A0008D87D87F90BF53F95271D37FBB5CEFF877
:10C0B0003E0CCE7F41FE8AF85358C87F61A426F813
:10C0C0009655C27F584FC2F70A04BC7F65FF5DF7E3
:10C0D000B263B57FC5B4F9F69474AE7FB66F95F6CA
:10C0E000B436A77F763031F615AA9F7F43F7CCF59B
:10C0F000BCCE977F5AC468F5AFA48F7FFA9704F53A
:10C10000F32B877F6072A0F48B647E7FCA533CF46C
:10C110007F4E757F763CD8F3D4E96B7FA12C74F306
:10C120008F36627F8A2410F3B634587F6D24ACF2C8
:10C1300050E44D7F892C48F26345437F1C3DE4F178
:10C14000F557387F625680F10E1C2D7F9A781CF1CE
:10C15000B491217F01A4B8F0EEB8157FD4D854F083
:10C16000C391097F5217F1EF3C1CFD7EB85F8DEF44
:10C170005F58F07E43B229EF3546E37E310FC6EEBD
:10C18000C6E5D57EBF7662EE1A37C87E2BE9FEED96
:10C19000393ABA7EB2669BED2CEFAB7E91EF37ED6C
:10C1A000FC559D7E0684D4ECB16E8E7E4F2471ECDE
:10C1B00056397F7EA8D00DECF3B56F7E4E89AAEB81
:10C1C00093E45F7E804E47EB3EC54F7E7A20E4EAE3
:10C1D000FE573F7E79FF80EADF9C2E7EBBEB1DEA97
:10C1E000E9931D7E7CE5BAE9293D0C7EFBEC57E91D
:10C1F000A798FA7D7302F5E870A6E87D212692E8FB
:10C200008E66D67D44582FE80DD9C37D1799CCE7AB
:10C21000F7FDB07DD8E869E75AD59D7DC34707E7AC
:10C220003F5F8A7D16B6A4E6B59B767D0D3442E667
:10C23000C58A627DE4C1DFE57E2C4E7DDA5F7DE557
:10C24000EC80397D2A0E1BE51A88247D10CDB8E4D8
:10C2500018420F7DCB9C56E4F0AEF97C957DF4E35B
:10C26000B1CEE37CAC6F92E368A1CD7C4C7330E33C
:10C270002427B77CB288CEE2F15FA07C1AB06CE2D2
:10C28000DD4B897CC1E90AE2F8EA717CE135A9E17C
:10C290004F3D5A7CB99447E1F242427C8406E6E085
:10C2A000EEFB297C7F8B84E05368117CE52323E03F
:10C2B0003088F87BF2CFC1DF945BDF7BE38F60DFF8
:10C2C0008FE2C57BF463FFDE311DAC7B604C9EDEEC
:10C2D000890B927B63493DDEA8AD777B3A5BDCDD61
:10C2E0009D035D7B20827BDD7A0D427B51BE1ADD92
:10C2F0004FCB267B0810BADC2C3D0B7B817759DCB9
:10C300002363EF7AF8F4F8DB453DD37AA88898DB0D
:10C31000A3CBB67ACD3238DB4F0E9A7AA2F3D7DAB6
:10C320005B057D7A62CB77DAD8B05F7A4ABA17DAE2
:10C33000D810427A93C0B7D96E25247A7ADE57D9BD
:10C34000ADEE057A3914F8D8A66CE7790C6298D866
:10C350006D9FC8792DC838D81587A979D746D9D700
:10C36000B1238A7946DE79D754756A79B58E1AD7A2
:10C37000117C4A795D58BBD6FE372A797B3B5CD667
:10C380002CA909794738FDD5B1CFE878FE4E9ED566
:10C39000A1ABC778DA7F3FD5103DA67814CBE0D4A7
:10C3A00013848478E83082D4BF80627890B123D43B
:10C3B00028334078464DC5D3649B1D78450467D328
:10C3C00088B9FA77C6D608D3AA8DD77704C5AAD27A
:10C3D000DF17B47738CF4CD23D5890779EF5EED129
:10C3E000DB4E6C776D3891D1CEFB4777E19733D137
:10C3F0002D5F23773314D6D00E79FE769DAD78D09D
:10C400008849D97659641BD0B3D0B3769F38BECF54
:10C41000A50E8E76AA2A61CF76036876B23A04CF4B
:10C420003CAF4176F268A7CE11121B76A2B54ACE78
:10C430000A2CF475FC20EECD42FDCC7538AB91CDC5
:10C44000CF85A575905435CDCAC57D753D1DD9CC18
:10C450004BBD557577057DCC6C6C2D75780D21CC59
:10C4600045D304757835C5CBEFF1DB74B07D69CB6E
:10C4700083C8B27458E60DCB1B578974A96FB2CA32
:10C48000D19D5F74DB1957CABD9C357427E5FBC984
:10C49000FA530B74C4D1A0C9A3C3E073ECDF45C940
:10C4A000D0EBB573D60FEBC89ECC8A73BA6190C837
:10C4B00026665F73D0D535C883B83373506CDBC73D
:10C4C000D0C30773712581C72888DB726C0127C729
:10C4D000A605AF727900CDC6663C8272CD2273C6C6
:10C4E000842C5572A26819C61CD627722ED2BFC5DD
:10C4F0004839FA71A85F66C52656CC7148110DC53A
:10C50000D22C9E7146E7B3C468BD6F71D7E15AC49F
:10C5100004084171320102C4C50C12718F45A9C3D0
:10C52000C6CBE27025AF50C32445B3702A3EF8C293
:10C53000FE788370D4F29FC2716753705ACD47C2A0
:10C5400099102370F2CDEFC19674F26FD3F497C1B6
:10C550008593C16F334240C1846D906F48B6E8C087
:10C56000B1025F6F475191C02C532D6F68133AC0D1
:10C57000125FFB6EDFFCE2BF8226C96EE20D8CBF4C
:10C580009CA9966EA84635BF7FE8636E65A7DEBEA0
:10C5900049E3306E4F3088BE1B9AFD6D9BE131BE82
:10C5A000140DCA6D7FBBDBBD543C966D2FBE85BD9F
:10C5B000FA27626DE1E92FBD27D02D6DCA3EDABCA6
:10C5C000FB34F96C1EBD84BC9756C46C13652FBC3C
:10C5D0001C358F6CDC36DABBA9D0596CAF3285BB09
:10C5E0006029246CC05830BB623FEE6B43A9DBBAB4
:10C5F000D012B86B6C2487BACDA3816B70CA32BAE3
:10C6000078F24A6B839BDEB9F5FE136BD8978AB933
:10C6100064C9DC6AA3BF36B9E851A56A1913E3B847
:10C62000A4986D6A6C928FB8B99D356AD13D3CB8BB
:10C630004A61FD697A15E9B77AE3C4699B1996B72F
:10C640006C248C69674A43B74224536911A8F0B639
:10C6500020E31969CD329EB62961E068CCEA4BB679
:10C66000819EA66842D0F9B54B9B6C6862E3A7B582
:10C67000AA5732685E2456B5C4D3F767689304B5E9
:10C68000BC0FBD67B230B3B4B60B826770FC61B447
:10C69000D7C74667D2F610B443440B670C20C0B32B
:10C6A0001F81CF664E786FB3907E9366CBFF1EB32B
:10C6B000BB3C5766B5B6CEB2C5BB1A663B9D7EB2D3
:10C6C000D3FBDD6592B32EB20BFDA065E8F9DEB1B8
:10C6D00092BF636570708FB18E4326655B1740B162
:10C6E0002689E864DAEEF0B07F90AA641CF7A1B066
:10C6F000BF596C64553053B00DE52D64B29A04B047
:10C700008F32EF636736B6AF6D42B063A10368AF97
:10C71000CC14716393021AAFD4A931636B33CCAEDE
:10C72000AC01F2625B967EAE7B1CB262912B31AEA5
:10C7300069FA71623EF3E3AD9D9B316291ED96AD76
:10C740003E00F161BA1A4AAD7628B061E87AFDACD4
:10C750006B146F614A0EB1AC46C42D6110D564AC48
:10C760003038EC6068CF18AC4F70AA6082FDCCAB5B
:10C77000CE6C68608C5F81ABD52D2660B5F535AB8E
:10C780008DB3E35F2BC0EAAA1EFEA05F1DBF9FAA68
:10C79000B30D5E5FB9F254AA73E21A5F2D5B0AAA69
:10C7A000897CD75EA8F8BFA91FDC935E56CB75A91C
:10C7B0005D01505E66D32BA96EEC0B5E0611E2A8FC
:10C7C0007C9DC75D638498A8B014835DA92D4FA894
:10C7D00036523E5D080D06A83856F95CAB22BDA75F
:10C7E000DF20B45CC06E74A758B26E5C73F12BA7E7
:10C7F000CC0A295CF2AAE3A6672AE35B689B9BA6A6
:10C8000053119D5B02C353A6BDBF565BED210CA621
:10C81000CF35105B55B8C4A5B473C95A66867DA5DB
:10C820009A79825A4B8C36A5AA473B5A31CAEFA453
:10C8300012DEF3594240A9A4FD3CAC59ACEE62A40F
:10C840009764645998D51CA40E551C5933F5D6A38A
:10C850008C0ED458A74D91A33F918B5820DF4BA34A
:10C8600054DD4258C7A906A3F7F2F957C9ADC1A2D2
:10C8700056D2B0574FEB7CA29D7B6757836238A29C
:10C88000F9EE1D579113F4A1992CD456A2FEAFA135
:10C89000A9348A56E1236CA157074056768328A114
:10C8A000D2A4F5558C1DE5A0460DAB554CF2A1A0C8
:10C8B000E2406055E1015FA0D43F1555724C1CA0C9
:10C8C0004A0ACA542AD2D99F73A07E543193979FA3
:10C8D0007D023354B08F559F9730E753D0C7139FD5
:10C8E000EF2A9B53B93BD29EB5F14E5394EB909EE9
:10C8F0001785025389D74F9E45E5B552C1FF0E9E5D
:10C900006E1269526264CE9DC10C1C5296058E9DBA
:10C910006ED4CE5184E34D9DA469815153FE0D9D8B
:10C9200094CC33512B56CE9C6CFDE55033EB8E9C52
:10C930005EFC975092BD4F9C99C9495070CD109C98
:10C940004D65FB4FF21AD29BABCFAC4F40A6939BE9
:10C95000E3085E4F806F559B26110F4FD976179BCA
:10C96000A4E8BF4E71BCD99A8F8F704E6D409C9ACF
:10C970001706214EF5025F9A6E4CD14D2C04229A77
:10C98000C462814D3A44E5994B49314D44C3A8995D
:10C990003400E14C6F816C99B187904CE07E309906
:10C9A000F3DF3F4CBCBBF4982D09EF4B2838B99806
:10C9B0008F039E4B49F47D984DCF4C4B43F04298EA
:10C9C000976CFB4A3B2C0898A1DBA94A55A8CD9748
:10C9D0009D1C584AB5649397BD2F064A7E615997AE
:10C9E0003315B449D69E1F9732CD6149DF1CE696B8
:10C9F000EE570F49BDDBAC9698B5BC4894DB7396F7
:10CA000064E66948851C3B9685EA1648B59E029601
:10CA10002EC2C3474662CA95936D70475B67929575
:10CA2000E6EC1C4717AE5A955C40C9469B362395E9
:10CA3000276875460B01EC947C642146870DB594FC
:10CA40008F35CD45325C7E9493DB78452FED47944E
:10CA5000BC5624459DC011943FA7CF449FD6DB937D
:10CA600050CD7A44562FA69323C92544E4CA709327
:10CA7000EC9AD04368A93B93E1427B4304CB0693F5
:10CA800035C12543D82FD2921E16D04205D89D928B
:10CA9000D0417A42ACC3699280442442EBF2359291
:10CAA000641ECE41E4650292B0CF7741B61CCF91AF
:10CAB0009A58214180179C9157B9CA406356699191
:10CAC0001DF273407DD9369120031D40EDA00491E5
:10CAD00097ECC53FD3ACD290B8AE6E3F4EFDA09060
:10CAE000B749173F7B926F90CCBDBF3E7A6C3E90AA
:10CAF0002C0B683E698B0D900D32103E66EFDC8F7B
:10CB0000A532B83D8E98AC8F2B0D603D01877C8F90
:10CB1000D5C1073DDBBA4C8FDA50AF3C3A341D8F9C
:10CB200070BA563C3BF3ED8ECDFEFD3BFBF7BE8E5F
:10CB3000291EA53B9842908EBA184C3B2DD3618E8E
:10CB4000B7EEF23AD9A9338E57A0993AB7C6058EF7
:10CB5000D12D403AE429D88D5D97E6397BD3AA8D53
:10CB600032DD8C3999C37D8D87FF323959FA508D6A
:10CB700093FED838D877248D8EDA7E38303CF88C06
:10CB8000B09324387D47CC8C302ACA37D999A08CF1
:10CB9000469E6F376133758C2AF014372F144A8CF8
:10CBA0001320BA365C3C1F8C3B2E5F3605ACF48BF1
:10CBB000D91A04364263CA8B24E6A8352F62A08BAB
:10CBC00056904D35E4A8768BA719F2347C374D8BFF
:10CBD0004F829634100E248B87CA3A34BA2CFB8AC3
:10CBE00087F2DE339393D28A88FA8233B442AA8AD8
:10CBF000C2E22633353A828A6FABCA32307A5A8A19
:10CC0000C7546E32BD02338A03DF1132F5D30B8A6B
:10CC10005D4AB531EEEDE4890D975831C350BE89B8
:10CC20004DC5FB3089FC978955D59E305AF17189E5
:10CC300060C741304C2F4C89A69BE42F77B62689DC
:10CC40006252872FF1860189CCEB292FD3A0DC8893
:10CC50001E68CC2E3104B88892C76E2E24B19388FA
:10CC6000620A112EC2A76F88C730B32D20E84B8807
:10CC7000FB3A552D557228883929F72C77460588B7
:10CC8000BAFB982C9B64E287B9B23A2CD7CCBF8709
:10CC90006F4EDC2B407F9D8717CF7D2BEC7B7B87F6
:10CCA000EB341F2BEFC259872580C02A5E5438878A
:10CCB00001B1612A4E301787B8C7022AD356F686CB
:10CCC00084C4A32902C8D586A2A74429EE83B586C9
:10CCD0004A71E528AB8A9586B92186284EDC75868F
:10CCE00028B92628EA785686D237C7279260378631
:10CCF000F49D672759931886C6EB07275211FA85CA
:10CD00008521A82691DADB856C3F482627EFBD8573
:10CD1000B545E825284FA0859D348825A4FA82854D
:10CD20005D0C2825B0F1658532CDC7245C3449857A
:10CD300057776724BAC22C85070B0724DC9C108523
:10CD40007E88A623D3C2F484F7EF4523B034D98478
:10CD5000AE41E52285F2BD84DF7D842262FCA2849F
:10CD6000C5A42322575288849CB6C22176F46D84D0
:10CD70009FB36121CEE253840B9C0021701D3A8445
:10CD80001C709F206BA420840D303E20CF77078439
:10CD90001ADCDC1FAC97EE8380747B1F1104D683F2
:10CDA0007BF9191F0DBDBD83466BB81EB0C2A583AC
:10CDB0001ECA561E07158E833F16F51D22B47683B4
:10CDC000E54F931D0EA05F834D77311DDBD848835F
:10CDD000B38CCF1C975E328353906D1C4E311C83F5
:10CDE0006A820B1C0F5106833463A91BE8BDF082D5
:10CDF000EF32471BE577DB82D6F1E41A137FC68258
:10CE000025A0821A81D3B1821B3E201A3A759D82D9
:10CE1000F2CBBD194A648982E9495B19C0A07582C9
:10CE20003CB8F818A52A62822717961808024F8284
:10CE3000E8663318F2263C82BBA7D0177199298285
:10CE4000DED96D178F5917828DFD0A175867058235
:10CE50000513A816D7C2F381831A4516166CE28112
:10CE60004414E2152063D18186007F1501A8C0819A
:10CE700085DF1B15C13AB0817FB1B8146C1BA0814E
:10CE8000B17655140C4A9081572FF213A9C68081B0
:10CE9000B0DB8E134E917181F97B2B1303AA628153
:10CEA0006E10C812D31054814E996412C6C54581C4
:10CEB000D4160112E6C8378140899D11391A2A819A
:10CEC000CEF03911CAB91C81BC4DD610A0A70F8174
:10CED00047A07210C3E30281ADE80E103C6EF680ED
:10CEE0002B27AB0F1247EA80FE5B470F4C6EDE80AC
:10CEF0006587E30EF1E3D2809DA97F0E0AA8C78063
:10CF0000E3C21B0E9CBABC8076D3B70DAF1BB280B8
:10CF100092DB530D49CBA78075DBEF0C70C99D8068
:10CF20005ED38B0C2B16948089C3270C80B18A802A
:10CF300035ACC30B749B81809F8D5F0B0DD47880C3
:10CF40000568FB0A505B7080A53B970A43316880F7
:10CF5000BC08330AEA55608089CFCE094CC9588095
:10CF600049906A096B8B51803A4B06094D9C4A8067
:10CF70009A00A208F6FB4380A7B03D0869AA3D804D
:10CF80009E5BD907ACA73780BE017507C1F331801E
:10CF900044A31007AD8E2C806F40AC0672782780BA
:10CFA0007CD9470613B12280A96EE30594381E8010
:10CFB00034007F05F70E1A805C8E1A054034168007
:10CFC0005D19B6046FA8128076A15104886B0F809A
:10CFD000E626ED038C7D0C80E9A988037DDE0980BF
:10CFE000BF2A24035E8E0780A4A9BF022E8D058070
:10CFF000D7265B02F0DA038096A2F601A5770280BD
:10D000001F1D92014D630180B0962D01E99D0080A6
:10D01000880FC9007A270080E38764000000008041
:10D02000000000007A2700801D789BFFE99D0080AA
:10D0300078F036FF4D6301804F69D2FEA5770280FC
:10D04000E0E26DFEF0DA0380695D09FE2E8D058059
:10D0500028D9A4FD5E8E07805B5640FD7DDE0980E9
:10D0600041D5DBFC8C7D0C80165677FC886B0F80DD
:10D0700019D912FC6FA81280895EAEFB403416806D
:10D08000A2E649FBF70E1A80A471E5FA94381E80D7
:10D09000CBFF80FA13B1228056911CFA7278278058
:10D0A0008326B8F9AD8E2C8090BF53F9C1F331803F
:10D0B000BB5CEFF8ACA7378041FE8AF869AA3D80D7
:10D0C00061A426F8F6FB4380584FC2F74D9C4A8076
:10D0D00065FF5DF76B8B5180C5B4F9F64CC958807C
:10D0E000B66F95F6EA556080763031F64331688048
:10D0F00043F7CCF5505B70805AC468F50DD4788046
:10D10000FA9704F5749B81806072A0F480B18A80E4
:10D11000CA533CF42B169480763CD8F370C99D809A
:10D12000A12C74F349CBA7808A2410F3AF1BB280E3
:10D130006D24ACF29CBABC80892C48F20AA8C78046
:10D140001C3DE4F1F1E3D280625680F14C6EDE804A
:10D150009A781CF11247EA8001A4B8F03C6EF68080
:10D16000D4D854F0C3E302815217F1EFA0A70F8186
:10D17000B85F8DEFCAB91C8143B229EF391A2A81F1
:10D18000310FC6EEE6C83781BF7662EEC6C545816F
:10D190002BE9FEEDD3105481B2669BED03AA6281A8
:10D1A00091EF37ED4E9171810684D4ECA9C6808150
:10D1B0004F2471EC0C4A9081A8D00DEC6C1BA0811F
:10D1C0004E89AAEBC13AB081804E47EB01A8C081DD
:10D1D0007A20E4EA2063D18179FF80EA166CE2814B
:10D1E000BBEB1DEAD7C2F3817CE5BAE9586705823B
:10D1F000FBEC57E98F5917827302F5E87199298280
:10D20000212692E8F2263C8244582FE808024F82F9
:10D210001799CCE7A52A6282D8E869E7C0A0758291
:10D22000C34707E74A64898216B6A4E63A759D8229
:10D230000D3442E681D3B182E4C1DFE5137FC682BB
:10D24000DA5F7DE5E577DB822A0E1BE5E8BDF0823B
:10D2500010CDB8E40F510683CB9C56E44E311C83AD
:10D26000957DF4E3975E3283AC6F92E3DBD848831D
:10D270004C7330E30EA05F83B288CEE222B4768393
:10D280001AB06CE207158E83C1E90AE2B0C2A58329
:10D29000E135A9E10DBDBD83B99447E11104D68301
:10D2A0008406E6E0AC97EE837F8B84E0CF7707843B
:10D2B000E52323E06BA42084F2CFC1DF701D3A8404
:10D2C000E38F60DFCEE25384F463FFDE76F46D8497
:10D2D000604C9EDE5752888463493DDE62FCA28426
:10D2E0003A5BDCDD85F2BD8420827BDDB034D984FD
:10D2F00051BE1ADDD3C2F4840810BADCDC9C108560
:10D30000817759DCBAC22C85F8F4F8DB5C344985A6
:10D31000A88898DBB0F16585CD3238DBA4FA828528
:10D32000A2F3D7DA284FA08562CB77DA27EFBD8545
:10D330004ABA17DA91DADB8593C0B7D95211FA8568
:10D340007ADE57D9599318863914F8D892603786FF
:10D350000C6298D8EA7856862DC838D84EDC758687
:10D36000D746D9D7AB8A958646DE79D7EE83B58680
:10D37000B58E1AD702C8D5865D58BBD6D356F68669
:10D380007B3B5CD64E3017874738FDD55E543887D7
:10D39000FE4E9ED5EFC25987DA7F3FD5EC7B7B8767
:10D3A00014CBE0D4407F9D87E83082D4D7CCBF87B0
:10D3B00090B123D49B64E287464DC5D37746058858
:10D3C000450467D355722888C6D608D320E84B8811
:10D3D00004C5AAD2C2A76F8838CF4CD224B1938893
:10D3E0009EF5EED13104B8886D3891D1D3A0DC8898
:10D3F000E19733D1F18601893314D6D077B62689E7
:10D400009DAD78D04C2F4C8959641BD05AF171894D
:10D410009F38BECF89FC9789AA2A61CFC350BE89A5
:10D42000B23A04CFEEEDE489F268A7CEF5D30B8AC9
:10D43000A2B54ACEBD02338AFC20EECD307A5A8A9C
:10D4400038AB91CD353A828A905435CDB442AA8A10
:10D450003D1DD9CC9393D28A77057DCCBA2CFB8A1B
:10D46000780D21CC100E248B7835C5CB7C374D8BB5
:10D47000B07D69CBE4A8768B58E60DCB2F62A08BEC
:10D48000A96FB2CA4263CA8BDB1957CA05ACF48BC9
:10D4900027E5FBC95C3C1F8CC4D1A0C92F144A8C62
:10D4A000ECDF45C96133758CD60FEBC8D999A08CD8
:10D4B000BA6190C87D47CC8CD0D535C8303CF88C4B
:10D4C000506CDBC7D877248D712581C759FA508DF0
:10D4D0006C0127C799C37D8D7900CDC67BD3AA8DFA
:10D4E000CD2273C6E429D88DA26819C6B7C6058EA9
:10D4F0002ED2BFC5D9A9338EA85F66C52DD3618E44
:10D5000048110DC59842908E46E7B3C4FBF7BE8E16
:10D51000D7E15AC43BF3ED8E320102C43A341D8F79
:10D520008F45A9C3DBBA4C8F25AF50C301877C8FD1
:10D530002A3EF8C28E98AC8FD4F29FC266EFDC8F81
:10D540005ACD47C2698B0D90F2CDEFC17A6C3E90F7
:10D55000D3F497C17B926F90334240C14EFDA090AF
:10D5600048B6E8C0D3ACD290475191C0EDA0049129
:10D5700068133AC07DD93691DFFCE2BF63566991EA
:10D58000E20D8CBF80179C91A84635BFB61CCF9189
:10D5900065A7DEBEE46502924F3088BEEBF235929D
:10D5A0009BE131BEACC369927FBBDBBD05D89D92C8
:10D5B0002FBE85BDD82FD292E1E92FBD04CB0693B3
:10D5C000CA3EDABC68A93B931EBD84BCE4CA709312
:10D5D00013652FBC562FA693DC36DABB9FD6DB93A0
:10D5E000AF3285BB9DC01194C05830BB2FED47941E
:10D5F00043A9DBBA325C7E946C2487BA870DB5945C
:10D6000070CA32BA0B01EC94839BDEB99B3623952A
:10D61000D8978AB917AE5A95A3BF36B95B6792956A
:10D620001913E3B84662CA956C928FB8B59E0296FC
:10D63000D13D3CB8851C3B967A15E9B794DB7396CF
:10D640009B1996B7BDDBAC96674A43B7DF1CE696DD
:10D6500011A8F0B6D69E1F97CD329EB67E6159971F
:10D66000CCEA4BB6B564939742D0F9B555A8CD979F
:10D6700062E3A7B53B2C08985E2456B543F0429868
:10D68000689304B549F47D98B230B3B42838B9989A
:10D6900070FC61B4BCBBF498D2F610B4E07E309953
:10D6A0000C20C0B36F816C994E786FB344C3A899B6
:10D6B000CBFF1EB33A44E599B5B6CEB22C04229AFC
:10D6C0003B9D7EB2F5025F9A92B32EB26D409C9A5A
:10D6D000E8F9DEB171BCD99A70708FB1D976179B19
:10D6E0005B1740B1806F559BDAEEF0B040A6939B7C
:10D6F0001CF7A1B0F21AD29B553053B070CD109CDC
:10D70000B29A04B092BD4F9C6736B6AF33EB8E9C95
:10D71000A10368AF2B56CE9C93021AAF53FE0D9D0A
:10D720006B33CCAE84E34D9D5B967EAE96058E9DAD
:10D73000912B31AE6264CE9D3EF3E3ADC1FF0E9EF0
:10D7400091ED96AD89D74F9EBA1A4AAD94EB909E53
:10D75000E87AFDACB93BD29E4A0EB1ACD0C7139F5C
:10D7600010D564ACB08F559F68CF18AC3193979F9C
:10D7700082FDCCAB2AD2D99F8C5F81AB724C1CA0AE
:10D78000B5F535ABE1015FA02BC0EAAA4CF2A1A030
:10D790001DBF9FAA8C1DE5A0B9F254AA768328A1CB
:10D7A0002D5B0AAAE1236CA1A8F8BFA9A2FEAFA134
:10D7B00056CB75A99113F4A166D32BA9836238A225
:10D7C0000611E2A84FEB7CA2638498A8C9ADC1A260
:10D7D000A92D4FA8C7A906A3080D06A820DF4BA3B3
:10D7E000AB22BDA7A74D91A3C06E74A733F5D6A3F6
:10D7F00073F12BA798D51CA4F2AAE3A6ACEE62A401
:10D80000689B9BA64240A9A402C353A631CAEFA4B9
:10D81000ED210CA64B8C36A555B8C4A566867DA512
:10D8200066867DA555B8C4A54B8C36A5ED210CA602
:10D8300031CAEFA402C353A64240A9A4689B9BA689
:10D84000ACEE62A4F2AAE3A698D51CA473F12BA7B0
:10D8500033F5D6A3C06E74A7A74D91A3AB22BDA785
:10D8600020DF4BA3080D06A8C7A906A3A92D4FA822
:10D87000C9ADC1A2638498A84FEB7CA20611E2A8AF
:10D88000836238A266D32BA99113F4A156CB75A954
:10D89000A2FEAFA1A8F8BFA9E1236CA12D5B0AAA43
:10D8A000768328A1B9F254AA8C1DE5A01DBF9FAABA
:10D8B0004CF2A1A02BC0EAAAE1015FA0B5F535ABFF
:10D8C000724C1CA08C5F81AB2AD2D99F82FDCCAB5D
:10D8D0003193979F68CF18ACB08F559F10D564AC2B
:10D8E000D0C7139F4A0EB1ACB93BD29EE87AFDACCB
:10D8F00094EB909EBA1A4AAD89D74F9E91ED96ADA2
:10D90000C1FF0E9E3EF3E3AD6264CE9D912B31AE1E
:10D9100096058E9D5B967EAE84E34D9D6B33CCAEBB
:10D9200053FE0D9D93021AAF2B56CE9CA10368AFF8
:10D9300033EB8E9C6736B6AF92BD4F9CB29A04B063
:10D9400070CD109C553053B0F21AD29B1CF7A1B089
:10D9500040A6939BDAEEF0B0806F559B5B1740B109
:10D96000D976179B70708FB171BCD99AE8F9DEB186
:10D970006D409C9A92B32EB2F5025F9A3B9D7EB2A7
:10D980002C04229AB5B6CEB23A44E599CBFF1EB329
:10D9900044C3A8994E786FB36F816C990C20C0B3C3
:10D9A000E07E3099D2F610B4BCBBF49870FC61B440
:10D9B0002838B998B230B3B449F47D98689304B567
:10D9C00043F042985E2456B53B2C089862E3A7B515
:10D9D00055A8CD9742D0F9B5B5649397CCEA4BB62C
:10D9E0007E615997CD329EB6D69E1F9711A8F0B68C
:10D9F000DF1CE696674A43B7BDDBAC969B1996B72A
:10DA000094DB73967A15E9B7851C3B96D13D3CB8FB
:10DA1000B59E02966C928FB84662CA951913E3B808
:10DA20005B679295A3BF36B917AE5A95D8978AB956
:10DA30009B362395839BDEB90B01EC9470CA32BAF6
:10DA4000870DB5946C2487BA325C7E9443A9DBBA07
:10DA50002FED4794C05830BB9DC01194AF3285BBA9
:10DA60009FD6DB93DC36DABB562FA69313652FBC0B
:10DA7000E4CA70931EBD84BC68A93B93CA3EDABC5D
:10DA800004CB0693E1E92FBDD82FD2922FBE85BDDE
:10DA900005D89D927FBBDBBDACC369929BE131BED3
:10DAA000EBF235924F3088BEE465029265A7DEBE88
:10DAB000B61CCF91A84635BF80179C91E20D8CBF54
:10DAC00063566991DFFCE2BF7DD9369168133AC095
:10DAD000EDA00491475191C0D3ACD29048B6E8C0B4
:10DAE0004EFDA090334240C17B926F90D3F497C11A
:10DAF0007A6C3E90F2CDEFC1698B0D905ACD47C242
:10DB000066EFDC8FD4F29FC28E98AC8F2A3EF8C2AB
:10DB100001877C8F25AF50C3DBBA4C8F8F45A9C3DB
:10DB20003A341D8F320102C43BF3ED8ED7E15AC463
:10DB3000FBF7BE8E46E7B3C49842908E48110DC5E0
:10DB40002DD3618EA85F66C5D9A9338E2ED2BFC5ED
:10DB5000B7C6058EA26819C6E429D88DCD2273C632
:10DB60007BD3AA8D7900CDC699C37D8D6C0127C763
:10DB700059FA508D712581C7D877248D506CDBC739
:10DB8000303CF88CD0D535C87D47CC8CBA6190C874
:10DB9000D999A08CD60FEBC86133758CECDF45C9E1
:10DBA0002F144A8CC4D1A0C95C3C1F8C27E5FBC94B
:10DBB00005ACF48BDB1957CA4263CA8BA96FB2CA92
:10DBC0002F62A08B58E60DCBE4A8768BB07D69CB95
:10DBD0007C374D8B7835C5CB100E248B780D21CC3E
:10DBE000BA2CFB8A77057DCC9393D28A3D1DD9CC84
:10DBF000B442AA8A905435CD353A828A38AB91CD59
:10DC0000307A5A8AFC20EECDBD02338AA2B54ACEC4
:10DC1000F5D30B8AF268A7CEEEEDE489B23A04CFD1
:10DC2000C350BE89AA2A61CF89FC97899F38BECF8D
:10DC30005AF1718959641BD04C2F4C899DAD78D015
:10DC400077B626893314D6D0F1860189E19733D18E
:10DC5000D3A0DC886D3891D13104B8889EF5EED11F
:10DC600024B1938838CF4CD2C2A76F8804C5AAD2FA
:10DC700020E84B88C6D608D355722888450467D358
:10DC800077460588464DC5D39B64E28790B123D47F
:10DC9000D7CCBF87E83082D4407F9D8714CBE0D4B7
:10DCA000EC7B7B87DA7F3FD5EFC25987FE4E9ED54E
:10DCB0005E5438874738FDD54E3017877B3B5CD69E
:10DCC000D356F6865D58BBD602C8D586B58E1AD710
:10DCD000EE83B58646DE79D7AB8A9586D746D9D707
:10DCE0004EDC75862DC838D8EA7856860C6298D8EE
:10DCF000926037863914F8D8599318867ADE57D946
:10DD00005211FA8593C0B7D991DADB854ABA17DA8E
:10DD100027EFBD8562CB77DA284FA085A2F3D7DA4B
:10DD2000A4FA8285CD3238DBB0F16585A88898DB0E
:10DD30005C344985F8F4F8DBBAC22C85817759DC6C
:10DD4000DC9C10850810BADCD3C2F48451BE1ADD05
:10DD5000B034D98420827BDD85F2BD843A5BDCDD82
:10DD600062FCA28463493DDE57528884604C9EDE8B
:10DD700076F46D84F463FFDECEE25384E38F60DFDC
:10DD8000701D3A84F2CFC1DF6BA42084E52323E029
:10DD9000CF7707847F8B84E0AC97EE838406E6E040
:10DDA0001104D683B99447E10DBDBD83E135A9E1E6
:10DDB000B0C2A583C1E90AE207158E831AB06CE2EE
:10DDC00022B47683B288CEE20EA05F834C7330E338
:10DDD000DBD84883AC6F92E3975E3283957DF4E3A2
:10DDE0004E311C83CB9C56E40F51068310CDB8E412
:10DDF000E8BDF0822A0E1BE5E577DB82DA5F7DE580
:10DE0000137FC682E4C1DFE581D3B1820D3442E6DF
:10DE10003A759D8216B6A4E64A648982C34707E72D
:10DE2000C0A07582D8E869E7A52A62821799CCE775
:10DE300008024F8244582FE8F2263C82212692E8BD
:10DE4000719929827302F5E88F591782FBEC57E923
:10DE5000586705827CE5BAE9D7C2F381BBEB1DEABE
:10DE6000166CE28179FF80EA2063D1817A20E4EAAE
:10DE700001A8C081804E47EBC13AB0814E89AAEB20
:10DE80006C1BA081A8D00DEC0C4A90814F2471EC42
:10DE9000A9C680810684D4EC4E91718191EF37ED53
:10DEA00003AA6281B2669BEDD31054812BE9FEED8B
:10DEB000C6C54581BF7662EEE6C83781310FC6EE32
:10DEC000391A2A8143B229EFCAB91C81B85F8DEF94
:10DED000A0A70F815217F1EFC3E30281D4D854F009
:10DEE0003C6EF68001A4B8F01247EA809A781CF1E3
:10DEF0004C6EDE80625680F1F1E3D2801C3DE4F18D
:10DF00000AA8C780892C48F29CBABC806D24ACF268
:10DF1000AF1BB2808A2410F349CBA780A12C74F3E5
:10DF200070C99D80763CD8F32B169480CA533CF47C
:10DF300080B18A806072A0F4749B8180FA9704F5A6
:10DF40000DD478805AC468F5505B708043F7CCF5E7
:10DF500043316880763031F6EA556080B66F95F6C9
:10DF60004CC95880C5B4F9F66B8B518065FF5DF7DD
:10DF70004D9C4A80584FC2F7F6FB438061A426F8B7
:10DF800069AA3D8041FE8AF8ACA73780BB5CEFF8F8
:10DF9000C1F3318090BF53F9AD8E2C808326B8F940
:10DFA0007278278056911CFA13B12280CBFF80FA39
:10DFB00094381E80A471E5FAF70E1A80A2E649FB98
:10DFC00040341680895EAEFB6FA8128019D912FC0E
:10DFD000886B0F80165677FC8C7D0C8041D5DBFC5E
:10DFE0007DDE09805B5640FD5E8E078028D9A4FD4A
:10DFF0002E8D0580695D09FEF0DA0380E0E26DFE9A
:10E00000A57702804F69D2FE4D63018078F036FF1C
:10E01000E99D00801D789BFF7A270080FFFFFF7F2E
:10E020000000000021F6FF7FF543320085D8FF7F16
:10E03000E38764002CA7FF7FC1CB96001662FF7FA9
:10E04000880FC9004209FF7F2F53FB00B29CFE7F5F
:10E05000B0962D01641CFE7F03DA5F015A88FD7FB4
:10E060001F1D920193E0FC7FFE5FC4010F25FC7F22
:10E0700096A2F601CE55FB7FE1E42802D172FA7F29
:10E08000D7265B02177CF97F70688D02A171F87F3B
:10E09000A4A9BF026F53F77F6BEAF1028221F67FDA
:10E0A000BF2A2403D8DBF47F966A56037382F37F7A
:10E0B000E9A988035315F27FB1E8BA037794F07F9A
:10E0C000E626ED03E1FFEE7F7F641F049057ED7FAE
:10E0D00076A15104859BEB7FC3DD8304C0CBE97F30
:10E0E0005D19B60440E8E77F3D54E80408F1E57F98
:10E0F0005C8E1A0516E6E37FB0C74C056BC7E17F5F
:10E1000034007F050895DF7FDF37B105EC4EDD7FFA
:10E11000A96EE30518F5DA7F8AA415068D87D87FE6
:10E120007CD947064B06D67F750D7A065271D37F90
:10E130006F40AC06A3C8D07F6172DE063E0CCE7F76
:10E1400044A31007233CCB7F10D342075358C87F0A
:10E15000BE017507CF60C57F452FA7079655C27FC3
:10E160009E5BD907A936BF7FC1860B080A04BC7F16
:10E17000A7B03D08B7BDB87F47D96F08B263B57F78
:10E180009A00A208FCF5B17F9826D4089474AE7F5B
:10E190003A4B06097CDFAA7F776E3809B436A77F31
:10E1A00049906A093C7AA37FA7B09C0915AA9F7F72
:10E1B00089CFCE093FC69B7FE8EC000ABCCE977F93
:10E1C000BC08330A8CC3937FFE22650AAFA48F7FFD
:10E1D000A53B970A26728B7FAA52C90AF32B877F29
:10E1E0000568FB0A14D2827FAE7B2D0B8B647E7F89
:10E1F0009F8D5F0B5AE3797FCE9D910B7F4E757F8C
:10E2000035ACC30BFDA5707FCBB8F50BD4E96B7FA4
:10E2100089C3270C041A677F67CC590C8F36627F3D
:10E220005ED38B0C753F5D7F65D8BD0CB634587FCF
:10E2300075DBEF0C5416537F87DC210D50E44D7FC6
:10E2400092DB530DAA9E487F8FD8850D6345437F8F
:10E2500076D3B70D7CD83D7F3FCCE90DF557387F9D
:10E26000E3C21B0ED0C3327F5BB74D0E0E1C2D7F59
:10E270009DA97F0EAF60277FA399B10EB491217F36
:10E280006587E30E1EAF1B7FDC72150FEEB8157F9E
:10E29000FE5B470F24AF0F7FC642790FC391097F02
:10E2A0002B27AB0FCB60037F2509DD0F3C1CFD7EC8
:10E2B000ADE80E1018C4F67EBBC540105F58F07E66
:10E2C00047A0721013D9E97E4A78A4103546E37E40
:10E2D000BC4DD610C69FDC7E96200811C6E5D57EC3
:10E2E000CEF039113718CF7E5FBE6B111A37C87E5A
:10E2F00040899D116F42C17E6A51CF11393ABA7E71
:10E30000D4160112771EB37E78D932122CEFAB7E71
:10E310004E99641258ACA47E4D569612FC559D7EC3
:10E320006E10C81219EC957EAAC7F912B16E8E7ED6
:10E33000F97B2B13C5DD867E532D5D1356397F7E09
:10E34000B0DB8E136581777E0A87C013F3B56F7ECD
:10E35000572FF21302D7677E92D4231493E45F7E83
:10E36000B1765514A6DE577EAD1587143EC54F7E97
:10E370007FB1B8145B98477E1F4AEA14FE573F7E70
:10E3800085DF1B152A04377EAA714D15DF9C2E7E72
:10E3900086007F151E22267E118CB015E9931D7E06
:10E3A0004414E21542F2147E17991316293D0C7E8F
:10E3B000831A45169F74037E7F987616A798FA7D78
:10E3C0000513A81642A9F17D0C8AD91670A6E87D1E
:10E3D0008DFD0A173490DF7D806D3C178E66D67DEB
:10E3E000DED96D178129CD7D9F429F170DD9C37D41
:10E3F000BBA7D0173475BA7D2C090218F7FDB07D84
:10E40000E86633185973A77DE9C064185AD59D7D15
:10E4100027179618FB23947D9B69C7183F5F8A7D59
:10E420003CB8F8182787807D03032A19B59B767DB1
:10E43000E9495B19E99C6C7DE68C8C19C58A627D83
:10E44000F2CBBD194C65587D0607EF197E2C4E7D29
:10E450001B3E201A5EE0437D2771511AEC80397D06
:10E4600025A0821A2A0E2F7D0CCBB31A1A88247D80
:10E47000D6F1E41ABEEE197D7914161B18420F7DF1
:10E48000EF32471B2882047D304D781BF0AEF97CBB
:10E490003463A91B73C8EE7CF574DA1BB1CEE37C40
:10E4A0006A820B1CADC1D87C8C8B3C1C68A1CD7CD6
:10E4B00053906D1CE56DC27CB8909E1C2427B77CE0
:10E4C000B38CCF1C27CDAB7C3C84001DF15FA07CBE
:10E4D0004D77311D82DF947CDD65621DDD4B897CCB
:10E4E000E54F931D04A57D7C5D35C41DF8EA717C64
:10E4F0003F16F51DBB1D667C81F2251E4F3D5A7CE3
:10E500001ECA561EB6494E7C0C9D871EF242427CA6
:10E51000466BB81E0429367CC234E91EEEFB297C0A
:10E520007BF9191FB2BB1D7C67B94A1F5368117C68
:10E5300080747B1FD101057CBF2AAC1F3088F87B1B
:10E540001ADCDC1F70FBEB7B8C880D20945BDF7B7F
:10E550000D303E209EA8D27B95D26E208FE2C57BE7
:10E560001C709F206A09B97B9B08D020311DAC7BB1
:10E570000B9C0021E51D9F7B652A3121890B927B35
:10E580009FB361211EE6847BB4379221A8AD777BCF
:10E590009CB6C22127626A7B4E30F3219D035D7BCE
:10E5A000C5A423220E924F7BF81354227A0D427B8E
:10E5B000DF7D8422E475347B74E2B4224FCB267B6A
:10E5C000AE41E522BB0D197B879B15232C3D0B7BB0
:10E5D000F7EF4523A359FD7AF73E76232363EF7ABD
:10E5E0007E88A623AE59E17A86CCD623453DD37AE0
:10E5F000070B0724EB0DC57AFA433724A3CBB67A71
:10E60000577767246E76A87A17A597244F0E9A7AC3
:10E6100032CDC72448938B7AA1EFF7245B057D7A2E
:10E620005D0C28258A646E7A5E235825D8B05F7AFF
:10E630009D34882546EA507A1240B825D810427A8F
:10E64000B545E8258F24337A814518266E25247A2E
:10E650006C3F48267713157A70337826ADEE057A2D
:10E660008521A82611B7F679A509D826A66CE779E1
:10E67000C6EB07276F0FD879E3C737276D9FC87997
:10E68000F49D6727A41CB979F16D97271587A9799F
:10E69000D237C727C3DE997992FBF627B1238A794F
:10E6A00028B92628E0557A798C70562854756A79ED
:10E6B000B92186280E825A79A5CCB528117C4A79D1
:10E6C0004A71E52860633A79A10F1529FE372A7946
:10E6D000A2A74429EBF91979453974292CA909799C
:10E6E00084C4A329C345F9785849D329B1CFE87820
:10E6F000B8C7022AFB46D8789D3F322AA1ABC7781B
:10E7000001B1612AA8FDB678DB1B912A103DA678DD
:10E710002580C02ADE699578D8DDEF2A13848478B5
:10E72000EB341F2BB38B737858854E2BBF806278E8
:10E7300017CF7D2B3B6351782112AD2B28334078C6
:10E740006F4EDC2B8BF02E78F9830B2C649B1D789D
:10E75000B9B23A2CB8330C78A6DA692C88B9FA77B2
:10E76000BAFB982CD82CE977ED15C82CAA8DD77751
:10E770003929F72C01DCC5779535262DDF17B477BD
:10E78000FB3A552D4841A2776339842D3D58907747
:10E79000C730B32DC35C7E771E21E22DDB4E6C7734
:10E7A000620A112E882E5A778BEC3F2ECEFB4777CC
:10E7B00092C76E2EAEB63577709B9D2E2D5F237758
:10E7C0001E68CC2E4BF51077942DFB2E0E79FE761D
:10E7D000CCEB292F77EAEB76BDA2582F8849D97662
:10E7E0006252872F4696C676B2FAB52FB3D0B3766B
:10E7F000A69BE42FD2F8A07638351330A50E8E767E
:10E8000060C7413030127B761752703076036876DD
:10E8100055D59E3079E254761451CD303CAF4176D7
:10E820004DC5FB30C3692E76F8312A3111121B76A3
:10E830000D97583127A8077687F486310A2CF4758E
:10E840005D4AB531BD9DE0758998E33142FDCC75D7
:10E8500003DF11329C4AB975C51D4032CF85A575BD
:10E86000C7546E32DDAE917502849C32CAC57D7587
:10E870006FABCA3298CA697507CBF8324BBD557574
:10E88000C2E22633E69D41759AF254336C6C2D75C5
:10E8900088FA8233E028197584FAB03345D30475B9
:10E8A00087F2DE339E6BF0748AE20C34EFF1DB7496
:10E8B00087CA3A343A66C77476AA683483C8B27491
:10E8C0004F829634CD189E740D52C4341B578974F0
:10E8D000A719F2347183747417D91F35D19D5F74F1
:10E8E00056904D353EA64A745D3F7B35BD9C3574D0
:10E8F00024E6A83550812074A584D635FA530B74CC
:10E90000D91A0436C014F673B7A83136A3C3E0731E
:10E910003B2E5F36A760CB735CAB8C36D0EBB57308
:10E920001320BA362265A0735A8CE7369ECC8A73C0
:10E930002AF01437492275737A4B423726665F7383
:10E94000469E6F373898497384E89C3783B8337391
:10E95000302ACA3709C71D734063F737D0C307731E
:10E96000B0932438D8AEF17276BB51382888DB7268
:10E970008EDA7E38C04FC572EFF0AB38A605AF72A5
:10E9800093FED838DCA9987272030639663C82720D
:10E9900087FF323948BD6B72C9F25F39842C5572DA
:10E9A00032DD8C391F8A3E72BBBEB9391CD6277244
:10E9B0005D97E6397D1011721267133A4839FA7182
:10E9C000D12D403A7F50E37195EB6C3A2656CC71CD
:10E9D00057A0993A404AB5710F4CC63AD22C9E7155
:10E9E000B7EEF23ADEFD867147881F3B68BD6F7156
:10E9F000BA184C3B736B587107A0783B04084171FF
:10EA0000291EA53B1E9329711793D13BC50C12718A
:10EA1000CDFEFD3BFB74FA7042612A3CC6CBE2702E
:10EA200070BA563C2711CB704F0A833C2445B37013
:10EA3000DA50AF3CC0679B70098EDB3CFE78837078
:10EA4000D5C1073DE3786B7039EC333D7167537086
:10EA50002B0D603DAC443B70A7248C3D9910237076
:10EA6000A532B83D3BCB0A701F37E43D9674F26F78
:10EA70000D32103EAD0CDA6F69233C3E8593C16FB9
:10EA80002C0B683E2009A96F4FE9933E846D906F6F
:10EA9000CCBDBF3EB3C0776F9C88EB3EB1025F6FC9
:10EAA000B749173F8333466F1801433F2C532D6FEF
:10EAB000B8AE6E3FAF61146F8F529A3F125FFB6E1C
:10EAC00097ECC53F574BE26ECA7CF13F8226C96E78
:10EAD00020031D4098F0AF6E937F48409CA9966E2E
:10EAE0001DF2734093517D6EB65A9F407FE8636E6E
:10EAF00057B9CA40656E4A6EFB0DF64049E3306E69
:10EB00009A5821412F47176E2E994C411B9AFD6D43
:10EB1000B0CF774111DCE36D1AFCA241140DCA6D30
:10EB2000641ECE41292DB06D8836F941543C966D56
:10EB300080442442983A7C6D45484F42FA27626DE2
:10EB4000D0417A427E04486D1A31A54227D02D6DFE
:10EB50001E16D042FA8A136DD4F0FA42FB34F96CD7
:10EB600035C125432ECEDE6C3C8750439756C46C8E
:10EB7000E1427B433ACEA96C1EF4A5431C358F6C51
:10EB8000EC9AD0433F8B746C4537FB43A9D0596C4A
:10EB900023C925445D053F6C7E5050446029246C98
:10EBA00050CD7A44B63C096C933FA544623FEE6B6E
:10EBB0003FA7CF446A31D36B4F04FA44D012B86BED
:10EBC000BC5624459BE39C6B809E4E45CDA3816B38
:10EBD00093DB78456A53666BF00DA34578F24A6B78
:10EBE0008F35CD45FA802F6B6B52F745F5FE136BD1
:10EBF0007C6421466C6CF86ABD6B4B4664C9DC6A68
:10EC000027687546E115C16AB4599F46E851A56A5F
:10EC10005C40C9467D7D896A1A1CF346A4986D6ADA
:10EC2000E6EC1C4761A3516ABCB24647B99D356A00
:10EC3000936D7047B087196A661D9A474A61FD69EE
:10EC40002EC2C3478C2AE169E65BED477AE3C469CB
:10EC500085EA1648188CA869076E40486C248C69B0
:10EC600064E6694878AC6F699753934842245369C6
:10EC700098B5BC48CE8B3669620CE64820E319692A
:10EC8000EE570F493D2AFD68369838492961E068FA
:10EC900032CD6149E987C368DEF68A49819EA6685C
:10ECA0003315B449F5A489682A28DD494B9B6C6863
:10ECB000BD2F064A86814F68E52B2F4AAA57326836
:10ECC0009D1C584ABE1D1568DE01814AC4D3F767F2
:10ECD000A1DBA94AC279DA67E1A9D24ABC0FBD67B4
:10ECE000976CFB4AB7959F67BD23244BB60B826791
:10ECF0004DCF4C4BC07164673F6F754BD7C74667AC
:10ED00008F039E4B020E2967368CC64B43440B671C
:10ED10002D09EF4BA16AED666E7A174C1F81CF6605
:10ED2000F3DF3F4CC387B166B639684C907E93667B
:10ED3000B187904C8C657566DDC9B84CBB3C576695
:10ED40003400E14C22043966B02A094DC5BB1A666D
:10ED50004B49314DA963FC65FE5B594DD3FBDD6525
:10ED6000C462814D4784BF65965DA94D0BFDA065CA
:10ED70006E4CD14D22668265452FF94D92BF636579
:10ED80001706214E5F094565DCD0484E8E43266547
:10ED90008F8F704E246E07652942984E2689E8644D
:10EDA000A4E8BF4E9894C964FA82E74E7F90AA64A3
:10EDB00026110F4FDF7C8B642093364FBF596C6454
:10EDC000E3085E4F22274D646872854F0DE52D6480
:10EDD000ABCFAC4F85930E64A320D44F8F32EF633B
:10EDE0004D65FB4F30C2CF63A09D22506D42B06392
:10EDF00099C949504AB390632FE97050CC1471639C
:10EE00005EFC9750F86651631F03BF50D4A931636D
:10EE10006CFDE55063DD116340EB0C51AC01F26217
:10EE200094CC3351B216D26262A15A517B1CB262A9
:10EE3000A46981510C1392625525A85169FA716237
:10EE40006ED4CE5197D25162E976F5519D9B3162D5
:10EE5000C10C1C527D551162EF9542523E00F1618A
:10EE60006E126952E59BD06137828F527628B0616D
:10EE700045E5B552F6A58F61923BDC526B146F618C
:10EE800017850253D9734E61D0C1285346C42D61F2
:10EE9000B5F14E53B7050D61C11475533038EC60B0
:10EEA000EF2A9B53B65BCB603834C1534F70AA60D6
:10EEB0009730E7530076896005200D54CE6C68606A
:10EEC0007D023354BE544760F9D75854D52D26607F
:10EED00073A07E5418F80460E55BA4548DB3E35F1F
:10EEE0004A0ACA543860C25F9CABEF541EFEA05F52
:10EEF000D43F1555468D7F5FEDC63A55B30D5E5F25
:10EF0000E24060556B7F3C5FACAD855573E21A5FA4
:10EF1000460DAB55D136F95EAA5FD055897CD75ED8
:10EF2000D2A4F555A1B3B55EB8DC1A561FDC935ECA
:10EF30005707405606F6715EAA2465565D01505E7D
:10EF4000A9348A5628FE2D5E5037AF566EEC0B5E04
:10EF5000992CD45632CCE95D7E14F9567C9DC75D60
:10EF6000F9EE1D574E60A55D05BC4257B014835D98
:10EF70009D7B6757A6BA605DB92D8C5736523E5DB2
:10EF800056D2B05765DB1B5D6C69D5573856F95CB6
:10EF9000F7F2F957B4C2D65CF16E1E58DF20B45CAC
:10EFA00054DD4258BF70915C1B3E675858B26E5C8E
:10EFB0003F918B58B0E54B5CBCD6AF58CC0A295C6E
:10EFC0008C0ED458B221065CA938F858672AE35B46
:10EFD0000E551C59F024C05BB463405953119D5B1E
:10EFE0009764645996EF795BB1578859BDBF565BFA
:10EFF000FD3CAC59CE81335B7414D059CF35105BD6
:10F0000012DEF359C4DBEC5AD099175AB473C95ABB
:10F01000AA473B5AA4FDA55A9AE75E5A9A79825AA2
:10F020009A79825A9AE75E5AA4FDA55AAA473B5A92
:10F03000B473C95AD099175AC4DBEC5A12DEF3598B
:10F04000CF35105B7414D059CE81335BFD3CAC5985
:10F05000BDBF565BB157885996EF795B9764645989
:10F0600053119D5BB4634059F024C05B0E551C598D
:10F07000672AE35BA938F858B221065C8C0ED45895
:10F08000CC0A295CBCD6AF58B0E54B5C3F918B589D
:10F0900058B26E5C1B3E6758BF70915C54DD42589D
:10F0A000DF20B45CF16E1E58B4C2D65CF7F2F9579B
:10F0B0003856F95C6C69D55765DB1B5D56D2B05785
:10F0C00036523E5DB92D8C57A6BA605D9D7B675761
:10F0D000B014835D05BC42574E60A55DF9EE1D5727
:10F0E0007C9DC75D7E14F95632CCE95D992CD456CF
:10F0F0006EEC0B5E5037AF5628FE2D5EA9348A5653
:10F100005D01505EAA24655606F6715E57074056AB
:10F110001FDC935EB8DC1A56A1B3B55ED2A4F555D8
:10F12000897CD75EAA5FD055D136F95E460DAB55C6
:10F1300073E21A5FACAD85556B7F3C5FE240605572
:10F14000B30D5E5FEDC63A55468D7F5FD43F1555D2
:10F150001EFEA05F9CABEF543860C25F4A0ACA54DF
:10F160008DB3E35FE55BA45418F8046073A07E548C
:10F17000D52D2660F9D75854BE5447607D023354CC
:10F18000CE6C686005200D54007689609730E75397
:10F190004F70AA603834C153B65BCB60EF2A9B53E3
:10F1A0003038EC60C1147553B7050D61B5F14E539D
:10F1B00046C42D61D0C12853D9734E6117850253BF
:10F1C0006B146F61923BDC52F6A58F6145E5B55239
:10F1D0007628B06137828F52E59BD0616E126952FA
:10F1E0003E00F161EF9542527D551162C10C1C52F7
:10F1F0009D9B3162E976F55197D251626ED4CE5122
:10F2000069FA71625525A8510C139262A469815163
:10F210007B1CB26262A15A51B216D26294CC3351B5
:10F22000AC01F26240EB0C5163DD11636CFDE55003
:10F23000D4A931631F03BF50F86651635EFC975039
:10F24000CC1471632FE970504AB3906399C9495047
:10F250006D42B063A09D225030C2CF634D65FB4F1D
:10F260008F32EF63A320D44F85930E64ABCFAC4FA6
:10F270000DE52D646872854F22274D64E3085E4FCB
:10F28000BF596C642093364FDF7C8B6426110F4F7F
:10F290007F90AA64FA82E74E9894C964A4E8BF4EAE
:10F2A0002689E8642942984E246E07658F8F704E38
:10F2B0008E432665DCD0484E5F0945651706214E12
:10F2C00092BF6365452FF94D226682656E4CD14D24
:10F2D0000BFDA065965DA94D4784BF65C462814D55
:10F2E000D3FBDD65FE5B594DA963FC654B49314D90
:10F2F000C5BB1A66B02A094D220439663400E14CB8
:10F30000BB3C5766DDC9B84C8C657566B187904CBF
:10F31000907E9366B639684CC387B166F3DF3F4C85
:10F320001F81CF666E7A174CA16AED662D09EF4BEF
:10F3300043440B67368CC64B020E29678F039E4BE6
:10F34000D7C746673F6F754BC07164674DCF4C4B55
:10F35000B60B8267BD23244BB7959F67976CFB4A1A
:10F36000BC0FBD67E1A9D24AC279DA67A1DBA94A1D
:10F37000C4D3F767DE01814ABE1D15689D1C584A3B
:10F38000AA573268E52B2F4A86814F68BD2F064A5F
:10F390004B9B6C682A28DD49F5A489683315B4496C
:10F3A000819EA668DEF68A49E987C36832CD614945
:10F3B0002961E068369838493D2AFD68EE570F49C3
:10F3C00020E31969620CE648CE8B366998B5BC48D3
:10F3D000422453699753934878AC6F6964E669484F
:10F3E0006C248C69076E4048188CA86985EA164819
:10F3F0007AE3C469E65BED478C2AE1692EC2C34714
:10F400004A61FD69661D9A47B087196A936D704716
:10F41000B99D356ABCB2464761A3516AE6EC1C4708
:10F42000A4986D6A1A1CF3467D7D896A5C40C946C2
:10F43000E851A56AB4599F46E115C16A2768754627
:10F4400064C9DC6ABD6B4B466C6CF86A7C6421460F
:10F45000F5FE136B6B52F745FA802F6B8F35CD4558
:10F4600078F24A6BF00DA3456A53666B93DB7845DF
:10F47000CDA3816B809E4E459BE39C6BBC5624457F
:10F48000D012B86B4F04FA446A31D36B3FA7CF4414
:10F49000623FEE6B933FA544B63C096C50CD7A4475
:10F4A0006029246C7E5050445D053F6C23C925447F
:10F4B000A9D0596C4537FB433F8B746CEC9AD04311
:10F4C0001C358F6C1EF4A5433ACEA96CE1427B43F8
:10F4D0009756C46C3C8750432ECEDE6C35C1254315
:10F4E000FB34F96CD4F0FA42FA8A136D1E16D0423E
:10F4F00027D02D6D1A31A5427E04486DD0417A4245
:10F50000FA27626D45484F42983A7C6D8044244208
:10F51000543C966D8836F941292DB06D641ECE415C
:10F52000140DCA6D1AFCA24111DCE36DB0CF774116
:10F530001B9AFD6D2E994C412F47176E9A58214109
:10F5400049E3306EFB0DF640656E4A6E57B9CA400E
:10F550007FE8636EB65A9F4093517D6E1DF27340F3
:10F560009CA9966E937F484098F0AF6E20031D4093
:10F570008226C96ECA7CF13F574BE26E97ECC53FBD
:10F58000125FFB6E8F529A3FAF61146FB8AE6E3F41
:10F590002C532D6F1801433F8333466FB749173FF4
:10F5A000B1025F6F9C88EB3EB3C0776FCCBDBF3EAE
:10F5B000846D906F4FE9933E2009A96F2C0B683E34
:10F5C0008593C16F69233C3EAD0CDA6F0D32103E5E
:10F5D0009674F26F1F37E43D3BCB0A70A532B83DFD
:10F5E00099102370A7248C3DAC443B702B0D603DDB
:10F5F0007167537039EC333DE3786B70D5C1073DCB
:10F60000FE788370098EDB3CC0679B70DA50AF3C9C
:10F610002445B3704F0A833C2711CB7070BA563C17
:10F62000C6CBE27042612A3CFB74FA70CDFEFD3B12
:10F63000C50C12711793D13B1E932971291EA53B4E
:10F640000408417107A0783B736B5871BA184C3BA2
:10F6500068BD6F7147881F3BDEFD8671B7EEF23AD9
:10F66000D22C9E710F4CC63A404AB57157A0993AB8
:10F670002656CC7195EB6C3A7F50E371D12D403A10
:10F680004839FA711267133A7D1011725D97E639A5
:10F690001CD62772BBBEB9391F8A3E7232DD8C3947
:10F6A000842C5572C9F25F3948BD6B7287FF3239BD
:10F6B000663C827272030639DCA9987293FED838D0
:10F6C000A605AF72EFF0AB38C04FC5728EDA7E3848
:10F6D0002888DB7276BB5138D8AEF172B0932438EB
:10F6E000D0C307734063F73709C71D73302ACA3781
:10F6F00083B8337384E89C3738984973469E6F37D4
:10F7000026665F737A4B4237492275732AF01437A5
:10F710009ECC8A735A8CE7362265A0731320BA36C2
:10F72000D0EBB5735CAB8C36A760CB733B2E5F36EA
:10F73000A3C3E073B7A83136C014F673D91A0436E0
:10F74000FA530B74A584D6355081207424E6A8356D
:10F75000BD9C35745D3F7B353EA64A7456904D3551
:10F76000D19D5F7417D91F3571837474A719F23452
:10F770001B5789740D52C434CD189E744F82963431
:10F7800083C8B27476AA68343A66C77487CA3A34B2
:10F79000EFF1DB748AE20C349E6BF07487F2DE3397
:10F7A00045D3047584FAB033E028197588FA82339A
:10F7B0006C6C2D759AF25433E69D4175C2E2263386
:10F7C0004BBD557507CBF83298CA69756FABCA3215
:10F7D000CAC57D7502849C32DDAE9175C7546E3208
:10F7E000CF85A575C51D40329C4AB97503DF11321E
:10F7F00042FDCC758998E331BD9DE0755D4AB53118
:10F800000A2CF47587F4863127A807760D975831AE
:10F8100011121B76F8312A31C3692E764DC5FB30A3
:10F820003CAF41761451CD3079E2547655D59E30B7
:10F83000760368761752703030127B7660C741309D
:10F84000A50E8E7638351330D2F8A076A69BE42F1D
:10F85000B3D0B376B2FAB52F4696C6766252872FEA
:10F860008849D976BDA2582F77EAEB76CCEB292FC1
:10F870000E79FE76942DFB2E4BF510771E68CC2E5C
:10F880002D5F2377709B9D2EAEB6357792C76E2E77
:10F89000CEFB47778BEC3F2E882E5A77620A112ECB
:10F8A000DB4E6C771E21E22DC35C7E77C730B32D13
:10F8B0003D5890776339842D4841A277FB3A552D06
:10F8C000DF17B4779535262D01DCC5773929F72C5C
:10F8D000AA8DD777ED15C82CD82CE977BAFB982CD0
:10F8E00088B9FA77A6DA692CB8330C78B9B23A2C11
:10F8F000649B1D78F9830B2C8BF02E786F4EDC2BDC
:10F90000283340782112AD2B3B63517817CF7D2BE4
:10F91000BF80627858854E2BB38B7378EB341F2BE6
:10F9200013848478D8DDEF2ADE6995782580C02A93
:10F93000103DA678DB1B912AA8FDB67801B1612A9B
:10F94000A1ABC7789D3F322AFB46D878B8C7022AB8
:10F95000B1CFE8785849D329C345F97884C4A3299D
:10F960002CA9097945397429EBF91979A2A74429F9
:10F97000FE372A79A10F152960633A794A71E52883
:10F98000117C4A79A5CCB5280E825A79B9218628EE
:10F9900054756A798C705628E0557A7928B92628EA
:10F9A000B1238A7992FBF627C3DE9979D237C7272C
:10F9B0001587A979F16D9727A41CB979F49D67275C
:10F9C0006D9FC879E3C737276F0FD879C6EB072734
:10F9D000A66CE779A509D82611B7F6798521A8265E
:10F9E000ADEE057A703378267713157A6C3F48268A
:10F9F0006E25247A814518268F24337AB545E8256B
:10FA0000D810427A1240B82546EA507A9D348825AB
:10FA1000D8B05F7A5E2358258A646E7A5D0C2825FB
:10FA20005B057D7AA1EFF72448938B7A32CDC7240A
:10FA30004F0E9A7A17A597246E76A87A577767247F
:10FA4000A3CBB67AFA433724EB0DC57A070B07240C
:10FA5000453DD37A86CCD623AE59E17A7E88A6235B
:10FA60002363EF7AF73E7623A359FD7AF7EF452318
:10FA70002C3D0B7B879B1523BB0D197BAE41E522EB
:10FA80004FCB267B74E2B422E475347BDF7D842285
:10FA90007A0D427BF81354220E924F7BC5A4232289
:10FAA0009D035D7B4E30F32127626A7B9CB6C221A9
:10FAB000A8AD777BB43792211EE6847B9FB361218A
:10FAC000890B927B652A3121E51D9F7B0B9C0021D0
:10FAD000311DAC7B9B08D0206A09B97B1C709F202C
:10FAE0008FE2C57B95D26E209EA8D27B0D303E2042
:10FAF000945BDF7B8C880D2070FBEB7B1ADCDC1FBA
:10FB00003088F87BBF2AAC1FD101057C80747B1F35
:10FB10005368117C67B94A1FB2BB1D7C7BF9191F62
:10FB2000EEFB297CC234E91E0429367C466BB81EE4
:10FB3000F242427C0C9D871EB6494E7C1ECA561E60
:10FB40004F3D5A7C81F2251EBB1D667C3F16F51D7C
:10FB5000F8EA717C5D35C41D04A57D7CE54F931DDD
:10FB6000DD4B897CDD65621D82DF947C4D77311D24
:10FB7000F15FA07C3C84001D27CDAB7CB38CCF1CF7
:10FB80002427B77CB8909E1CE56DC27C53906D1CF9
:10FB900068A1CD7C8C8B3C1CADC1D87C6A820B1CCF
:10FBA000B1CEE37CF574DA1B73C8EE7C3463A91B19
:10FBB000F0AEF97C304D781B2882047DEF32471B74
:10FBC00018420F7D7914161BBEEE197DD6F1E41A8A
:10FBD0001A88247D0CCBB31A2A0E2F7D25A0821AF9
:10FBE000EC80397D2771511A5EE0437D1B3E201A5F
:10FBF0007E2C4E7D0607EF194C65587DF2CBBD1962
:10FC0000C58A627DE68C8C19E99C6C7DE9495B199B
:10FC1000B59B767D03032A192787807D3CB8F818A9
:10FC20003F5F8A7D9B69C718FB23947D2717961831
:10FC30005AD59D7DE9C064185973A77DE8663318CD
:10FC4000F7FDB07D2C0902183475BA7DBBA7D0171B
:10FC50000DD9C37D9F429F178129CD7DDED96D17B8
:10FC60008E66D67D806D3C173490DF7D8DFD0A1742
:10FC700070A6E87D0C8AD91642A9F17D0513A81655
:10FC8000A798FA7D7F9876169F74037E831A45168F
:10FC9000293D0C7E1799131642F2147E4414E21586
:10FCA000E9931D7E118CB0151E22267E86007F15DD
:10FCB000DF9C2E7EAA714D152A04377E85DF1B1529
:10FCC000FE573F7E1F4AEA145B98477E7FB1B81407
:10FCD0003EC54F7EAD158714A6DE577EB17655140E
:10FCE00093E45F7E92D4231402D7677E572FF213DA
:10FCF000F3B56F7E0A87C0136581777EB0DB8E1304
:10FD000056397F7E532D5D13C5DD867EF97B2B131F
:10FD1000B16E8E7EAAC7F91219EC957E6E10C812CC
:10FD2000FC559D7E4D56961258ACA47E4E99641299
:10FD30002CEFAB7E78D93212771EB37ED416011227
:10FD4000393ABA7E6A51CF116F42C17E40899D1106
:10FD50001A37C87E5FBE6B113718CF7ECEF03911CF
:10FD6000C6E5D57E96200811C69FDC7EBC4DD61018
:10FD70003546E37E4A78A41013D9E97E47A0721075
:10FD80005F58F07EBBC5401018C4F67EADE80E107B
:10FD90003C1CFD7E2509DD0FCB60037F2B27AB0FBD
:10FDA000C391097FC642790F24AF0F7FFE5B470FD7
:10FDB000EEB8157FDC72150F1EAF1B7F6587E30E53
:10FDC000B491217FA399B10EAF60277F9DA97F0ECB
:10FDD0000E1C2D7F5BB74D0ED0C3327FE3C21B0ECE
:10FDE000F557387F3FCCE90D7CD83D7F76D3B70DF2
:10FDF0006345437F8FD8850DAA9E487F92DB530DC4
:10FE000050E44D7F87DC210D5416537F75DBEF0CDA
:10FE1000B634587F65D8BD0C753F5D7F5ED38B0CC3
:10FE20008F36627F67CC590C041A677F89C3270C11
:10FE3000D4E96B7FCBB8F50BFDA5707F35ACC30B58
:10FE40007F4E757FCE9D910B5AE3797F9F8D5F0B1F
:10FE50008B647E7FAE7B2D0B14D2827F0568FB0AFC
:10FE6000F32B877FAA52C90A26728B7FA53B970A7C
:10FE7000AFA48F7FFE22650A8CC3937FBC08330A30
:10FE8000BCCE977FE8EC000A3FC69B7F89CFCE09A6
:10FE900015AA9F7FA7B09C093C7AA37F49906A0965
:10FEA000B436A77F776E38097CDFAA7F3A4B060904
:10FEB0009474AE7F9826D408FCF5B17F9A00A2080E
:10FEC000B263B57F47D96F08B7BDB87FA7B03D080B
:10FED0000A04BC7FC1860B08A936BF7F9E5BD90789
:10FEE0009655C27F452FA707CF60C57FBE01750716
:10FEF0005358C87F10D34207233CCB7F44A310073D
:10FF00003E0CCE7F6172DE06A3C8D07F6F40AC0688
:10FF10005271D37F750D7A064B06D67F7CD9470682
:10FF20008D87D87F8AA4150618F5DA7FA96EE305B8
:10FF3000EC4EDD7FDF37B1050895DF7F34007F05AC
:10FF40006BC7E17FB0C74C0516E6E37F5C8E1A05F0
:10FF500008F1E57F3D54E80440E8E77F5D19B60409
:10FF6000C0CBE97FC3DD8304859BEB7F76A1510481
:10FF70009057ED7F7F641F04E1FFEE7FE626ED03DF
:10FF80007794F07FB1E8BA035315F27FE9A98803AB
:10FF90007382F37F966A5603D8DBF47FBF2A24036B
:10FFA0008221F67F6BEAF1026F53F77FA4A9BF02AB
:10FFB000A171F87F70688D02177CF97FD7265B02EC
:10FFC000D172FA7FE1E42802CE55FB7F96A2F601BA
:10FFD0000F25FC7FFE5FC40193E0FC7F1F1D920193
:10FFE0005A88FD7F03DA5F01641CFE7FB0962D0105
:10FFF000B29CFE7F2F53FB004209FF7F880FC90090
:020000040802F0
:100000001662FF7FC1CB96002CA7FF7FE3876400B9
:1000100085D8FF7FF543320021F6FF7F0000000006
:10002000FFFFFF7F0ABCCDFF21F6FF7F1D789BFFFE
:1000300085D8FF7F3E3469FF2CA7FF7F78F036FF1D
:100040001662FF7FD0AC04FF4209FF7F4F69D2FEEA
:10005000B29CFE7FFC25A0FE641CFE7FE0E26DFEEC
:100060005A88FD7F01A03BFE93E0FC7F695D09FE9D
:100070000F25FC7F1E1BD7FDCE55FB7F28D9A4FD85
:10008000D172FA7F8F9772FD177CF97F5B5640FD26
:10009000A171F87F94150EFD6F53F77F41D5DBFCFE
:1000A0008221F67F6995A9FCD8DBF47F165677FC90
:1000B0007382F37F4E1745FC5315F27F19D912FC5A
:1000C0007794F07F809BE0FBE1FFEE7F895EAEFBE3
:1000D0009057ED7F3C227CFB859BEB7FA2E649FBA2
:1000E000C0CBE97FC2AB17FB40E8E77FA471E5FA1C
:1000F00008F1E57F4F38B3FA16E6E37FCBFF80FACD
:100100006BC7E17F20C84EFA0895DF7F56911CFA35
:10011000EC4EDD7F755BEAF918F5DA7F8326B8F9D6
:100120008D87D87F8AF285F94B06D67F90BF53F929
:100130005271D37F9E8D21F9A3C8D07FBB5CEFF8AD
:100140003E0CCE7FEF2CBDF8233CCB7F41FE8AF8DE
:100150005358C87FBAD058F8CF60C57F61A426F83D
:100160009655C27F3E79F4F7A936BF7F584FC2F744
:100170000A04BC7FB82690F7B7BDB87F65FF5DF76E
:10018000B263B57F67D92BF7FCF5B17FC5B4F9F63B
:100190009474AE7F8891C7F67CDFAA7FB66F95F620
:1001A000B436A77F584F63F63C7AA37F763031F69A
:1001B00015AA9F7F1713FFF53FC69B7F43F7CCF52A
:1001C000BCCE977F01DD9AF58CC3937F5AC468F546
:1001D000AFA48F7F55AD36F526728B7FFA9704F565
:1001E000F32B877F5184D2F414D2827F6072A0F403
:1001F0008B647E7F31626EF45AE3797FCA533CF49C
:100200007F4E757F34470AF4FDA5707F763CD8F3A6
:10021000D4E96B7F9833A6F3041A677FA12C74F39B
:100220008F36627F9A2742F3753F5D7F8A2410F3F1
:10023000B634587F7823DEF25416537F6D24ACF227
:1002400050E44D7F70277AF2AA9E487F892C48F2AD
:100250006345437FC03316F27CD83D7F1C3DE4F1FB
:10026000F557387FA548B2F1D0C3327F625680F18E
:100270000E1C2D7F5C664EF1AF60277F9A781CF1D3
:10028000B491217F238DEAF01EAF1B7F01A4B8F04B
:10029000EEB8157F39BD86F024AF0F7FD4D854F067
:1002A000C391097FDAF622F0CB60037F5217F1EF9A
:1002B0003C1CFD7E443ABFEF18C4F67EB85F8DEF5C
:1002C0005F58F07EB5875BEF13D9E97E43B229EF23
:1002D0003546E37E6ADFF7EEC69FDC7E310FC6EE61
:1002E000C6E5D57EA04194EE3718CF7EBF7662EE8C
:1002F0001A37C87E95AE30EE6F42C17E2BE9FEED17
:10030000393ABA7E8726CDED771EB37EB2669BED75
:100310002CEFAB7EB2A969ED58ACA47E91EF37ED1E
:10032000FC559D7E553806ED19EC957E0684D4EC7F
:10033000B16E8E7EACD2A2ECC5DD867E4F2471EC10
:1003400056397F7EF5783FEC6581777EA8D00DEC3D
:10035000F3B56F7E6D2BDCEB02D7677E4E89AAEB7F
:1003600093E45F7E52EA78EBA6DE577E804E47EB41
:100370003EC54F7EE0B515EB5B98477E7A20E4EAF8
:10038000FE573F7E558EB2EA2A04377E79FF80EA17
:10039000DF9C2E7EEE734FEA1E22267EBBEB1DEA0B
:1003A000E9931D7EE866ECE942F2147E7CE5BAE949
:1003B000293D0C7E806789E99F74037EFBEC57E939
:1003C000A798FA7DF47526E942A9F17D7302F5E854
:1003D00070A6E87D7F92C3E83490DF7D212692E805
:1003E0008E66D67D60BD60E88129CD7D44582FE8BA
:1003F0000DD9C37DD3F6FDE73475BA7D1799CCE7E7
:10040000F7FDB07D163F9BE75973A77DD8E869E7F4
:100410005AD59D7D649638E7FB23947DC34707E753
:100420003F5F8A7DFCFCD5E62787807D16B6A4E673
:10043000B59B767D197373E6E99C6C7D0D3442E6BD
:10044000C58A627DF9F810E64C65587DE4C1DFE5A8
:100450007E2C4E7DD88EAEE55EE0437DDA5F7DE595
:10046000EC80397DF3344CE52A0E2F7D2A0E1BE5F6
:100470001A88247D86EBE9E4BEEE197D10CDB8E440
:1004800018420F7DCFB287E42882047DCB9C56E4CE
:10049000F0AEF97C0A8B25E473C8EE7C957DF4E31D
:1004A000B1CEE37C7374C3E3ADC1D87CAC6F92E38F
:1004B00068A1CD7C476F61E3E56DC27C4C7330E38E
:1004C0002427B77CC37BFFE227CDAB7CB288CEE28A
:1004D000F15FA07C229A9DE282DF947C1AB06CE2EC
:1004E000DD4B897CA2CA3BE204A57D7CC1E90AE21E
:1004F000F8EA717C7E0DDAE1BB1D667CE135A9E18D
:100500004F3D5A7CF36278E1B6494E7CB99447E19D
:10051000F242427C3DCB16E10429367C8406E6E0BB
:10052000EEFB297C9846B5E0B2BB1D7C7F8B84E056
:100530005368117C41D553E0D101057CE52323E0CC
:100540003088F87B7377F2DF70FBEB7BF2CFC1DF93
:10055000945BDF7B6A2D91DF9EA8D27BE38F60DF07
:100560008FE2C57B64F72FDF6A09B97BF463FFDE96
:10057000311DAC7B9BD5CEDEE51D9F7B604C9EDEA6
:10058000890B927B4BC86DDE1EE6847B63493DDEA2
:10059000A8AD777BB1CF0CDE27626A7B3A5BDCDDEE
:1005A0009D035D7B07ECABDD0E924F7B20827BDDF4
:1005B0007A0D427B8B1D4BDDE475347B51BE1ADD19
:1005C0004FCB267B7864EADCBB0D197B0810BADCC4
:1005D0002C3D0B7B08C189DCA359FD7A817759DC5E
:1005E0002363EF7A793329DCAE59E17AF8F4F8DB4A
:1005F000453DD37A05BCC8DBEB0DC57AA88898DBEE
:10060000A3CBB67AE85A68DB6E76A87ACD3238DBAF
:100610004F0E9A7A5E1008DB48938B7AA2F3D7DAF2
:100620005B057D7AA1DCA7DA8A646E7A62CB77DA21
:10063000D8B05F7AEDBF47DA46EA507A4ABA17DA9D
:10064000D810427A7EBAE7D98F24337A93C0B7D9CB
:100650006E25247A8FCC87D97713157A7ADE57D90D
:10066000ADEE057A5BF627D911B7F6793914F8D8CB
:10067000A66CE7791C38C8D86F0FD8790C6298D867
:100680006D9FC8790F9268D8A41CB9792DC838D845
:100690001587A9796D0409D8C3DE9979D746D9D7CA
:1006A000B1238A79738FA9D7E0557A7946DE79D755
:1006B00054756A795A334AD70E825A79B58E1AD749
:1006C000117C4A795EF0EAD660633A795D58BBD610
:1006D000FE372A79BAC68BD6EBF919797B3B5CD603
:1006E0002CA90979A7B62CD6C345F9784738FDD58A
:1006F000B1CFE87862C0CDD5FB46D878FE4E9ED506
:10070000A1ABC77824E46ED5A8FDB678DA7F3FD5D3
:10071000103DA678272210D5DE69957814CBE0D459
:1007200013848478A77AB1D4B38B7378E83082D4F9
:10073000BF806278DEED52D43B63517890B123D410
:1007400028334078067CF4D38BF02E78464DC5D301
:10075000649B1D78592596D3B8330C78450467D32C
:1007600088B9FA7712EA37D3D82CE977C6D608D3F6
:10077000AA8DD7776ACAD9D201DCC57704C5AAD2B7
:10078000DF17B4779CC67BD24841A27738CF4CD2D2
:100790003D589077E1DE1DD2C35C7E779EF5EED1A9
:1007A000DB4E6C777413C0D1882E5A776D3891D197
:1007B000CEFB47778F6462D1AEB63577E19733D100
:1007C0002D5F23776BD204D14BF510773314D6D03D
:1007D0000E79FE76425DA7D077EAEB769DAD78D0B4
:1007E0008849D9764D054AD04696C67659641BD0BD
:1007F000B3D0B376C7CAECCFD2F8A0769F38BECFBD
:10080000A50E8E76E8AD8FCF30127B76AA2A61CF07
:1008100076036876EBAE32CF79E25476B23A04CF03
:100820003CAF417608CED5CEC3692E76F268A7CE0E
:1008300011121B76780B79CE27A80776A2B54ACE7F
:100840000A2CF47576671CCEBD9DE075FC20EECDBC
:1008500042FDCC753AE2BFCD9C4AB97538AB91CD1B
:10086000CF85A575FD7B63CDDDAE9175905435CDFB
:10087000CAC57D75F83407CD98CA69753D1DD9CCB8
:100880004BBD5575650DABCCE69D417577057DCCAF
:100890006C6C2D757B054FCCE0281975780D21CC3B
:1008A00045D30475751DF3CB9E6BF0747835C5CBBD
:1008B000EFF1DB74895597CB3A66C774B07D69CB8D
:1008C00083C8B274F2AD3BCBCD189E7458E60DCB05
:1008D0001B578974E826E0CA71837474A96FB2CA81
:1008E000D19D5F74A2C084CA3EA64A74DB1957CA60
:1008F000BD9C35745A7B29CA5081207427E5FBC9F9
:10090000FA530B744857CEC9C014F673C4D1A0C9AA
:10091000A3C3E073A35473C9A760CB73ECDF45C9CD
:10092000D0EBB573A57318C92265A073D60FEBC8B9
:100930009ECC8A7385B4BDC849227573BA6190C8CC
:1009400026665F737B1763C838984973D0D535C85E
:1009500083B83373BF9C08C809C71D73506CDBC7CD
:10096000D0C307738944AEC7D8AEF172712581C771
:100970002888DB72100F54C7C04FC5726C0127C79F
:10098000A605AF728DFCF9C6DCA998727900CDC6B8
:10099000663C8272360DA0C648BD6B72CD2273C60E
:1009A000842C5572444146C61F8A3E72A26819C6FD
:1009B0001CD62772ED98ECC57D1011722ED2BFC5E2
:1009C0004839FA716A1493C57F50E371A85F66C510
:1009D0002656CC71F0B339C5404AB57148110DC5E2
:1009E000D22C9E71B877E0C4DEFD867146E7B3C4B1
:1009F00068BD6F71F85F87C4736B5871D7E15AC4D3
:100A000004084171E86C2EC41E932971320102C49E
:100A1000C50C1271BD9ED5C3FB74FA708F45A9C376
:100A2000C6CBE270B0F57CC32711CB7025AF50C3A5
:100A30002445B370F67124C3C0679B702A3EF8C288
:100A4000FE788370C713CCC2E3786B70D4F29FC278
:100A50007167537058DB73C2AC443B705ACD47C2C8
:100A600099102370E0C81BC23BCB0A70F2CDEFC1D6
:100A70009674F26F96DCC3C1AD0CDA6FD3F497C1F4
:100A80008593C16FB0166CC12009A96F334240C174
:100A9000846D906F637714C1B3C0776F48B6E8C0B8
:100AA000B1025F6FE7FEBCC08333466F475191C010
:100AB0002C532D6F70AD65C0AF61146F68133AC0D1
:100AC000125FFB6E35830EC0574BE26EDFFCE2BF58
:100AD0008226C96E6C80B7BF98F0AF6EE20D8CBFF6
:100AE0009CA9966E4AA560BF93517D6EA84635BFFE
:100AF0007FE8636E04F209BF656E4A6E65A7DEBECD
:100B000049E3306ED166B3BE2F47176E4F3088BEB3
:100B10001B9AFD6DE5035DBE11DCE36D9BE131BE0B
:100B2000140DCA6D77C906BE292DB06D7FBBDBBD24
:100B3000543C966DBAB7B0BD983A7C6D2FBE85BD5A
:100B4000FA27626DE5CE5ABD7E04486DE1E92FBDFE
:100B500027D02D6D2C0F05BDFA8A136DCA3EDABC65
:100B6000FB34F96CC378AFBC2ECEDE6C1EBD84BCEA
:100B70009756C46CE10B5ABC3ACEA96C13652FBCD6
:100B80001C358F6CBAC804BC3F8B746CDC36DABB86
:100B9000A9D0596C81AFAFBB5D053F6CAF3285BB4F
:100BA0006029246C6CC05ABBB63C096CC05830BB81
:100BB000623FEE6BB0FB05BB6A31D36B43A9DBBA76
:100BC000D012B86B7F61B1BA9BE39C6B6C2487BA7F
:100BD000CDA3816B10F25CBA6A53666B70CA32BAED
:100BE00078F24A6B94AD08BAFA802F6B839BDEB91A
:100BF000F5FE136B4294B4B96C6CF86AD8978AB955
:100C000064C9DC6A4BA660B9E115C16AA3BF36B9F5
:100C1000E851A56AE6E30CB97D7D896A1913E3B84A
:100C2000A4986D6A444DB9B861A3516A6C928FB8AB
:100C3000B99D356A99E265B8B087196AD13D3CB86B
:100C40004A61FD6919A412B88C2AE1697A15E9B7DD
:100C50007AE3C469F891BFB7188CA8699B1996B755
:100C60006C248C6968AC6CB778AC6F69674A43B721
:100C7000422453699DF319B7CE8B366911A8F0B69B
:100C800020E31969CA67C7B63D2AFD68CD329EB612
:100C90002961E068210975B6E987C368CCEA4BB6DB
:100CA000819EA668D5D722B6F5A4896842D0F9B549
:100CB0004B9B6C681AD4D0B586814F6862E3A7B5A8
:100CC000AA57326821FE7EB5BE1D15685E2456B552
:100CD000C4D3F7671E562DB5C279DA67689304B599
:100CE000BC0FBD6742DCDBB4B7959F67B230B3B4CD
:100CF000B60B8267C0908AB4C071646770FC61B43F
:100D0000D7C74667C97339B4020E2967D2F610B443
:100D100043440B679185E8B3A16AED660C20C0B32C
:100D20001F81CF6649C697B3C387B1664E786FB34C
:100D3000907E9366223647B38C657566CBFF1EB3F3
:100D4000BB3C57664FD5F6B222043966B5B6CEB273
:100D5000C5BB1A6601A4A6B2A963FC653B9D7EB221
:100D6000D3FBDD656AA256B24784BF6592B32EB24B
:100D70000BFDA065BAD006B222668265E8F9DEB145
:100D800092BF6365232FB7B15F09456570708FB15E
:100D90008E432665D6BD67B1246E07655B1740B1EB
:100DA0002689E864057D18B19894C964DAEEF0B03C
:100DB0007F90AA64DF6CC9B0DF7C8B641CF7A1B0A4
:100DC000BF596C64978D7AB022274D64553053B06B
:100DD0000DE52D645CDF2BB085930E64B29A04B0F0
:100DE0008F32EF635F62DDAF30C2CF636736B6AF7D
:100DF0006D42B063D0168FAF4AB39063A10368AF62
:100E0000CC147163E0FC40AFF866516393021AAFF3
:100E1000D4A93163BF14F3AE63DD11636B33CCAE81
:100E2000AC01F2629D5EA5AEB216D2625B967EAE5A
:100E30007B1CB262AADA57AE0C139262912B31AED0
:100E400069FA716216890AAE97D251623EF3E3AD38
:100E50009D9B3162106ABDAD7D55116291ED96ADDD
:100E60003E00F161C87D70ADE59BD061BA1A4AAD14
:100E70007628B0616DC423ADF6A58F61E87AFDAC2C
:100E80006B146F61303ED7ACD9734E614A0EB1AC72
:100E900046C42D613EEB8AACB7050D6110D564AC3C
:100EA0003038EC60C7CB3EACB65BCB6068CF18ACDB
:100EB0004F70AA60FADFF2AB0076896082FDCCAB9E
:100EC000CE6C68600628A7ABBE5447608C5F81ABD0
:100ED000D52D26601AA45BAB18F80460B5F535ABC8
:100EE0008DB3E35F645410AB3860C25F2BC0EAAAD5
:100EF0001EFEA05F1239C5AA468D7F5F1DBF9FAA47
:100F0000B30D5E5F53527AAA6B7F3C5FB9F254AA6D
:100F100073E21A5F55A02FAAD136F95E2D5B0AAA9B
:100F2000897CD75E4723E5A9A1B3B55EA8F8BFA920
:100F30001FDC935E56DB9AA906F6715E56CB75A947
:100F40005D01505EAFC850A928FE2D5E66D32BA967
:100F50006EEC0B5E81EB06A932CCE95D0611E2A8CE
:100F60007C9DC75DFA43BDA84E60A55D638498A8CB
:100F7000B014835D46D273A8A6BA605DA92D4FA8B0
:100F800036523E5D93962AA865DB1B5D080D06A8C8
:100F90003856F95C0E91E1A7B4C2D65CAB22BDA76E
:100FA000DF20B45CE4C198A7BF70915CC06E74A7E9
:100FB00058B26E5C432950A7B0E54B5C73F12BA788
:100FC000CC0A295C56C707A7B221065CF2AAE3A6A1
:100FD000672AE35B4B9CBFA6F024C05B689B9BA683
:100FE00053119D5B4EA877A696EF795B02C353A67B
:100FF000BDBF565B8BEB2FA6CE81335BED210CA6DC
:10100000CF35105B2F66E8A5C4DBEC5A55B8C4A5F4
:10101000B473C95A6518A1A5A4FDA55A66867DA515
:101020009A79825A5B025AA59AE75E5A4B8C36A58A
:10103000AA473B5A3B2413A5D099175A31CAEFA4AB
:1010400012DEF359317ECCA47414D0594240A9A4C5
:10105000FD3CAC59691086A4B1578859ACEE62A426
:10106000976464590FDB3FA4B463405998D51CA41E
:101070000E551C594DDEF9A3A938F85833F5D6A3FF
:101080008C0ED4584F1AB4A3BCD6AF58A74D91A319
:101090003F918B58408F6EA31B3E675820DF4BA3B8
:1010A00054DD42584B3D29A3F16E1E58C7A906A333
:1010B000F7F2F9579A24E4A26C69D557C9ADC1A2D9
:1010C00056D2B05759459FA2B92D8C574FEB7CA2F1
:1010D0009D7B6757B19F5AA205BC4257836238A2D5
:1010E000F9EE1D57CD3316A27E14F9569113F4A1D3
:1010F000992CD456D701D2A15037AF56A2FEAFA13A
:10110000A9348A56F9098EA1AA246556E1236CA157
:10111000570740565E4C4AA1B8DC1A56768328A180
:10112000D2A4F5552EC906A1AA5FD0558C1DE5A005
:10113000460DAB559480C3A0ACAD85554CF2A1A033
:10114000E2406055BA7280A0EDC63A55E1015FA059
:10115000D43F1555C79F3DA09CABEF54724C1CA0CB
:101160004A0ACA54E707FB9FE55BA4542AD2D99FD9
:1011700073A07E5441ABB89FF9D758543193979FD1
:101180007D023354FF89769F05200D54B08F559F03
:101190009730E75349A4349F3834C153D0C7139FC5
:1011A000EF2A9B5348FAF29EC1147553B93BD29E65
:1011B000B5F14E53268CB19ED0C1285394EB909E2E
:1011C00017850253095A709E923BDC5289D74F9E75
:1011D00045E5B5521A642F9E37828F52C1FF0E9E8D
:1011E0006E12695282AAEE9DEF9542526264CE9DC4
:1011F000C10C1C52682DAE9DE976F55196058E9D69
:101200006ED4CE51F4EC6D9D5525A85184E34D9DCF
:10121000A46981514DE92D9D62A15A5153FE0D9D46
:1012200094CC33519C22EE9C40EB0C512B56CE9C1F
:101230006CFDE5500799AE9C1F03BF5033EB8E9CAD
:101240005EFC9750B54C6F9C2FE9705092BD4F9C3F
:1012500099C94950CF3D309CA09D225070CD109C23
:101260004D65FB4F7A6CF19BA320D44FF21AD29BB1
:10127000ABCFAC4FDDD8B29B6872854F40A6939B35
:10128000E3085E4F2083749B2093364F806F559BFD
:1012900026110F4F676B369BFA82E74ED976179B64
:1012A000A4E8BF4EDB91F89A2942984E71BCD99AB6
:1012B0008F8F704EA0F6BA9ADCD0484E6D409C9A43
:1012C0001706214EDD997D9A452FF94DF5025F9A5B
:1012D0006E4CD14DB87B409A965DA94D2C04229A54
:1012E000C462814D569C039AFE5B594D3A44E59980
:1012F0004B49314DDEFBC699B02A094D44C3A8992C
:101300003400E14C739A8A99DDC9B84C6F816C99AD
:10131000B187904C3C784E99B639684CE07E309954
:10132000F3DF3F4C5E9512996E7A174CBCBBF49874
:101330002D09EF4BFEF1D698368CC64B2838B9985C
:101340008F039E4B3F8E9B983F6F754B49F47D9862
:101350004DCF4C4B486A6098BD23244B43F04298D4
:10136000976CFB4A3D862598E1A9D24A3B2C089808
:10137000A1DBA94A41E2EA97DE01814A55A8CD974F
:101380009D1C584A7A7EB097E52B2F4AB5649397F7
:10139000BD2F064A0A5B76972A28DD497E61599758
:1013A0003315B44916783C97DEF68A49D69E1F97C6
:1013B00032CD6149C2D5029736983849DF1CE6968E
:1013C000EE570F493174C996620CE648BDDBAC9606
:1013D00098B5BC48875390969753934894DB73967F
:1013E00064E66948E7735796076E4048851C3B964C
:1013F00085EA164873D51E96E65BED47B59E0296C4
:101400002EC2C3474F78E695661D9A474662CA9535
:10141000936D70479E5CAE95BCB246475B679295F4
:10142000E6EC1C47828276951A1CF34617AE5A9555
:101430005C40C9461EEA3E95B4599F469B362395AB
:101440002768754693930795BD6B4B460B01EC944B
:101450007C642146057FD0946B52F745870DB59487
:101460008F35CD4595AC9994F00DA345325C7E94B3
:1014700093DB7845641C6394809E4E452FED479422
:10148000BC56244595CE2C944F04FA449DC011942B
:101490003FA7CF444AC3F693933FA5449FD6DB931F
:1014A00050CD7A44A2FAC0937E505044562FA69352
:1014B00023C92544C0748B934537FB43E4CA70931A
:1014C000EC9AD043C53156931EF4A54368A93B93CB
:1014D000E1427B43D13121933C87504304CB0693B7
:1014E00035C125430575EC92D4F0FA42D82FD2923B
:1014F0001E16D04282FBB7921A31A54205D89D92A2
:10150000D0417A4267C5839245484F42ACC3699245
:1015100080442442D6D24F928836F941EBF235927C
:10152000641ECE41EE231C921AFCA241E465029295
:10153000B0CF7741D0B8E8912E994C41B61CCF91ED
:101540009A5821419A91B591FB0DF64080179C91D4
:1015500057B9CA406CAE8291B65A9F4063566991A2
:101560001DF27340670F5091937F48407DD93691AB
:1015700020031D40A8B41D91CA7CF13FEDA0049149
:1015800097ECC53F509EEB908F529A3FD3ACD290D0
:10159000B8AE6E3F7CCCB9901801433F4EFDA09091
:1015A000B749173F4C3F88909C88EB3E7B926F90E9
:1015B000CCBDBF3EDFF656904FE9933E7A6C3E902D
:1015C0002C0B683E52F3259069233C3E698B0D90AD
:1015D0000D32103EC434F58F1F37E43D66EFDC8FCB
:1015E000A532B83D53BBC48FA7248C3D8E98AC8FD9
:1015F0002B0D603D1D87948F39EC333D01877C8F27
:10160000D5C1073D3F98648F098EDB3CDBBA4C8F18
:10161000DA50AF3CD8EE348F4F0A833C3A341D8FFA
:1016200070BA563C048B058F42612A3C3BF3ED8E29
:10163000CDFEFD3BE16CD68E1793D13BFBF7BE8E02
:10164000291EA53B8C94A78E07A0783B9842908ECC
:10165000BA184C3B2202798E47881F3B2DD3618EEE
:10166000B7EEF23ABFB54A8E0F4CC63AD9A9338EBF
:1016700057A0993A80AF1C8E95EB6C3AB7C6058E91
:10168000D12D403A82EFEE8D1267133AE429D88DBE
:101690005D97E639E075C18DBBBEB9397BD3AA8DA4
:1016A00032DD8C39B742948DC9F25F3999C37D8D93
:1016B00087FF32392356678D7203063959FA508DE8
:1016C00093FED8383FB03A8DEFF0AB38D877248D01
:1016D0008EDA7E3827510E8D76BB5138303CF88C2F
:1016E000B0932438F638E28C4063F7377D47CC8CD2
:1016F000302ACA37C767B68C84E89C37D999A08C42
:10170000469E6F37B6DD8A8C7A4B42376133758CD3
:101710002AF01437DD9A5F8C5A8CE7362F144A8CE6
:101720001320BA36589F348C5CAB8C365C3C1F8CD3
:101730003B2E5F3640EB098CB7A8313605ACF48BF5
:10174000D91A0436AF7EDF8BA584D6354263CA8BA7
:1017500024E6A835C159B58B5D3F7B352F62A08B40
:1017600056904D358F7C8B8B17D91F35E4A8768B1F
:10177000A719F23432E7618B0D52C4347C374D8B9C
:101780004F829634C599388B76AA6834100E248B14
:1017900087CA3A3461940F8B8AE20C34BA2CFB8AE4
:1017A00087F2DE331FD7E68A84FAB0339393D28A66
:1017B00088FA82331962BE8A9AF25433B442AA8AF2
:1017C000C2E226336735968A07CBF832353A828AE9
:1017D0006FABCA3222516E8A02849C32307A5A8AA6
:1017E000C7546E3263B5468AC51D4032BD02338A86
:1017F00003DF113242621F8A8998E331F5D30B8AE5
:101800005D4AB531D857F88987F48631EEEDE48921
:101810000D9758313C96D189F8312A31C350BE8991
:101820004DC5FB30861DAB891451CD3089FC97899D
:1018300055D59E30CFED8489175270305AF1718999
:1018400060C741302D075F89383513304C2F4C89E4
:10185000A69BE42FB9693989B2FAB52F77B62689E4
:101860006252872F89151489BDA2582FF1860189EC
:10187000CCEB292FB40AEF88942DFB2ED3A0DC8863
:101880001E68CC2E5149CA88709B9D2E3104B888A1
:1018900092C76E2E77D1A5888BEC3F2E24B193880A
:1018A000620A112E3CA381881E21E22DC2A76F88F7
:1018B000C730B32DB7BE5D886339842D20E84B88CF
:1018C000FB3A552DFE233A889535262D55722888EA
:1018D0003929F72C27D31688ED15C82C77460588AB
:1018E000BAFB982C47CCF387A6DA692C9B64E28775
:1018F000B9B23A2C750FD187F9830B2CD7CCBF879F
:101900006F4EDC2BC59CAE872112AD2B407F9D878F
:1019100017CF7D2B4C748C8758854E2BEC7B7B87A7
:10192000EB341F2B21966A87D8DDEF2AEFC2598747
:101930002580C02A57024987DB1B912A5E543887CD
:1019400001B1612A04B927879D3F322A4E3017879B
:10195000B8C7022A3CBA06875849D329D356F68617
:1019600084C4A3291406E6864539742902C8D5869D
:10197000A2A744299F9CC586A10F1529EE83B58691
:101980004A71E528F17DA586A5CCB528AB8A958658
:10199000B92186281FAA85868C7056284EDC75864C
:1019A00028B926283C21668692FBF627EA785686D7
:1019B000D237C7275BE34686F16D9727926037865B
:1019C000F49D672790F02786E3C737275993188639
:1019D000C6EB0727EE480986A509D8265211FA85D5
:1019E0008521A82688ECEA857033782691DADB8594
:1019F0006C3F482670DBCC858145182627EFBD85D6
:101A0000B545E825B915AF851240B825284FA08502
:101A10009D348825759B91855E235825A4FA82857F
:101A20005D0C2825B76C7485A1EFF724B0F16585AE
:101A300032CDC7249189578517A597245C344985F1
:101A40005777672414F23A85FA433724BAC22C85B3
:101A5000070B072452A61E8586CCD623DC9C108556
:101A60007E88A6235CA60285F73E7623D3C2F48443
:101A7000F7EF452344F2E684879B1523B034D984DD
:101A8000AE41E5221B8ACB8474E2B42285F2BD8488
:101A9000DF7D8422F16DB084F813542262FCA284AD
:101AA000C5A42322D99D95844E30F32157528884B2
:101AB0009CB6C221E1197B84B437922176F46D84FF
:101AC0009FB361211AE26084652A3121CEE25384FA
:101AD0000B9C002195F646849B08D020701D3A840B
:101AE0001C709F2061572D8495D26E206BA420849A
:101AF0000D303E208F0414848C880D20CF7707840E
:101B00001ADCDC1F2EFEFA83BF2AAC1FAC97EE83D3
:101B100080747B1F4D44E28367B94A1F1104D6834A
:101B20007BF9191FFBD6C983C234E91E0DBDBD83E5
:101B3000466BB81E49B6B1830C9D871EB0C2A58303
:101B40001ECA561E44E2998381F2251E07158E8314
:101B50003F16F51DFB5A82835D35C41D22B4768382
:101B6000E54F931D7D206B83DD65621D0EA05F83B5
:101B70004D77311DD83254833C84001DDBD8488317
:101B8000B38CCF1C1A923D83B8909E1C975E328313
:101B900053906D1C523E27838C8B3C1C4E311C8312
:101BA0006A820B1C8C371183F574DA1B0F51068384
:101BB0003463A91BD87DFB82304D781BE8BDF082D1
:101BC000EF32471B4111E6827914161BE577DB8261
:101BD000D6F1E41AD5F1D0820CCBB31A137FC682AA
:101BE00025A0821AA11FBC822771511A81D3B1820C
:101BF0001B3E201AB39AA7820607EF193A759D82F9
:101C0000F2CBBD1916639382E68C8C194A648982E3
:101C1000E9495B19D8787F8203032A19C0A075822D
:101C20003CB8F81804DC6B829B69C718A52A62824D
:101C300027179618A68C5882E9C0641808024F82AC
:101C4000E8663318CB8A45822C090218F2263C82BA
:101C5000BBA7D0177ED632829F429F1771992982E7
:101C6000DED96D17CB6F2082806D3C178F5917829C
:101C70008DFD0A17BE560E820C8AD916586705824A
:101C80000513A816608BFC817F987616D7C2F38166
:101C9000831A4516BD0DEB8117991316166CE28158
:101CA0004414E215E1DDD981118CB0152063D18196
:101CB00086007F15D5FBC881AA714D1501A8C0818A
:101CC00085DF1B15A467B8811F4AEA14C13AB081A9
:101CD0007FB1B8145921A881AD1587146C1BA08160
:101CE000B1765514FD28988192D423140C4A908122
:101CF000572FF2139A7E88810A87C013A9C6808164
:101D0000B0DB8E133A227981532D5D134E91718190
:101D1000F97B2B13E6136A81AAC7F91203AA628121
:101D20006E10C812A8535B814D569612D310548181
:101D30004E99641288E14C8178D93212C6C545812A
:101D4000D416011290BD3E816A51CF11E6C8378189
:101D500040899D11C8E730815FBE6B11391A2A8115
:101D6000CEF039113960238196200811CAB91C813F
:101D7000BC4DD610EC2616814A78A410A0A70F817E
:101D800047A07210E83B0981BBC54010C3E3028144
:101D9000ADE80E10359FFC802509DD0F3C6EF68006
:101DA0002B27AB0FDB50F080C642790F1247EA8039
:101DB000FE5B470FE250E480DC72150F4C6EDE8054
:101DC0006587E30E519FD880A399B10EF1E3D280CD
:101DD0009DA97F0E2F3CCD805BB74D0E0AA8C78012
:101DE000E3C21B0E8327C2803FCCE90D9CBABC80A6
:101DF00076D3B70D5561B7808FD8850DAF1BB280F4
:101E000092DB530DABE9AC8087DC210D49CBA78079
:101E100075DBEF0C8BC0A28065D8BD0C70C99D80AE
:101E20005ED38B0CFBE5988067CC590C2B16948005
:101E300089C3270C025A8F80CBB8F50B80B18A80FA
:101E400035ACC30BA51C8680CE9D910B749B818005
:101E50009F8D5F0BEB2D7D80AE7B2D0B0DD478809D
:101E60000568FB0AD98D7480AA52C90A505B70803C
:101E7000A53B970A733C6C80FE22650A433168805B
:101E8000BC08330AC0396480E8EC000AEA55608077
:101E900089CFCE09C3855C80A7B09C094CC9588006
:101EA00049906A0983205580776E38096B8B518081
:101EB0003A4B0609030A4E809826D4084D9C4A8066
:101EC0009A00A2084842478047D96F08F6FB438032
:101ED000A7B03D0856C94080C1860B0869AA3D805D
:101EE0009E5BD907319F3A80452FA707ACA7378063
:101EF000BE017507DCC3348010D34207C1F33180C3
:101F000044A310075C372F806172DE06AD8E2C80F3
:101F10006F40AC06B4F92980750D7A067278278077
:101F20007CD94706E70A25808AA4150613B12280CA
:101F3000A96EE305F86A2080DF37B10594381E806A
:101F400034007F05E9191C80B0C74C05F70E1A80D4
:101F50005C8E1A05BF1718803D54E8044034168083
:101F60005D19B6047A641480C3DD83046FA81280FF
:101F700076A151041E0011807F641F04886B0F80BE
:101F8000E626ED03ACEA0D80B1E8BA038C7D0C8047
:101F9000E9A9880327240B80966A56037DDE098011
:101FA000BF2A240390AC08806BEAF1025E8E0780A2
:101FB000A4A9BF02E883068070688D022E8D05807B
:101FC000D7265B0231AA0480E1E42802F0DA03801C
:101FD00096A2F6016C1F0380FE5FC401A577028004
:101FE0001F1D92019BE3018003DA5F014D630180B5
:101FF000B0962D01BDF600802F53FB00E99D0080B7
:10200000880FC900D3580080C1CB96007A27008082
:10201000E3876400DE090080F543320000000080A1
:1020200000000000DE0900800ABCCDFF7A27008096
:102030001D789BFFD35800803E3469FFE99D0080E6
:1020400078F036FFBDF60080D0AC04FF4D63018010
:102050004F69D2FE9BE30180FC25A0FEA57702809C
:10206000E0E26DFE6C1F038001A03BFEF0DA03800E
:10207000695D09FE31AA04801E1BD7FD2E8D0580E7
:1020800028D9A4FDE88306808F9772FD5E8E0780B5
:102090005B5640FD90AC088094150EFD7DDE0980F6
:1020A00041D5DBFC27240B806995A9FC8C7D0C8035
:1020B000165677FCACEA0D804E1745FC886B0F80F6
:1020C00019D912FC1E001180809BE0FB6FA81280C2
:1020D000895EAEFB7A6414803C227CFB403416801F
:1020E000A2E649FBBF171880C2AB17FBF70E1A8098
:1020F000A471E5FAE9191C804F38B3FA94381E80B0
:10210000CBFF80FAF86A208020C84EFA13B12280F3
:1021100056911CFAE70A2580755BEAF972782780E8
:102120008326B8F9B4F929808AF285F9AD8E2C801E
:1021300090BF53F95C372F809E8D21F9C1F3318018
:10214000BB5CEFF8DCC33480EF2CBDF8ACA7378064
:1021500041FE8AF8319F3A80BAD058F869AA3D808A
:1021600061A426F856C940803E79F4F7F6FB438017
:10217000584FC2F748424780B82690F74D9C4A8096
:1021800065FF5DF7030A4E8067D92BF76B8B518093
:10219000C5B4F9F6832055808891C7F64CC958809C
:1021A000B66F95F6C3855C80584F63F6EA5560803C
:1021B000763031F6C03964801713FFF543316880FB
:1021C00043F7CCF5733C6C8001DD9AF5505B708071
:1021D0005AC468F5D98D748055AD36F50DD4788024
:1021E000FA9704F5EB2D7D805184D2F4749B8180A5
:1021F0006072A0F4A51C868031626EF480B18A8082
:10220000CA533CF4025A8F8034470AF42B16948048
:10221000763CD8F3FBE598809833A6F370C99D808F
:10222000A12C74F38BC0A2809A2742F349CBA780DC
:102230008A2410F3ABE9AC807823DEF2AF1BB280C6
:102240006D24ACF25561B78070277AF29CBABC80DD
:10225000892C48F28327C280C03316F20AA8C780AF
:102260001C3DE4F12F3CCD80A548B2F1F1E3D280D2
:10227000625680F1519FD8805C664EF14C6EDE80D4
:102280009A781CF1E250E480238DEAF01247EA804C
:1022900001A4B8F0DB50F08039BD86F03C6EF680CA
:1022A000D4D854F0359FFC80DAF622F0C3E30281E3
:1022B0005217F1EFE83B0981443ABFEFA0A70F8125
:1022C000B85F8DEFEC261681B5875BEFCAB91C812C
:1022D00043B229EF396023816ADFF7EE391A2A8188
:1022E000310FC6EEC8E73081A04194EEE6C83781D1
:1022F000BF7662EE90BD3E8195AE30EEC6C545819B
:102300002BE9FEED88E14C818726CDEDD310548179
:10231000B2669BEDA8535B81B2A969ED03AA628105
:1023200091EF37EDE6136A81553806ED4E917181D4
:102330000684D4EC3A227981ACD2A2ECA9C6808181
:102340004F2471EC9A7E8881F5783FEC0C4A90819D
:10235000A8D00DECFD2898816D2BDCEB6C1BA081C7
:102360004E89AAEB5921A88152EA78EBC13AB08193
:10237000804E47EBA467B881E0B515EB01A8C0819A
:102380007A20E4EAD5FBC881558EB2EA2063D18178
:1023900079FF80EAE1DDD981EE734FEA166CE281C4
:1023A000BBEB1DEABD0DEB81E866ECE9D7C2F3811A
:1023B0007CE5BAE9608BFC81806789E95867058212
:1023C000FBEC57E9BE560E82F47526E98F59178249
:1023D0007302F5E8CB6F20827F92C3E8719929825E
:1023E000212692E87ED6328260BD60E8F2263C82E9
:1023F00044582FE8CB8A4582D3F6FDE708024F8286
:102400001799CCE7A68C5882163F9BE7A52A6282D3
:10241000D8E869E704DC6B82649638E7C0A075826F
:10242000C34707E7D8787F82FCFCD5E64A648982F7
:1024300016B6A4E616639382197373E63A759D8205
:102440000D3442E6B39AA782F9F810E681D3B1823F
:10245000E4C1DFE5A11FBC82D88EAEE5137FC68242
:10246000DA5F7DE5D5F1D082F3344CE5E577DB82A8
:102470002A0E1BE54111E68286EBE9E4E8BDF08215
:1024800010CDB8E4D87DFB82CFB287E40F5106832C
:10249000CB9C56E48C3711830A8B25E44E311C8388
:1024A000957DF4E3523E27837374C3E3975E3283D2
:1024B000AC6F92E31A923D83476F61E3DBD84883A8
:1024C0004C7330E3D8325483C37BFFE20EA05F83AA
:1024D000B288CEE27D206B83229A9DE222B476837D
:1024E0001AB06CE2FB5A8283A2CA3BE207158E83C4
:1024F000C1E90AE244E299837E0DDAE1B0C2A58324
:10250000E135A9E149B6B183F36278E10DBDBD8340
:10251000B99447E1FBD6C9833DCB16E11104D683BC
:102520008406E6E04D44E2839846B5E0AC97EE833E
:102530007F8B84E02EFEFA8341D553E0CF7707846A
:10254000E52323E08F0414847377F2DF6BA42084E7
:10255000F2CFC1DF61572D846A2D91DF701D3A845F
:10256000E38F60DF95F6468464F72FDFCEE2538475
:10257000F463FFDE1AE260849BD5CEDE76F46D84D0
:10258000604C9EDEE1197B844BC86DDE5752888417
:1025900063493DDED99D9584B1CF0CDE62FCA284F7
:1025A0003A5BDCDDF16DB08407ECABDD85F2BD8418
:1025B00020827BDD1B8ACB848B1D4BDDB034D9841C
:1025C00051BE1ADD44F2E6847864EADCD3C2F484B6
:1025D0000810BADC5CA6028508C189DCDC9C108589
:1025E000817759DC52A61E85793329DCBAC22C8545
:1025F000F8F4F8DB14F23A8505BCC8DB5C34498595
:10260000A88898DB91895785E85A68DBB0F1658521
:10261000CD3238DBB76C74855E1008DBA4FA828596
:10262000A2F3D7DA759B9185A1DCA7DA284FA085A4
:1026300062CB77DAB915AF85EDBF47DA27EFBD85F5
:102640004ABA17DA70DBCC857EBAE7D991DADB8536
:1026500093C0B7D988ECEA858FCC87D95211FA8517
:102660007ADE57D9EE4809865BF627D95993188642
:102670003914F8D890F027861C38C8D8926037866D
:102680000C6298D85BE346860F9268D8EA78568643
:102690002DC838D83C2166866D0409D84EDC758675
:1026A000D746D9D71FAA8586738FA9D7AB8A9586B7
:1026B00046DE79D7F17DA5865A334AD7EE83B586B3
:1026C000B58E1AD79F9CC5865EF0EAD602C8D5861D
:1026D0005D58BBD61406E686BAC68BD6D356F686A8
:1026E0007B3B5CD63CBA0687A7B62CD64E30178704
:1026F0004738FDD504B9278762C0CDD55E543887E9
:10270000FE4E9ED55702498724E46ED5EFC2598705
:10271000DA7F3FD521966A87272210D5EC7B7B870D
:1027200014CBE0D44C748C87A77AB1D4407F9D87BA
:10273000E83082D4C59CAE87DEED52D4D7CCBF87BB
:1027400090B123D4750FD187067CF4D39B64E287C4
:10275000464DC5D347CCF387592596D37746058890
:10276000450467D327D3168812EA37D355722888D1
:10277000C6D608D3FE233A886ACAD9D220E84B8845
:1027800004C5AAD2B7BE5D889CC67BD2C2A76F889B
:1027900038CF4CD23CA38188E1DE1DD224B193888E
:1027A0009EF5EED177D1A5887413C0D13104B888D5
:1027B0006D3891D15149CA888F6462D1D3A0DC8829
:1027C000E19733D1B40AEF886BD204D1F186018945
:1027D0003314D6D089151489425DA7D077B62689DF
:1027E0009DAD78D0B96939894D054AD04C2F4C89B7
:1027F00059641BD02D075F89C7CAECCF5AF1718984
:102800009F38BECFCFED8489E8AD8FCF89FC978903
:10281000AA2A61CF861DAB89EBAE32CFC350BE89E9
:10282000B23A04CF3C96D18908CED5CEEEEDE489FC
:10283000F268A7CED857F889780B79CEF5D30B8AF2
:10284000A2B54ACE42621F8A76671CCEBD02338A89
:10285000FC20EECD63B5468A3AE2BFCD307A5A8A83
:1028600038AB91CD22516E8AFD7B63CD353A828A99
:10287000905435CD6735968AF83407CDB442AA8A8C
:102880003D1DD9CC1962BE8A650DABCC9393D28A1B
:1028900077057DCC1FD7E68A7B054FCCBA2CFB8A07
:1028A000780D21CC61940F8B751DF3CB100E248B0A
:1028B0007835C5CBC599388B895597CB7C374D8BEF
:1028C000B07D69CB32E7618BF2AD3BCBE4A8768B70
:1028D00058E60DCB8F7C8B8BE826E0CA2F62A08B4D
:1028E000A96FB2CAC159B58BA2C084CA4263CA8B50
:1028F000DB1957CAAF7EDF8B5A7B29CA05ACF48B34
:1029000027E5FBC940EB098C4857CEC95C3C1F8CBE
:10291000C4D1A0C9589F348CA35473C92F144A8CB6
:10292000ECDF45C9DD9A5F8CA57318C96133758CDE
:10293000D60FEBC8B6DD8A8C85B4BDC8D999A08CFA
:10294000BA6190C8C767B68C7B1763C87D47CC8CCB
:10295000D0D535C8F638E28CBF9C08C8303CF88C1E
:10296000506CDBC727510E8D8944AEC7D877248DB4
:10297000712581C73FB03A8D100F54C759FA508D59
:102980006C0127C72356678D8DFCF9C699C37D8DD1
:102990007900CDC6B742948D360DA0C67BD3AA8DE3
:1029A000CD2273C6E075C18D444146C6E429D88D59
:1029B000A26819C682EFEE8DED98ECC5B7C6058EFC
:1029C0002ED2BFC580AF1C8E6A1493C5D9A9338E91
:1029D000A85F66C5BFB54A8EF0B339C52DD3618EE9
:1029E00048110DC52202798EB877E0C49842908EC6
:1029F00046E7B3C48C94A78EF85F87C4FBF7BE8EFE
:102A0000D7E15AC4E16CD68EE86C2EC43BF3ED8E50
:102A1000320102C4048B058FBD9ED5C33A341D8F8D
:102A20008F45A9C3D8EE348FB0F57CC3DBBA4C8F89
:102A300025AF50C33F98648FF67124C301877C8F04
:102A40002A3EF8C21D87948FC713CCC28E98AC8FD4
:102A5000D4F29FC253BBC48F58DB73C266EFDC8FC6
:102A60005ACD47C2C434F58FE0C81BC2698B0D90A4
:102A7000F2CDEFC152F3259096DCC3C17A6C3E9043
:102A8000D3F497C1DFF65690B0166CC17B926F906D
:102A9000334240C14C3F8890637714C14EFDA090F3
:102AA00048B6E8C07CCCB990E7FEBCC0D3ACD290AD
:102AB000475191C0509EEB9070AD65C0EDA0049160
:102AC00068133AC0A8B41D9135830EC07DD93691E4
:102AD000DFFCE2BF670F50916C80B7BF635669910E
:102AE000E20D8CBF6CAE82914AA560BF80179C91AD
:102AF000A84635BF9A91B59104F209BFB61CCF9193
:102B000065A7DEBED0B8E891D166B3BEE465029297
:102B10004F3088BEEE231C92E5035DBEEBF235928A
:102B20009BE131BED6D24F9277C906BEACC3699243
:102B30007FBBDBBD67C58392BAB7B0BD05D89D9298
:102B40002FBE85BD82FBB792E5CE5ABDD82FD2925B
:102B5000E1E92FBD0575EC922C0F05BD04CB069362
:102B6000CA3EDABCD1312193C378AFBC68A93B938C
:102B70001EBD84BCC5315693E10B5ABCE4CA7093A8
:102B800013652FBCC0748B93BAC804BC562FA69390
:102B9000DC36DABBA2FAC09381AFAFBB9FD6DB9322
:102BA000AF3285BB4AC3F6936CC05ABB9DC011942B
:102BB000C05830BB95CE2C94B0FB05BB2FED47948D
:102BC00043A9DBBA641C63947F61B1BA325C7E9422
:102BD0006C2487BA95AC999410F25CBA870DB594C1
:102BE00070CA32BA057FD09494AD08BA0B01EC9448
:102BF000839BDEB9939307954294B4B99B36239592
:102C0000D8978AB91EEA3E954BA660B917AE5A9579
:102C1000A3BF36B982827695E6E30CB95B679295DD
:102C20001913E3B89E5CAE95444DB9B84662CA9597
:102C30006C928FB84F78E69599E265B8B59E02968A
:102C4000D13D3CB873D51E9619A412B8851C3B968D
:102C50007A15E9B7E7735796F891BFB794DB739687
:102C60009B1996B78753909668AC6CB7BDDBAC9652
:102C7000674A43B73174C9969DF319B7DF1CE696CE
:102C800011A8F0B6C2D50297CA67C7B6D69E1F97DD
:102C9000CD329EB616783C97210975B67E6159975C
:102CA000CCEA4BB60A5B7697D5D722B6B564939734
:102CB00042D0F9B57A7EB0971AD4D0B555A8CD9741
:102CC00062E3A7B541E2EA9721FE7EB53B2C089866
:102CD0005E2456B53D8625981E562DB543F0429884
:102CE000689304B5486A609842DCDBB449F47D9887
:102CF000B230B3B43F8E9B98C0908AB42838B9984C
:102D000070FC61B4FEF1D698C97339B4BCBBF498B9
:102D1000D2F610B45E9512999185E8B3E07E3099B1
:102D20000C20C0B33C784E9949C697B36F816C991B
:102D30004E786FB3739A8A99223647B344C3A899E1
:102D4000CBFF1EB3DEFBC6994FD5F6B23A44E599E8
:102D5000B5B6CEB2569C039A01A4A6B22C04229A10
:102D60003B9D7EB2B87B409A6AA256B2F5025F9A4A
:102D700092B32EB2DD997D9ABAD006B26D409C9A7C
:102D8000E8F9DEB1A0F6BA9A232FB7B171BCD99A8F
:102D900070708FB1DB91F89AD6BD67B1D976179B69
:102DA0005B1740B1676B369B057D18B1806F559BF3
:102DB000DAEEF0B02083749BDF6CC9B040A6939B21
:102DC0001CF7A1B0DDD8B29B978D7AB0F21AD29BD6
:102DD000553053B07A6CF19B5CDF2BB070CD109CFA
:102DE000B29A04B0CF3D309C5F62DDAF92BD4F9C84
:102DF0006736B6AFB54C6F9CD0168FAF33EB8E9C59
:102E0000A10368AF0799AE9CE0FC40AF2B56CE9C67
:102E100093021AAF9C22EE9CBF14F3AE53FE0D9D9D
:102E20006B33CCAE4DE92D9D9D5EA5AE84E34D9DEB
:102E30005B967EAEF4EC6D9DAADA57AE96058E9D3C
:102E4000912B31AE682DAE9D16890AAE6264CE9D7F
:102E50003EF3E3AD82AAEE9D106ABDADC1FF0E9EAA
:102E600091ED96AD1A642F9EC87D70AD89D74F9EA7
:102E7000BA1A4AAD095A709E6DC423AD94EB909E68
:102E8000E87AFDAC268CB19E303ED7ACB93BD29EE1
:102E90004A0EB1AC48FAF29E3EEB8AACD0C7139F03
:102EA00010D564AC49A4349FC7CB3EACB08F559FBE
:102EB00068CF18ACFF89769FFADFF2AB3193979F0A
:102EC00082FDCCAB41ABB89F0628A7AB2AD2D99FD5
:102ED0008C5F81ABE707FB9F1AA45BAB724C1CA015
:102EE000B5F535ABC79F3DA0645410ABE1015FA0C1
:102EF0002BC0EAAABA7280A01239C5AA4CF2A1A0CE
:102F00001DBF9FAA9480C3A053527AAA8C1DE5A02E
:102F1000B9F254AA2EC906A155A02FAA768328A1DA
:102F20002D5B0AAA5E4C4AA14723E5A9E1236CA1C7
:102F3000A8F8BFA9F9098EA156DB9AA9A2FEAFA1F4
:102F400056CB75A9D701D2A1AFC850A99113F4A14E
:102F500066D32BA9CD3316A281EB06A9836238A2D2
:102F60000611E2A8B19F5AA2FA43BDA84FEB7CA27A
:102F7000638498A859459FA246D273A8C9ADC1A23F
:102F8000A92D4FA89A24E4A293962AA8C7A906A31C
:102F9000080D06A84B3D29A30E91E1A720DF4BA306
:102FA000AB22BDA7408F6EA3E4C198A7A74D91A304
:102FB000C06E74A74F1AB4A3432950A733F5D6A304
:102FC00073F12BA74DDEF9A356C707A798D51CA40C
:102FD000F2AAE3A60FDB3FA44B9CBFA6ACEE62A413
:102FE000689B9BA6691086A44EA877A64240A9A418
:102FF00002C353A6317ECCA48BEB2FA631CAEFA41B
:10300000ED210CA63B2413A52F66E8A54B8C36A515
:1030100055B8C4A55B025AA56518A1A566867DA50D
:1030200066867DA56518A1A55B025AA555B8C4A5FD
:103030004B8C36A52F66E8A53B2413A5ED210CA6E5
:1030400031CAEFA48BEB2FA6317ECCA402C353A6CA
:103050004240A9A44EA877A6691086A4689B9BA6A7
:10306000ACEE62A44B9CBFA60FDB3FA4F2AAE3A682
:1030700098D51CA456C707A74DDEF9A373F12BA75B
:1030800033F5D6A3432950A74F1AB4A3C06E74A733
:10309000A74D91A3E4C198A7408F6EA3AB22BDA713
:1030A00020DF4BA30E91E1A74B3D29A3080D06A8F5
:1030B000C7A906A393962AA89A24E4A2A92D4FA8EB
:1030C000C9ADC1A246D273A859459FA2638498A8EE
:1030D0004FEB7CA2FA43BDA8B19F5AA20611E2A809
:1030E000836238A281EB06A9CD3316A266D32BA941
:1030F0009113F4A1AFC850A9D701D2A156CB75A99D
:10310000A2FEAFA156DB9AA9F9098EA1A8F8BFA922
:10311000E1236CA14723E5A95E4C4AA12D5B0AAAD5
:10312000768328A155A02FAA2EC906A1B9F254AAC8
:103130008C1DE5A053527AAA9480C3A01DBF9FAAFC
:103140004CF2A1A01239C5AABA7280A02BC0EAAA7B
:10315000E1015FA0645410ABC79F3DA0B5F535AB4E
:10316000724C1CA01AA45BABE707FB9F8C5F81AB82
:103170002AD2D99F0628A7AB41ABB89F82FDCCAB22
:103180003193979FFADFF2ABFF89769F68CF18AC37
:10319000B08F559FC7CB3EAC49A4349F10D564ACCB
:1031A000D0C7139F3EEB8AAC48FAF29E4A0EB1ACF0
:1031B000B93BD29E303ED7AC268CB19EE87AFDACAE
:1031C00094EB909E6DC423AD095A709EBA1A4AAD15
:1031D00089D74F9EC87D70AD1A642F9E91ED96AD34
:1031E000C1FF0E9E106ABDAD82AAEE9D3EF3E3AD17
:1031F0006264CE9D16890AAE682DAE9D912B31AECC
:1032000096058E9DAADA57AEF4EC6D9D5B967EAE68
:1032100084E34D9D9D5EA5AE4DE92D9D6B33CCAEF7
:1032200053FE0D9DBF14F3AE9C22EE9C93021AAF89
:103230002B56CE9CE0FC40AF0799AE9CA10368AF33
:1032400033EB8E9CD0168FAFB54C6F9C6736B6AF04
:1032500092BD4F9C5F62DDAFCF3D309CB29A04B00F
:1032600070CD109C5CDF2BB07A6CF19B553053B065
:10327000F21AD29B978D7AB0DDD8B29B1CF7A1B021
:1032800040A6939BDF6CC9B02083749BDAEEF0B04C
:10329000806F559B057D18B1676B369B5B1740B1FE
:1032A000D976179BD6BD67B1DB91F89A70708FB154
:1032B00071BCD99A232FB7B1A0F6BA9AE8F9DEB15A
:1032C0006D409C9ABAD006B2DD997D9A92B32EB227
:1032D000F5025F9A6AA256B2B87B409A3B9D7EB2D5
:1032E0002C04229A01A4A6B2569C039AB5B6CEB27B
:1032F0003A44E5994FD5F6B2DEFBC699CBFF1EB333
:1033000044C3A899223647B3739A8A994E786FB30B
:103310006F816C9949C697B33C784E990C20C0B325
:10332000E07E30999185E8B35E951299D2F610B49B
:10333000BCBBF498C97339B4FEF1D69870FC61B483
:103340002838B998C0908AB43F8E9B98B230B3B4F5
:1033500049F47D9842DCDBB4486A6098689304B510
:1033600043F042981E562DB53D8625985E2456B5ED
:103370003B2C089821FE7EB541E2EA9762E3A7B5AF
:1033800055A8CD971AD4D0B57A7EB09742D0F9B56A
:10339000B5649397D5D722B60A5B7697CCEA4BB63D
:1033A0007E615997210975B616783C97CD329EB645
:1033B000D69E1F97CA67C7B6C2D5029711A8F0B6A6
:1033C000DF1CE6969DF319B73174C996674A43B777
:1033D000BDDBAC9668AC6CB7875390969B1996B7DB
:1033E00094DB7396F891BFB7E77357967A15E9B7F0
:1033F000851C3B9619A412B873D51E96D13D3CB8D6
:10340000B59E029699E265B84F78E6956C928FB8B2
:103410004662CA95444DB9B89E5CAE951913E3B89F
:103420005B679295E6E30CB982827695A3BF36B9C5
:1034300017AE5A954BA660B91EEA3E95D8978AB941
:103440009B3623954294B4B993930795839BDEB939
:103450000B01EC9494AD08BA057FD09470CA32BACF
:10346000870DB59410F25CBA95AC99946C2487BA28
:10347000325C7E947F61B1BA641C639443A9DBBA69
:103480002FED4794B0FB05BB95CE2C94C05830BBB4
:103490009DC011946CC05ABB4AC3F693AF3285BB32
:1034A0009FD6DB9381AFAFBBA2FAC093DC36DABB09
:1034B000562FA693BAC804BCC0748B9313652FBC57
:1034C000E4CA7093E10B5ABCC53156931EBD84BC4F
:1034D00068A93B93C378AFBCD1312193CA3EDABC13
:1034E00004CB06932C0F05BD0575EC92E1E92FBDC9
:1034F000D82FD292E5CE5ABD82FBB7922FBE85BDA2
:1035000005D89D92BAB7B0BD67C583927FBBDBBDBE
:10351000ACC3699277C906BED6D24F929BE131BE49
:10352000EBF23592E5035DBEEE231C924F3088BE70
:10353000E4650292D166B3BED0B8E89165A7DEBE5D
:10354000B61CCF9104F209BF9A91B591A84635BF38
:1035500080179C914AA560BF6CAE8291E20D8CBF32
:10356000635669916C80B7BF670F5091DFFCE2BF73
:103570007DD9369135830EC0A8B41D9168133AC029
:10358000EDA0049170AD65C0509EEB90475191C085
:10359000D3ACD290E7FEBCC07CCCB99048B6E8C0B2
:1035A0004EFDA090637714C14C3F8890334240C1D8
:1035B0007B926F90B0166CC1DFF65690D3F497C132
:1035C0007A6C3E9096DCC3C152F32590F2CDEFC1E8
:1035D000698B0D90E0C81BC2C434F58F5ACD47C229
:1035E00066EFDC8F58DB73C253BBC48FD4F29FC22B
:1035F0008E98AC8FC713CCC21D87948F2A3EF8C219
:1036000001877C8FF67124C33F98648F25AF50C328
:10361000DBBA4C8FB0F57CC3D8EE348F8F45A9C38D
:103620003A341D8FBD9ED5C3048B058F320102C471
:103630003BF3ED8EE86C2EC4E16CD68ED7E15AC414
:10364000FBF7BE8EF85F87C48C94A78E46E7B3C4A1
:103650009842908EB877E0C42202798E48110DC549
:103660002DD3618EF0B339C5BFB54A8EA85F66C54C
:10367000D9A9338E6A1493C580AF1C8E2ED2BFC5D4
:10368000B7C6058EED98ECC582EFEE8DA26819C61F
:10369000E429D88D444146C6E075C18DCD2273C65C
:1036A0007BD3AA8D360DA0C6B742948D7900CDC6C6
:1036B00099C37D8D8DFCF9C62356678D6C0127C794
:1036C00059FA508D100F54C73FB03A8D712581C7FC
:1036D000D877248D8944AEC727510E8D506CDBC737
:1036E000303CF88CBF9C08C8F638E28CD0D535C881
:1036F0007D47CC8C7B1763C8C767B68CBA6190C80E
:10370000D999A08C85B4BDC8B6DD8A8CD60FEBC81C
:103710006133758CA57318C9DD9A5F8CECDF45C9E0
:103720002F144A8CA35473C9589F348CC4D1A0C998
:103730005C3C1F8C4857CEC940EB098C27E5FBC980
:1037400005ACF48B5A7B29CAAF7EDF8BDB1957CAD5
:103750004263CA8BA2C084CAC159B58BA96FB2CAD1
:103760002F62A08BE826E0CA8F7C8B8B58E60DCBAE
:10377000E4A8768BF2AD3BCB32E7618BB07D69CBB1
:103780007C374D8B895597CBC599388B7835C5CB10
:10379000100E248B751DF3CB61940F8B780D21CC0B
:1037A000BA2CFB8A7B054FCC1FD7E68A77057DCCE8
:1037B0009393D28A650DABCC1962BE8A3D1DD9CCDC
:1037C000B442AA8AF83407CD6735968A905435CD2D
:1037D000353A828AFD7B63CD22516E8A38AB91CD1A
:1037E000307A5A8A3AE2BFCD63B5468AFC20EECDE4
:1037F000BD02338A76671CCE42621F8AA2B54ACECA
:10380000F5D30B8A780B79CED857F889F268A7CE12
:10381000EEEDE48908CED5CE3C96D189B23A04CFFC
:10382000C350BE89EBAE32CF861DAB89AA2A61CFC9
:1038300089FC9789E8AD8FCFCFED84899F38BECFC3
:103840005AF17189C7CAECCF2D075F8959641BD023
:103850004C2F4C894D054AD0B96939899DAD78D036
:1038600077B62689425DA7D0891514893314D6D03E
:10387000F18601896BD204D1B40AEF88E19733D184
:10388000D3A0DC888F6462D15149CA886D3891D148
:103890003104B8887413C0D177D1A5889EF5EED1D4
:1038A00024B19388E1DE1DD23CA3818838CF4CD26D
:1038B000C2A76F889CC67BD2B7BE5D8804C5AAD25A
:1038C00020E84B886ACAD9D2FE233A88C6D608D3E4
:1038D0005572288812EA37D327D31688450467D350
:1038E00077460588592596D347CCF387464DC5D3EF
:1038F0009B64E287067CF4D3750FD18790B123D403
:10390000D7CCBF87DEED52D4C59CAE87E83082D4D9
:10391000407F9D87A77AB1D44C748C8714CBE0D4B8
:10392000EC7B7B87272210D521966A87DA7F3FD5EB
:10393000EFC2598724E46ED557024987FE4E9ED5C3
:103940005E54388762C0CDD504B927874738FDD586
:103950004E301787A7B62CD63CBA06877B3B5CD681
:10396000D356F686BAC68BD61406E6865D58BBD605
:1039700002C8D5865EF0EAD69F9CC586B58E1AD75A
:10398000EE83B5865A334AD7F17DA58646DE79D7D0
:10399000AB8A9586738FA9D71FAA8586D746D9D7B4
:1039A0004EDC75866D0409D83C2166862DC838D852
:1039B000EA7856860F9268D85BE346860C6298D800
:1039C000926037861C38C8D890F027863914F8D80A
:1039D000599318865BF627D9EE4809867ADE57D9BF
:1039E0005211FA858FCC87D988ECEA8593C0B7D974
:1039F00091DADB857EBAE7D970DBCC854ABA17DA73
:103A000027EFBD85EDBF47DAB915AF8562CB77DA11
:103A1000284FA085A1DCA7DA759B9185A2F3D7DAA0
:103A2000A4FA82855E1008DBB76C7485CD3238DB72
:103A3000B0F16585E85A68DB91895785A88898DBDD
:103A40005C34498505BCC8DB14F23A85F8F4F8DB30
:103A5000BAC22C85793329DC52A61E85817759DCC0
:103A6000DC9C108508C189DC5CA602850810BADCE4
:103A7000D3C2F4847864EADC44F2E68451BE1ADDF1
:103A8000B034D9848B1D4BDD1B8ACB8420827BDD37
:103A900085F2BD8407ECABDDF16DB0843A5BDCDD13
:103AA00062FCA284B1CF0CDED99D958463493DDED2
:103AB000575288844BC86DDEE1197B84604C9EDED2
:103AC00076F46D849BD5CEDE1AE26084F463FFDE6B
:103AD000CEE2538464F72FDF95F64684E38F60DFF0
:103AE000701D3A846A2D91DF61572D84F2CFC1DFBA
:103AF0006BA420847377F2DF8F041484E52323E022
:103B0000CF77078441D553E02EFEFA837F8B84E084
:103B1000AC97EE839846B5E04D44E2838406E6E038
:103B20001104D6833DCB16E1FBD6C983B99447E196
:103B30000DBDBD83F36278E149B6B183E135A9E1FA
:103B4000B0C2A5837E0DDAE144E29983C1E90AE2BD
:103B500007158E83A2CA3BE2FB5A82831AB06CE23D
:103B600022B47683229A9DE27D206B83B288CEE2D6
:103B70000EA05F83C37BFFE2D83254834C7330E3E3
:103B8000DBD84883476F61E31A923D83AC6F92E3C1
:103B9000975E32837374C3E3523E2783957DF4E3CB
:103BA0004E311C830A8B25E48C371183CB9C56E461
:103BB0000F510683CFB287E4D87DFB8210CDB8E4E5
:103BC000E8BDF08286EBE9E44111E6822A0E1BE5AE
:103BD000E577DB82F3344CE5D5F1D082DA5F7DE521
:103BE000137FC682D88EAEE5A11FBC82E4C1DFE59B
:103BF00081D3B182F9F810E6B39AA7820D3442E678
:103C00003A759D82197373E61663938216B6A4E61D
:103C10004A648982FCFCD5E6D8787F82C34707E7EF
:103C2000C0A07582649638E704DC6B82D8E869E747
:103C3000A52A6282163F9BE7A68C58821799CCE78B
:103C400008024F82D3F6FDE7CB8A458244582FE81D
:103C5000F2263C8260BD60E87ED63282212692E860
:103C6000719929827F92C3E8CB6F20827302F5E8B5
:103C70008F591782F47526E9BE560E82FBEC57E980
:103C800058670582806789E9608BFC817CE5BAE929
:103C9000D7C2F381E866ECE9BD0DEB81BBEB1DEA11
:103CA000166CE281EE734FEAE1DDD98179FF80EA9B
:103CB0002063D181558EB2EAD5FBC8817A20E4EA2F
:103CC00001A8C081E0B515EBA467B881804E47EB31
:103CD000C13AB08152EA78EB5921A8814E89AAEB0A
:103CE0006C1BA0816D2BDCEBFD289881A8D00DEC1E
:103CF0000C4A9081F5783FEC9A7E88814F2471ECD4
:103D0000A9C68081ACD2A2EC3A2279810684D4EC97
:103D10004E917181553806EDE6136A8191EF37EDCA
:103D200003AA6281B2A969EDA8535B81B2669BEDDB
:103D3000D31054818726CDED88E14C812BE9FEED2F
:103D4000C6C5458195AE30EE90BD3E81BF7662EE30
:103D5000E6C83781A04194EEC8E73081310FC6EE46
:103D6000391A2A816ADFF7EE3960238143B229EFDD
:103D7000CAB91C81B5875BEFEC261681B85F8DEF61
:103D8000A0A70F81443ABFEFE83B09815217F1EF3A
:103D9000C3E30281DAF622F0359FFC80D4D854F0D8
:103DA0003C6EF68039BD86F0DB50F08001A4B8F09F
:103DB0001247EA80238DEAF0E250E4809A781CF101
:103DC0004C6EDE805C664EF1519FD880625680F169
:103DD000F1E3D280A548B2F12F3CCD801C3DE4F147
:103DE0000AA8C780C03316F28327C280892C48F204
:103DF0009CBABC8070277AF25561B7806D24ACF212
:103E0000AF1BB2807823DEF2ABE9AC808A2410F3DA
:103E100049CBA7809A2742F38BC0A280A12C74F3D0
:103E200070C99D809833A6F3FBE59880763CD8F363
:103E30002B16948034470AF4025A8F80CA533CF4FC
:103E400080B18A8031626EF4A51C86806072A0F415
:103E5000749B81805184D2F4EB2D7D80FA9704F518
:103E60000DD4788055AD36F5D98D74805AC468F577
:103E7000505B708001DD9AF5733C6C8043F7CCF5A4
:103E8000433168801713FFF5C0396480763031F60E
:103E9000EA556080584F63F6C3855C80B66F95F62F
:103EA0004CC958808891C7F683205580C5B4F9F66F
:103EB0006B8B518067D92BF7030A4E8065FF5DF746
:103EC0004D9C4A80B82690F748424780584FC2F729
:103ED000F6FB43803E79F4F756C9408061A426F88A
:103EE00069AA3D80BAD058F8319F3A8041FE8AF8DD
:103EF000ACA73780EF2CBDF8DCC33480BB5CEFF897
:103F0000C1F331809E8D21F95C372F8090BF53F92A
:103F1000AD8E2C808AF285F9B4F929808326B8F910
:103F200072782780755BEAF9E70A258056911CFABA
:103F300013B1228020C84EFAF86A2080CBFF80FAA5
:103F400094381E804F38B3FAE9191C80A471E5FA41
:103F5000F70E1A80C2AB17FBBF171880A2E649FB09
:103F6000403416803C227CFB7A641480895EAEFB70
:103F70006FA81280809BE0FB1E00118019D912FCF3
:103F8000886B0F804E1745FCACEA0D80165677FC07
:103F90008C7D0C806995A9FC27240B8041D5DBFC26
:103FA0007DDE098094150EFD90AC08805B5640FDC7
:103FB0005E8E07808F9772FDE883068028D9A4FD66
:103FC0002E8D05801E1BD7FD31AA0480695D09FE78
:103FD000F0DA038001A03BFE6C1F0380E0E26DFE7F
:103FE000A5770280FC25A0FE9BE301804F69D2FEED
:103FF0004D630180D0AC04FFBDF6008078F036FF41
:10400000E99D00803E3469FFD35800801D789BFFF6
:104010007A2700800ABCCDFFDE090080FF7F000008
:104020004176FB30825A825AFB3041760000FF7F96
:1040300004CF41767DA5825ABE89FB300080000006
:10404000BE8904CF7DA57DA504CFBE89FF7F00007A
:104050008A7DF8184176FB306D6A1C47825A825A75
:104060001C476D6AFB304176F8188A7D0000FF7F9F
:1040700007E78A7D04CF4176E3B86D6A7DA5825A51
:1040800092951C47BE89FB307582F81800800000AD
:10409000758207E7BE8904CF9295E3B87DA57DA51B
:1040A000E3B8929504CFBE8907E77582FF7F0000D1
:1040B000627F8B0C8A7DF8187D7A28254176FB304B
:1040C000E270563C6D6A1C47F2623351825A825A42
:1040D0003351F2621C476D6A563CE270FB30417608
:1040E00028257D7AF8188A7D8B0C627F0000FF7F7F
:1040F00074F3627F07E78A7DD7DA7D7A04CF417651
:10410000A9C3E270E3B86D6ACCAEF2627DA5825AB3
:104110000D9D335192951C471D8F563CBE89FB3037
:10412000828528257582F8189D808B0C0080000000
:104130009D8074F3758207E78285D7DABE8904CF44
:104140001D8FA9C39295E3B80D9DCCAE7DA57DA52D
:10415000CCAE0D9DE3B89295A9C31D8F04CFBE8947
:10416000D7DA828507E7758274F39D80FF7F0000B0
:10417000D87F4706627F8B0C9D7EC8128A7DF81817
:10418000297C191F7D7A282584781F2B4176FB30E6
:10419000B573BA36E270563CCA6DCE416D6A1C47A3
:1041A000CF663F4CF2623351D75EF555825A825A40
:1041B000F555D75E3351F2623F4CCF661C476D6AAE
:1041C000CE41CA6D563CE270BA36B573FB304176CB
:1041D0001F2B847828257D7A191F297CF8188A7D61
:1041E000C8129D7E8B0C627F4706D87F0000FF7F40
:1041F000B8F9D87F74F3627F37ED9D7E07E78A7D3B
:10420000E6E0297CD7DA7D7AE0D4847804CF417661
:1042100045C9B573A9C3E27031BECA6DE3B86D6A12
:10422000C0B3CF66CCAEF2620AAAD75E7DA5825A31
:1042300028A1F5550D9D335130993F4C92951C475F
:104240003592CE411D8F563C4A8CBA36BE89FB3022
:104250007B871F2B82852825D683191F7582F81826
:104260006281C8129D808B0C278047060080000069
:104270002780B8F99D8074F3628137ED758207E776
:10428000D683E6E08285D7DA7B87E0D4BE8904CF87
:104290004A8C45C91D8FA9C3359231BE9295E3B8AA
:1042A0003099C0B30D9DCCAE28A10AAA7DA57DA5ED
:1042B0000AAA28A1CCAE0D9DC0B33099E3B892955F
:1042C00031BE3592A9C31D8F45C94A8C04CFBE8922
:1042D000E0D47B87D7DA8285E6E0D68307E775826C
:1042E00037ED628174F39D80B8F92780FF7F00006D
:1042F000F67F2403D87F4706A77F6A09627F8B0C6D
:10430000097FAB0F9D7EC8121D7EE2158A7DF818CD
:10431000E37C0B1C297C191F5D7B23227D7A2825D9
:104320008A79262884781F2B6C77112E4176FB30F2
:104330000475DE33B573BA3655728C39E270563C6B
:104340005F6F173FCA6DCE41246C7A446D6A1C477B
:10435000A668B449CF663F4CE864BF4EF262335161
:10436000EC609B53D75EF555B45C4258825A825A32
:104370004258B45CF555D75E9B53EC603351F26202
:10438000BF4EE8643F4CCF66B449A6681C476D6ACF
:104390007A44246CCE41CA6D173F5F6F563CE27081
:1043A0008C395572BA36B573DE330475FB304176FD
:1043B000112E6C771F2B847826288A7928257D7A00
:1043C00023225D7B191F297C0B1CE37CF8188A7D56
:1043D000E2151D7EC8129D7EAB0F097F8B0C627F9C
:1043E0006A09A77F4706D87F2403F67F0000FF7F76
:1043F000DBFCF67FB8F9D87F95F6A77F74F3627F70
:1044000054F0097F37ED9D7E1DEA1D7E07E78A7D0A
:10441000F4E3E37CE6E0297CDCDD5D7BD7DA7D7AC2
:10442000D9D78A79E0D48478EED16C7704CF4176FD
:1044300021CC047545C9B57373C65572A9C3E27022
:10444000E8C05F6F31BECA6D85BB246CE3B86D6A8E
:104450004BB6A668C0B3CF6640B1E864CCAEF2629A
:1044600064ACEC600AAAD75EBDA7B45C7DA5825A95
:104470004BA3425828A1F555139F9B530D9D3351D3
:10448000179BBF4E30993F4C5997B44992951C47A2
:10449000DB937A443592CE41A090173F1D8F563C56
:1044A000AA8D8C394A8CBA36FB8ADE33BE89FB3042
:1044B0009388112E7B871F2B7586262882852825B9
:1044C000A2842322D683191F1C830B1C7582F81823
:1044D000E281E2156281C812F680AB0F9D808B0CE1
:1044E00058806A092780470609802403008000005D
:1044F0000980DBFC2780B8F9588095F69D8074F31D
:10450000F68054F0628137EDE2811DEA758207E79B
:104510001C83F4E3D683E6E0A284DCDD8285D7DA6F
:104520007586D9D77B87E0D49388EED1BE8904CF36
:10453000FB8A21CC4A8C45C9AA8D73C61D8FA9C39D
:10454000A090E8C0359231BEDB9385BB9295E3B86D
:1045500059974BB63099C0B3179B40B10D9DCCAE67
:10456000139F64AC28A10AAA4BA3BDA77DA57DA576
:10457000BDA74BA30AAA28A164AC139FCCAE0D9D86
:1045800040B1179BC0B330994BB65997E3B8929599
:1045900085BBDB9331BE3592E8C0A090A9C31D8FC7
:1045A00073C6AA8D45C94A8C21CCFB8A04CFBE892B
:1045B000EED19388E0D47B87D9D77586D7DA828508
:1045C000DCDDA284E6E0D683F4E31C8307E7758292
:1045D0001DEAE28137ED628154F0F68074F39D802C
:1045E00095F65880B8F92780DBFC0980FF7F000032
:1045F000FD7F9201F67F2403E97FB604D87F47064A
:10460000C27FD907A77F6A09877FFB0A627F8B0C6D
:10461000387F1B0E097FAB0FD57E39119D7EC812E6
:104620005F7E55141D7EE215D67D6D178A7DF818C4
:10463000397D821AE37C0B1C897C931D297C191F10
:10464000C57B9F205D7B2322EF7AA6237D7A2825D8
:10465000057AA8268A7926280979A32984781F2B28
:10466000FA77982C6C77112ED976872F4176FB300C
:10467000A5756E320475DE335F744D35B573BA3689
:104680000773243855728C399E71F23AE270563CA9
:104690002370B83D5F6F173F966E7340CA6DCE4171
:1046A000F96C2543246C7A444A6BCD456D6A1C47EE
:1046B0008C696948A668B449BD67FB4ACF663F4C20
:1046C000DD65814DE864BF4EEF63FB4FF26233510D
:1046D000F1616952EC609B53E35FCA54D75EF555B4
:1046E000C75D1D57B45C42589D5B6459825A825A1B
:1046F00064599D5B4258B45C1D57C75DF555D75E44
:10470000CA54E35F9B53EC606952F1613351F2622A
:10471000FB4FEF63BF4EE864814DDD653F4CCF66D4
:10472000FB4ABD67B449A66869488C691C476D6A35
:10473000CD454A6B7A44246C2543F96CCE41CA6D51
:104740007340966E173F5F6FB83D2370563CE27022
:10475000F23A9E718C39557224380773BA36B573A4
:104760004D355F74DE3304756E32A575FB304176CE
:10477000872FD976112E6C77982CFA771F2B847897
:10478000A329097926288A79A826057A28257D7AF9
:10479000A623EF7A23225D7B9F20C57B191F297CEE
:1047A000931D897C0B1CE37C821A397DF8188A7D65
:1047B0006D17D67DE2151D7E55145F7EC8129D7E55
:1047C0003911D57EAB0F097F1B0E387F8B0C627FB2
:1047D000FB0A877F6A09A77FD907C27F4706D87F70
:1047E000B604E97F2403F67F9201FD7F0000FF7F7E
:1047F0006DFEFD7FDBFCF67F49FBE97FB8F9D87FD2
:1048000026F8C27F95F6A77F04F5877F74F3627F51
:10481000E4F1387F54F0097FC6EED57E37ED9D7EFA
:10482000AAEB5F7E1DEA1D7E92E8D67D07E78A7DB2
:104830007DE5397DF4E3E37C6CE2897CE6E0297C6C
:1048400060DFC57BDCDD5D7B59DCEF7AD7DA7D7A12
:1048500057D9057AD9D78A795CD60979E0D4847892
:1048600067D3FA77EED16C7778D0D97604CF4176DA
:1048700091CDA57521CC0475B2CA5F7445C9B573D5
:10488000DBC7077373C655720DC59E71A9C3E2706D
:1048900047C22370E8C05F6F8CBF966E31BECA6D91
:1048A000DABCF96C85BB246C32BA4A6BE3B86D6A2A
:1048B00096B78C694BB6A66804B5BD67C0B3CF6622
:1048C0007EB2DD6540B1E86404B0EF63CCAEF26265
:1048D00096ADF16164ACEC6035ABE35F0AAAD75EDC
:1048E000E2A8C75DBDA7B45C9BA69D5B7DA5825A6F
:1048F00062A464594BA3425838A21D5728A1F5550C
:104900001CA0CA54139F9B530E9E69520D9D335198
:10491000109CFB4F179BBF4E229A814D30993F4C04
:104920004298FB4A5997B4497396694892951C4737
:10493000B594CD45DB937A44069325433592CE4119
:1049400069917340A090173FDC8FB83D1D8F563C96
:10495000618EF23AAA8D8C39F88C24384A8CBA369A
:10496000A08B4D35FB8ADE335A8A6E32BE89FB300E
:104970002689872F9388112E0588982C7B871F2BDB
:10498000F686A32975862628FA85A82682852825F5
:104990001085A623A28423223A849F20D683191F40
:1049A0007683931D1C830B1CC682821A7582F818AD
:1049B00029826D17E281E215A08155146281C81227
:1049C0002A813911F680AB0FC7801B0E9D808B0C9E
:1049D0007880FB0A58806A093D80D90727804706FE
:1049E0001680B60409802403028092010080000032
:1049F00002806DFE0980DBFC168049FB2780B8F938
:104A00003D8026F8588095F6788004F59D8074F3F3
:104A1000C780E4F1F68054F02A81C6EE628137ED5A
:104A2000A081AAEBE2811DEA298292E8758207E75C
:104A3000C6827DE51C83F4E376836CE2D683E6E0F0
:104A40003A8460DFA284DCDD108559DC8285D7DA08
:104A5000FA8557D97586D9D7F6865CD67B87E0D498
:104A6000058867D39388EED1268978D0BE8904CF94
:104A70005A8A91CDFB8A21CCA08BB2CA4A8C45C9F7
:104A8000F88CDBC7AA8D73C6618E0DC51D8FA9C3B7
:104A9000DC8F47C2A090E8C069918CBF359231BECF
:104AA0000693DABCDB9385BBB59432BA9295E3B832
:104AB000739696B759974BB6429804B53099C0B3E0
:104AC000229A7EB2179B40B1109C04B00D9DCCAED3
:104AD0000E9E96AD139F64AC1CA035AB28A10AAA0C
:104AE00038A2E2A84BA3BDA762A49BA67DA57DA585
:104AF0009BA662A4BDA74BA3E2A838A20AAA28A13C
:104B000035AB1CA064AC139F96AD0E9ECCAE0D9D34
:104B100004B0109C40B1179B7EB2229AC0B330996A
:104B200004B542984BB6599796B77396E3B89295E9
:104B300032BAB59485BBDB93DABC069331BE3592AD
:104B40008CBF6991E8C0A09047C2DC8FA9C31D8FBC
:104B50000DC5618E73C6AA8DDBC7F88C45C94A8C1A
:104B6000B2CAA08B21CCFB8A91CD5A8A04CFBE89D0
:104B700078D02689EED1938867D30588E0D47B87E7
:104B80005CD6F686D9D7758657D9FA85D7DA828565
:104B900059DC1085DCDDA28460DF3A84E6E0D68350
:104BA0006CE27683F4E31C837DE5C68207E77582B9
:104BB00092E829821DEAE281AAEBA08137ED6281A9
:104BC000C6EE2A8154F0F680E4F1C78074F39D802C
:104BD00004F5788095F6588026F83D80B8F927804E
:104BE00049FB1680DBFC09806DFE0280FF7F000020
:104BF000FF7FC900FD7F9201FA7F5B02F67F2403ED
:104C0000F07FED03E97FB604E17F7F05D87F47069B
:104C1000CE7F1007C27FD907B57FA208A77F6A0998
:104C2000977F330A877FFB0A757FC30B627F8B0CEC
:104C30004D7F530D387F1B0E217FE30E097FAB0F95
:104C4000F07E7210D57E3911BA7E01129D7EC81297
:104C50007F7E8E135F7E55143F7E1B151D7EE215F1
:104C6000FA7DA816D67D6D17B07D33188A7DF818A9
:104C7000627DBD19397D821A0F7D471BE37C0B1CB9
:104C8000B77CCF1C897C931D5A7C561E297C191F2A
:104C9000F87BDC1FC57B9F20927B61215D7B2322FB
:104CA000267BE522EF7AA623B67A67247D7A28252B
:104CB000427AE825057AA826C87967278A792628BE
:104CC0004A79E5280979A329C778612A84781F2BB6
:104CD0004078DC2BFA77982CB477552D6C77112E11
:104CE0002377CC2ED976872F8E7641304176FB30D4
:104CF000F475B531A5756E32557526330475DE33FE
:104D0000B27496345F744D350B740436B573BA368D
:104D10005F736F3707732438AF72D83855728C3988
:104D2000FA71403A9E71F23A4171A53BE270563CED
:104D30008370073D2370B83DC16F683E5F6F173FBA
:104D4000FB6EC53F966E7340306E2141CA6DCE41F9
:104D5000626D7A42F96C25438F6CD043246C7A449F
:104D6000B86B24454A6BCD45DC6A75466D6A1C47B5
:104D7000FD69C3478C69694819690F49A668B44938
:104D80003268584ABD67FB4A46679E4BCF663F4C28
:104D90005766E14CDD65814D6365214EE864BF4E89
:104DA0006C645E4FEF63FB4F71639750F262335157
:104DB0007162CE51F16169526F610253EC609B5395
:104DC00068603354E35FCA545E5F6055D75EF55543
:104DD000505E8A56C75D1D573E5DB057B45C425861
:104DE000295CD4589D5B6459105BF359825A825AEE
:104DF000F359105B64599D5BD458295C4258B45CEC
:104E0000B0573E5D1D57C75D8A56505EF555D75E5B
:104E100060555E5FCA54E35F335468609B53EC6037
:104E200002536F616952F161CE5171623351F26286
:104E300097507163FB4FEF635E4F6C64BF4EE86445
:104E4000214E6365814DDD65E14C57663F4CCF6671
:104E50009E4B4667FB4ABD67584A3268B449A6680C
:104E60000F49196969488C69C347FD691C476D6A18
:104E70007546DC6ACD454A6B2445B86B7A44246C90
:104E8000D0438F6C2543F96C7A42626DCE41CA6D76
:104E90002141306E7340966EC53FFB6E173F5F6FCA
:104EA000683EC16FB83D2370073D8370563CE27089
:104EB000A53B4171F23A9E71403AFA718C395572B4
:104EC000D838AF72243807736F375F73BA36B5734B
:104ED00004360B744D355F749634B274DE3304754A
:104EE000263355756E32A575B531F475FB304176B4
:104EF00041308E76872FD976CC2E2377112E6C7782
:104F0000552DB477982CFA77DC2B40781F2B8478BA
:104F1000612AC778A3290979E5284A7926288A7958
:104F20006727C879A826057AE825427A28257D7A58
:104F30006724B67AA623EF7AE522267B23225D7BBF
:104F40006121927B9F20C57BDC1FF87B191F297C88
:104F5000561E5A7C931D897CCF1CB77C0B1CE37CAE
:104F6000471B0F7D821A397DBD19627DF8188A7D35
:104F70003318B07D6D17D67DA816FA7DE2151D7E1B
:104F80001B153F7E55145F7E8E137F7EC8129D7E5B
:104F90000112BA7E3911D57E7210F07EAB0F097FF7
:104FA000E30E217F1B0E387F530D4D7F8B0C627FEC
:104FB000C30B757FFB0A877F330A977F6A09A77F38
:104FC000A208B57FD907C27F1007CE7F4706D87FDA
:104FD0007F05E17FB604E97FED03F07F2403F67FD0
:104FE0005B02FA7F9201FD7FC900FF7F0000FF7F17
:104FF00036FFFF7F6DFEFD7FA4FDFA7FDBFCF67FB1
:1050000012FCF07F49FBE97F80FAE17FB8F9D87F95
:10501000EFF8CE7F26F8C27F5DF7B57F95F6A77FC4
:10502000CCF5977F04F5877F3CF4757F74F3627F3E
:10503000ACF24D7FE4F1387F1CF1217F54F0097F01
:105040008DEFF07EC6EED57EFEEDBA7E37ED9D7E0D
:1050500071EC7F7EAAEB5F7EE4EA3F7E1DEA1D7E57
:1050600057E9FA7D92E8D67DCCE7B07D07E78A7DE7
:1050700042E6627D7DE5397DB8E40F7DF4E3E37CB3
:1050800030E3B77C6CE2897CA9E15A7CE6E0297CBC
:1050900023E0F87B60DFC57B9EDE927BDCDD5D7B01
:1050A0001ADD267B59DCEF7A98DBB67AD7DA7D7A7F
:1050B00017DA427A57D9057A98D8C879D9D78A7930
:1050C0001AD74A795CD609799ED5C778E0D4847816
:1050D00023D4407867D3FA77AAD2B477EED16C772D
:1050E00033D1237778D0D976BECF8E7604CF417670
:1050F0004ACEF47591CDA575D9CC557521CC0475E2
:1051000069CBB274B2CA5F74FBC90B7445C9B5737D
:1051100090C85F73DBC7077327C7AF7273C655723A
:10512000BFC5FA710DC59E715AC44171A9C3E27021
:10513000F8C2837047C2237097C1C16FE8C05F6F28
:105140003AC0FB6E8CBF966EDEBE306E31BECA6D4D
:1051500085BD626DDABCF96C2FBC8F6C85BB246C8D
:10516000DBBAB86B32BA4A6B8AB9DC6AE3B86D6AEB
:105170003CB8FD6996B78C69F0B619694BB6A6685C
:10518000A7B5326804B5BD6761B44667C0B3CF66E2
:105190001EB357667EB2DD65DEB1636540B1E8647B
:1051A000A1B06C6404B0EF6368AF7163CCAEF2621F
:1051B00031AE716296ADF161FDAC6F6164ACEC60D3
:1051C000CCAB686035ABE35F9FAA5E5F0AAAD75E8F
:1051D00075A9505EE2A8C75D4FA83E5DBDA7B45C4F
:1051E0002BA7295C9BA69D5B0CA6105B7DA5825A14
:1051F000EFA4F35962A46459D6A3D4584BA34258E0
:10520000C1A2B05738A21D57AFA18A5628A1F555A3
:10521000A1A060551CA0CA54979F3354139F9B5361
:10522000909E02530E9E69528E9DCE510D9D33511C
:105230008E9C9750109CFB4F939B5E4F179BBF4ECD
:105240009C9A214E229A814DA899E14C30993F4C6D
:10525000B9989E4B4298FB4ACD97584A5997B44902
:10526000E6960F49739669480296C34792951C4784
:1052700023957546B594CD4547942445DB937A44F0
:105280007093D043069325439D927A423592CE4146
:10529000CF912141699173400491C53FA090173F80
:1052A0003E90683EDC8FB83D7C8F073D1D8F563C9D
:1052B000BE8EA53B618EF23A058E403AAA8D8C399E
:1052C000508DD838F88C2438A08C6F374A8CBA3679
:1052D000F48B0436A08B4D354D8B9634FB8ADE3330
:1052E000AA8A26335A8A6E320B8AB531BE89FB30C0
:1052F000718941302689872FDC88CC2E9388112E26
:105300004B88552D0588982CBF87DC2B7B871F2B5E
:105310003887612AF686A329B586E528758626286A
:1053200037866727FA85A826BD85E8258285282542
:10533000498567241085A623D984E522A2842322E7
:105340006D8461213A849F200784DC1FD683191F56
:10535000A583561E7683931D4883CF1C1C830B1C8C
:10536000F082471BC682821A9D82BD197582F81889
:105370004F82331829826D170582A816E281E21543
:10538000C0811B15A081551480818E136281C812C3
:10539000458101122A8139110F817210F680AB0FFD
:1053A000DE80E30EC7801B0EB280530D9D808B0CF8
:1053B0008A80C30B7880FB0A6880330A58806A09A8
:1053C0004A80A2083D80D907318010072780470610
:1053D0001E807F051680B6040F80ED03098024032C
:1053E00005805B02028092010080C90000800000FD
:1053F000008036FF02806DFE0580A4FD0980DBFC85
:105400000F8012FC168049FB1E8080FA2780B8F9B5
:105410003180EFF83D8026F84A805DF7588095F698
:105420006880CCF5788004F58A803CF49D8074F324
:10543000B280ACF2C780E4F1DE801CF1F68054F05B
:105440000F818DEF2A81C6EE4581FEED628137ED39
:10545000808171ECA081AAEBC081E4EAE2811DEABF
:10546000058257E9298292E84F82CCE7758207E7E7
:105470009D8242E6C6827DE5F082B8E41C83F4E3B7
:10548000488330E376836CE2A583A9E1D683E6E026
:10549000078423E03A8460DF6D849EDEA284DCDD35
:1054A000D9841ADD108559DC498598DB8285D7DAE5
:1054B000BD8517DAFA8557D9378698D87586D9D732
:1054C000B5861AD7F6865CD638879ED57B87E0D41A
:1054D000BF8723D4058867D34B88AAD29388EED19F
:1054E000DC8833D1268978D07189BECFBE8904CFBC
:1054F0000B8A4ACE5A8A91CDAA8AD9CCFB8A21CC72
:105500004D8B69CBA08BB2CAF48BFBC94A8C45C9C1
:10551000A08C90C8F88CDBC7508D27C7AA8D73C6A6
:10552000058EBFC5618E0DC5BE8E5AC41D8FA9C321
:105530007C8FF8C2DC8F47C23E9097C1A090E8C034
:1055400004913AC069918CBFCF91DEBE359231BED5
:105550009D9285BD0693DABC70932FBCDB9385BB0F
:105560004794DBBAB59432BA23958AB99295E3B8D9
:1055700002963CB8739696B7E696F0B659974BB636
:10558000CD97A7B5429804B5B99861B43099C0B326
:10559000A8991EB3229A7EB29C9ADEB1179B40B1A5
:1055A000939BA1B0109C04B08E9C68AF0D9DCCAEB7
:1055B0008E9D31AE0E9E96AD909EFDAC139F64AC59
:1055C000979FCCAB1CA035ABA1A09FAA28A10AAA8B
:1055D000AFA175A938A2E2A8C1A24FA84BA3BDA74D
:1055E000D6A32BA762A49BA6EFA40CA67DA57DA5A0
:1055F0000CA6EFA49BA662A42BA7D6A3BDA74BA382
:105600004FA8C1A2E2A838A275A9AFA10AAA28A1F1
:105610009FAAA1A035AB1CA0CCAB979F64AC139FF5
:10562000FDAC909E96AD0E9E31AE8E9DCCAE0D9D86
:1056300068AF8E9C04B0109CA1B0939B40B1179BA7
:10564000DEB19C9A7EB2229A1EB3A899C0B330995B
:1056500061B4B99804B54298A7B5CD974BB65997A0
:10566000F0B6E69696B773963CB80296E3B8929574
:105670008AB9239532BAB594DBBA479485BBDB93DC
:105680002FBC7093DABC069385BD9D9231BE3592D6
:10569000DEBECF918CBF69913AC00491E8C0A09062
:1056A00097C13E9047C2DC8FF8C27C8FA9C31D8F83
:1056B0005AC4BE8E0DC5618EBFC5058E73C6AA8D38
:1056C00027C7508DDBC7F88C90C8A08C45C94A8C81
:1056D000FBC9F48BB2CAA08B69CB4D8B21CCFB8A62
:1056E000D9CCAA8A91CD5A8A4ACE0B8A04CFBE89D8
:1056F000BECF718978D0268933D1DC88EED19388EA
:10570000AAD24B8867D3058823D4BF87E0D47B8790
:105710009ED538875CD6F6861AD7B586D9D77586D2
:1057200098D8378657D9FA8517DABD85D7DA8285B2
:1057300098DB498559DC10851ADDD984DCDDA2842B
:105740009EDE6D8460DF3A8423E00784E6E0D68342
:10575000A9E1A5836CE2768330E34883F4E31C83FC
:10576000B8E4F0827DE5C68242E69D8207E7758255
:10577000CCE74F8292E8298257E905821DEAE2814F
:10578000E4EAC081AAEBA08171EC808137ED6281EF
:10579000FEED4581C6EE2A818DEF0F8154F0F68033
:1057A0001CF1DE80E4F1C780ACF2B28074F39D801E
:1057B0003CF48A8004F57880CCF5688095F65880B2
:1057C0005DF74A8026F83D80EFF83180B8F92780F0
:1057D00080FA1E8049FB168012FC0F80DBFC0980DA
:1057E000A4FD05806DFE028036FF0080FF7F000073
:1057F000FF7F6400FF7FC900FE7F2D01FD7F9201C6
:10580000FC7FF601FA7F5B02F87FBF02F67F24037C
:10581000F37F8803F07FED03ED7F5104E97FB60449
:10582000E57F1A05E17F7F05DD7FE305D87F470629
:10583000D37FAC06CE7F1007C87F7507C27FD9071C
:10584000BC7F3D08B57FA208AE7F0609A77F6A0925
:105850009F7FCE09977F330A8F7F970A877FFB0A46
:105860007E7F5F0B757FC30B6B7F270C627F8B0C7A
:10587000587FEF0C4D7F530D437FB70D387F1B0EC4
:105880002D7F7F0E217FE30E157F470F097FAB0F22
:10589000FD7E0E10F07E7210E37ED610D57E39119B
:1058A000C87E9D11BA7E0112AB7E64129D7EC81225
:1058B0008E7E2B137F7E8E136F7EF2135F7E5514C8
:1058C0004F7EB8143F7E1B152E7E7F151D7EE21580
:1058D0000C7E4516FA7DA816E87D0A17D67D6D1751
:1058E000C37DD017B07D33189D7D96188A7DF8183A
:1058F000767D5B19627DBD194E7D201A397D821A35
:10590000247DE41A0F7D471BF97CA91BE37C0B1C4B
:10591000CD7C6D1CB77CCF1CA07C311D897C931D78
:10592000717CF51D5A7C561E427CB81E297C191FBD
:10593000117C7B1FF87BDC1FDF7B3E20C57B9F201B
:10594000AC7B0021927B6121777BC2215D7B23228E
:10595000427B8422267BE5220B7B4523EF7AA6231C
:10596000D37A0724B67A67249A7AC7247D7A2825C1
:105970005F7A8825427AE825247A4826057AA8267F
:10598000E7790727C8796727A979C7278A79262859
:105990006A7986284A79E5282A7944290979A32948
:1059A000E878022AC778612AA678C02A84781F2B53
:1059B00062787D2B4078DC2B1D783A2CFA77982C76
:1059C000D777F72CB477552D9077B32D6C77112EB0
:1059D00047776E2E2377CC2EFE76292FD976872F08
:1059E000B376E42F8E76413068769E304176FB3078
:1059F0001B765831F475B531CC751132A5756E3200
:105A00007D75CA32557526332D7582330475DE33A4
:105A1000DB743A34B27496348974F2345F744D3561
:105A20003574A8350B740436E0735F36B573BA3637
:105A30008A7314375F736F373373CA370773243829
:105A4000DB727E38AF72D8388272323955728C3937
:105A50002772E639FA71403ACC71993A9E71F23A5E
:105A60006F714C3B4171A53B1271FD3BE270563C9E
:105A7000B370AF3C8370073D5370603D2370B83DF9
:105A8000F26F103EC16F683E906FBF3E5F6F173F71
:105A90002D6F6E3FFB6EC53FC96E1D40966E734005
:105AA000636ECA40306E2141FD6D7741CA6DCE41B3
:105AB000966D2442626D7A422D6DD042F96C254379
:105AC000C46C7B438F6CD043596C2544246C7A445E
:105AD000EE6BCF44B86B2445816B78454A6BCD455E
:105AE000136B2146DC6A7546A56AC9466D6A1C4778
:105AF000356A7047FD69C347C46916488C696948AF
:105B00005369BC4819690F49E0686149A668B449FE
:105B10006C68064A3268584AF767A94ABD67FB4A6B
:105B200082674C4B46679E4B0B67EF4BCF663F4CF3
:105B30009366904C5766E14C1A66314DDD65814D98
:105B4000A065D14D6365214E2665704EE864BF4E59
:105B5000AA640F4F6C645E4F2D64AC4FEF63FB4F34
:105B6000B0634950716397503163E550F26233512D
:105B7000B26281517162CE5131621C52F16169523F
:105B8000B061B5526F6102532D614E53EC609B536F
:105B9000AA60E7536860335426607E54E35FCA54BA
:105BA000A05F15555E5F60551A5FAB55D75EF55522
:105BB000935E4056505E8A560B5ED456C75D1D57A5
:105BC000835D67573E5DB057F95CF957B45C425846
:105BD0006E5C8B58295CD458E35B1C599D5B6459FF
:105BE000565BAC59105BF359C95A3B5A825A825AD8
:105BF0003B5AC95AF359105BAC59565B64599D5BCB
:105C00001C59E35BD458295C8B586E5C4258B45CD9
:105C1000F957F95CB0573E5D6757835D1D57C75D07
:105C2000D4560B5E8A56505E4056935EF555D75E4D
:105C3000AB551A5F60555E5F1555A05FCA54E35FB0
:105C40007E54266033546860E753AA609B53EC602F
:105C50004E532D6102536F61B552B0616952F161CB
:105C60001C523162CE5171628151B2623351F26283
:105C7000E5503163975071634950B063FB4FEF6358
:105C8000AC4F2D645E4F6C640F4FAA64BF4EE86446
:105C9000704E2665214E6365D14DA065814DDD6551
:105CA000314D1A66E14C5766904C93663F4CCF6677
:105CB000EF4B0B679E4B46674C4B8267FB4ABD67B9
:105CC000A94AF767584A3268064A6C68B449A66818
:105CD0006149E0680F491969BC48536969488C6992
:105CE0001648C469C347FD697047356A1C476D6A29
:105CF000C946A56A7546DC6A2146136BCD454A6BD9
:105D00007845816B2445B86BCF44EE6B7A44246CA4
:105D10002544596CD0438F6C7B43C46C2543F96C8C
:105D2000D0422D6D7A42626D2442966DCE41CA6D8D
:105D30007741FD6D2141306ECA40636E7340966EAF
:105D40001D40C96EC53FFB6E6E3F2D6F173F5F6FE5
:105D5000BF3E906F683EC16F103EF26FB83D23703A
:105D6000603D5370073D8370AF3CB370563CE270AA
:105D7000FD3B1271A53B41714C3B6F71F23A9E7134
:105D8000993ACC71403AFA71E63927728C395572DA
:105D900032398272D838AF727E38DB72243807739A
:105DA000CA3733736F375F7314378A73BA36B57374
:105DB0005F36E07304360B74A83535744D355F7467
:105DC000F23489749634B2743A34DB74DE33047579
:105DD00082332D7526335575CA327D756E32A575A1
:105DE0001132CC75B531F47558311B76FB304176E4
:105DF0009E30687641308E76E42FB376872FD97641
:105E0000292FFE76CC2E23776E2E4777112E6C77B6
:105E1000B32D9077552DB477F72CD777982CFA7748
:105E20003A2C1D78DC2B40787D2B62781F2B8478F0
:105E3000C02AA678612AC778022AE878A3290979B6
:105E400044292A79E5284A7986286A7926288A7990
:105E5000C727A9796727C8790727E779A826057A88
:105E60004826247AE825427A88255F7A28257D7A93
:105E7000C7249A7A6724B67A0724D37AA623EF7ABE
:105E800045230B7BE522267B8422427B23225D7BFC
:105E9000C221777B6121927B0021AC7B9F20C57B57
:105EA0003E20DF7BDC1FF87B7B1F117C191F297CC8
:105EB000B81E427C561E5A7CF51D717C931D897C50
:105EC000311DA07CCF1CB77C6D1CCD7C0B1CE37CF2
:105ED000A91BF97C471B0F7DE41A247D821A397DAA
:105EE000201A4E7DBD19627D5B19767DF8188A7D7A
:105EF00096189D7D3318B07DD017C37D6D17D67D64
:105F00000A17E87DA816FA7D45160C7EE2151D7E5F
:105F10007F152E7E1B153F7EB8144F7E55145F7E75
:105F2000F2136F7E8E137F7E2B138E7EC8129D7EA2
:105F30006412AB7E0112BA7E9D11C87E3911D57EE6
:105F4000D610E37E7210F07E0E10FD7EAB0F097F3F
:105F5000470F157FE30E217F7F0E2D7F1B0E387FAD
:105F6000B70D437F530D4D7FEF0C587F8B0C627F35
:105F7000270C6B7FC30B757F5F0B7E7FFB0A877FD0
:105F8000970A8F7F330A977FCE099F7F6A09A77F81
:105F90000609AE7FA208B57F3D08BC7FD907C27F46
:105FA0007507C87F1007CE7FAC06D37F4706D87F22
:105FB000E305DD7F7F05E17F1A05E57FB604E97F14
:105FC0005104ED7FED03F07F8803F37F2403F67F18
:105FD000BF02F87F5B02FA7FF601FC7F9201FD7F32
:105FE0002D01FE7FC900FF7F6400FF7F0000FF7F5F
:105FF0009BFFFF7F36FFFF7FD2FEFE7F6DFEFD7FA2
:1060000009FEFC7FA4FDFA7F40FDF87FDBFCF67FF4
:1060100077FCF37F12FCF07FAEFBED7F49FBE97F5D
:10602000E5FAE57F80FAE17F1CFADD7FB8F9D87FD9
:1060300053F9D37FEFF8CE7F8AF8C87F26F8C27F66
:10604000C2F7BC7F5DF7B57FF9F6AE7F95F6A77F07
:1060500031F69F7FCCF5977F68F58F7F04F5877FBA
:10606000A0F47E7F3CF4757FD8F36B7F74F3627F7E
:1060700010F3587FACF24D7F48F2437FE4F1387F54
:1060800080F12D7F1CF1217FB8F0157F54F0097F3E
:10609000F1EFFD7E8DEFF07E29EFE37EC6EED57E3B
:1060A00062EEC87EFEEDBA7E9BEDAB7E37ED9D7E47
:1060B000D4EC8E7E71EC7F7E0DEC6F7EAAEB5F7E62
:1060C00047EB4F7EE4EA3F7E80EA2E7E1DEA1D7E8E
:1060D000BAE90C7E57E9FA7DF5E8E87D92E8D67DCD
:1060E0002FE8C37DCCE7B07D69E79D7D07E78A7D1A
:1060F000A4E6767D42E6627DDFE54E7D7DE5397D75
:106100001BE5247DB8E40F7D56E4F97CF4E3E37CE1
:1061100092E3CD7C30E3B77CCEE2A07C6CE2897C5C
:106120000AE2717CA9E15A7C47E1427CE6E0297CE5
:1061300084E0117C23E0F87BC1DFDF7B60DFC57B7F
:10614000FFDEAC7B9EDE927B3DDE777BDCDD5D7B24
:106150007BDD427B1ADD267BBADC0B7B59DCEF7AD8
:10616000F8DBD37A98DBB67A38DB9A7AD7DA7D7A9D
:1061700077DA5F7A17DA427AB7D9247A57D9057A6B
:10618000F8D8E77998D8C87938D8A979D9D78A7949
:1061900079D76A791AD74A79BBD62A795CD6097930
:1061A000FDD5E8789ED5C7783FD5A678E0D4847829
:1061B00082D4627823D44078C5D31D7867D3FA7728
:1061C00008D3D777AAD2B4774CD29077EED16C7738
:1061D00091D1477733D12377D6D0FE7678D0D97650
:1061E0001BD0B376BECF8E7661CF687604CF417672
:1061F000A7CE1B764ACEF475EECDCC7591CDA575A4
:1062000035CD7D75D9CC55757DCC2D7521CC0475DA
:10621000C5CBDB7469CBB2740DCB8974B2CA5F7421
:1062200057CA3574FBC90B74A0C9E07345C9B5736F
:10623000EBC88A7390C85F7335C83373DBC70773C5
:1062400081C7DB7227C7AF72CDC6827273C6557223
:1062500019C62772BFC5FA7166C5CC710DC59E718E
:10626000B3C46F715AC4417102C41271A9C3E27000
:1062700050C3B370F8C283709FC2537047C223707B
:10628000EFC1F26F97C1C16F40C1906FE8C05F6FFF
:1062900091C02D6F3AC0FB6EE2BFC96E8CBF966E87
:1062A00035BF636EDEBE306E88BEFD6D31BECA6D19
:1062B000DBBD966D85BD626D2FBD2D6DDABCF96CB1
:1062C00084BCC46C2FBC8F6CDABB596C85BB246C4E
:1062D00030BBEE6BDBBAB86B87BA816B32BA4A6BF4
:1062E000DEB9136B8AB9DC6A36B9A56AE3B86D6AA0
:1062F0008FB8356A3CB8FD69E9B7C46996B78C694F
:1063000043B75369F0B619699EB6E0684BB6A66804
:10631000F9B56C68A7B5326856B5F76704B5BD67BF
:10632000B3B4826761B4466710B40B67C0B3CF667D
:106330006FB393661EB35766CEB21A667EB2DD6542
:106340002EB2A065DEB163658FB1266540B1E86409
:10635000F0B0AA64A1B06C6453B02D6404B0EF63D4
:10636000B6AFB06368AF71631AAF3163CCAEF2629F
:106370007EAEB26231AE7162E3AD316296ADF16173
:106380004AADB061FDAC6F61B1AC2D6164ACEC6045
:1063900018ACAA60CCAB686081AB266035ABE35F1C
:1063A000EAAAA05F9FAA5E5F54AA1A5F0AAAD75EF4
:1063B000BFA9935E75A9505E2BA90B5EE2A8C75DCD
:1063C00098A8835D4FA83E5D06A8F95CBDA7B45CA4
:1063D00074A76E5C2BA7295CE3A6E35B9BA69D5B81
:1063E00053A6565B0CA6105BC4A5C95A7DA5825A5C
:1063F00036A53B5AEFA4F359A9A4AC5962A4645939
:106400001CA41C59D6A3D45891A38B584BA3425813
:1064100006A3F957C1A2B0577CA2675738A21D57EF
:10642000F4A1D456AFA18A566CA1405628A1F555C7
:10643000E5A0AB55A1A060555FA015551CA0CA549E
:10644000D99F7E54979F3354559FE753139F9B5377
:10645000D29E4E53909E02534F9EB5520E9E69524D
:10646000CE9D1C528E9DCE514D9D81510D9D33511F
:10647000CE9CE5508E9C97504F9C4950109CFB4FF2
:10648000D29BAC4F939B5E4F559B0F4F179BBF4EBC
:10649000D99A704E9C9A214E5F9AD14D229A814D85
:1064A000E599314DA899E14C6C99904C30993F4C4D
:1064B000F498EF4BB9989E4B7D984C4B4298FB4A11
:1064C0000898A94ACD97584A9397064A5997B449CC
:1064D0001F976149E6960F49AC96BC487396694888
:1064E0003B9616480296C347CA95704792951C473B
:1064F0005A95C94623957546EC942146B594CD45E9
:106500007E947845479424451194CF44DB937A4494
:10651000A69325447093D0433B937B430693254336
:10652000D292D0429D927A42699224423592CE41D3
:1065300002927741CF9121419C91CA406991734069
:1065400036911D400491C53FD2906E3FA090173FF9
:106550006F90BF3E3E90683E0D90103EDC8FB83D80
:10656000AC8F603D7C8F073D4C8FAF3C1D8F563C00
:10657000ED8EFD3BBE8EA53B908E4C3B618EF23A7C
:10658000338E993A058E403AD88DE639AA8D8C39EA
:106590007D8D3239508DD838248D7E38F88C243852
:1065A000CC8CCA37A08C6F37758C14374A8CBA36AE
:1065B0001F8C5F36F48B0436CA8BA835A08B4D3503
:1065C000768BF2344D8B9634248B3A34FB8ADE334F
:1065D000D28A8233AA8A2633828ACA325A8A6E3291
:1065E000338A11320B8AB531E4895831BE89FB30C8
:1065F00097899E30718941304C89E42F2689872FF5
:106600000189292FDC88CC2EB8886E2E9388112E14
:106610006F88B32D4B88552D2888F72C0588982C2A
:10662000E2873A2CBF87DC2B9D877D2B7B871F2B36
:106630005987C02A3887612A1787022AF686A32934
:10664000D5864429B586E528958686287586262828
:106650005686C7273786672718860727FA85A8260C
:10666000DB854826BD85E825A085882582852825E7
:106670006585C724498567242C8507241085A623B2
:10668000F4844523D984E522BD848422A284232274
:106690008884C2216D846121538400213A849F2023
:1066A00020843E200784DC1FEE837B1FD683191FC6
:1066B000BD83B81EA583561E8E83F51D7683931D5C
:1066C0005F83311D4883CF1C32836D1C1C830B1CE0
:1066D0000683A91BF082471BDB82E41AC682821A5A
:1066E000B182201A9D82BD1989825B197582F818C2
:1066F000628296184F8233183C82D01729826D1718
:1067000017820A170582A816F3814516E281E21561
:10671000D1817F15C0811B15B081B814A08155149B
:106720009081F21380818E1371812B136281C812C4
:10673000548164124581011237819D112A813911DA
:106740001C81D6100F81721002810E10F680AB0FE3
:10675000EA80470FDE80E30ED2807F0EC7801B0EDB
:10676000BC80B70DB280530DA780EF0C9D808B0CC1
:106770009480270C8A80C30B81805F0B7880FB0A92
:106780007080970A6880330A6080CE0958806A0951
:10679000518006094A80A20843803D083D80D90700
:1067A00037807507318010072C80AC06278047069C
:1067B0002280E3051E807F051A801A051680B60424
:1067C000128051040F80ED030C808803098024039C
:1067D0000780BF0205805B020380F6010280920100
:1067E00001802D010080C90000806400008000004D
:1067F00000809BFF008036FF0180D2FE02806DFE8C
:10680000038009FE0580A4FD078040FD0980DBFCB4
:106810000C8077FC0F8012FC1280AEFB168049FBC7
:106820001A80E5FA1E8080FA22801CFA2780B8F9C7
:106830002C8053F93180EFF837808AF83D8026F8B4
:106840004380C2F74A805DF75180F9F6588095F68B
:10685000608031F66880CCF5708068F5788004F54A
:106860008180A0F48A803CF49480D8F39D8074F3F6
:10687000A78010F3B280ACF2BC8048F2C780E4F18C
:10688000D28080F1DE801CF1EA80B8F0F68054F00E
:106890000281F1EF0F818DEF1C8129EF2A81C6EE75
:1068A000378162EE4581FEED54819BED628137EDCB
:1068B0007181D4EC808171EC90810DECA081AAEB08
:1068C000B08147EBC081E4EAD18180EAE2811DEA30
:1068D000F381BAE9058257E91782F5E8298292E83F
:1068E0003C822FE84F82CCE7628269E7758207E736
:1068F0008982A4E69D8242E6B182DFE5C6827DE51B
:10690000DB821BE5F082B8E4068356E41C83F4E3E3
:10691000328392E3488330E35F83CEE276836CE296
:106920008E830AE2A583A9E1BD8347E1D683E6E031
:10693000EE8384E0078423E02084C1DF3A8460DFB3
:106940005384FFDE6D849EDE88843DDEA284DCDD20
:10695000BD847BDDD9841ADDF484BADC108559DC72
:106960002C85F8DB498598DB658538DB8285D7DAAD
:10697000A08577DABD8517DADB85B7D9FA8557D9CF
:106980001886F8D8378698D8568638D87586D9D7D5
:10699000958679D7B5861AD7D586BBD6F6865CD6C6
:1069A0001787FDD538879ED559873FD57B87E0D49B
:1069B0009D8782D4BF8723D4E287C5D3058867D358
:1069C000288808D34B88AAD26F884CD29388EED1FE
:1069D000B88891D1DC8833D10189D6D0268978D086
:1069E0004C891BD07189BECF978961CFBE8904CFF6
:1069F000E489A7CE0B8A4ACE338AEECD5A8A91CD4E
:106A0000828A35CDAA8AD9CCD28A7DCCFB8A21CC88
:106A1000248BC5CB4D8B69CB768B0DCBA08BB2CAAB
:106A2000CA8B57CAF48BFBC91F8CA0C94A8C45C9B5
:106A3000758CEBC8A08C90C8CC8C35C8F88CDBC7A3
:106A4000248D81C7508D27C77D8DCDC6AA8D73C675
:106A5000D88D19C6058EBFC5338E66C5618E0DC52E
:106A6000908EB3C4BE8E5AC4ED8E02C41D8FA9C3CE
:106A70004C8F50C37C8FF8C2AC8F9FC2DC8F47C253
:106A80000D90EFC13E9097C16F9040C1A090E8C0BB
:106A9000D29091C004913AC03691E2BF69918CBF07
:106AA0009C9135BFCF91DEBE029288BE359231BE39
:106AB0006992DBBD9D9285BDD2922FBD0693DABC53
:106AC0003B9384BC70932FBCA693DABBDB9385BB4E
:106AD000119430BB4794DBBA7E9487BAB59432BA2E
:106AE000EC94DEB923958AB95A9536B99295E3B8F4
:106AF000CA958FB802963CB83B96E9B7739696B79D
:106B0000AC9643B7E696F0B61F979EB659974BB62C
:106B10009397F9B5CD97A7B5089856B5429804B59F
:106B20007D98B3B4B99861B4F49810B43099C0B3F7
:106B30006C996FB3A8991EB3E599CEB2229A7EB232
:106B40005F9A2EB29C9ADEB1D99A8FB1179B40B151
:106B5000559BF0B0939BA1B0D29B53B0109C04B056
:106B60004F9CB6AF8E9C68AFCE9C1AAF0D9DCCAE3D
:106B70004D9D7EAE8E9D31AECE9DE3AD0E9E96AD0B
:106B80004F9E4AAD909EFDACD29EB1AC139F64ACBB
:106B9000559F18AC979FCCABD99F81AB1CA035AB50
:106BA0005FA0EAAAA1A09FAAE5A054AA28A10AAAC8
:106BB0006CA1BFA9AFA175A9F4A12BA938A2E2A825
:106BC0007CA298A8C1A24FA806A306A84BA3BDA764
:106BD00091A374A7D6A32BA71CA4E3A662A49BA68B
:106BE000A9A453A6EFA40CA636A5C4A57DA57DA592
:106BF000C4A536A50CA6EFA453A6A9A49BA662A47F
:106C0000E3A61CA42BA7D6A374A791A3BDA74BA34F
:106C100006A806A34FA8C1A298A87CA2E2A838A201
:106C20002BA9F4A175A9AFA1BFA96CA10AAA28A19B
:106C300054AAE5A09FAAA1A0EAAA5FA035AB1CA018
:106C400081ABD99FCCAB979F18AC559F64AC139F79
:106C5000B1ACD29EFDAC909E4AAD4F9E96AD0E9EBD
:106C6000E3ADCE9D31AE8E9D7EAE4D9DCCAE0D9DE5
:106C70001AAFCE9C68AF8E9CB6AF4F9C04B0109CF0
:106C800053B0D29BA1B0939BF0B0559B40B1179BE2
:106C90008FB1D99ADEB19C9A2EB25F9A7EB2229AB7
:106CA000CEB2E5991EB3A8996FB36C99C0B3309971
:106CB00010B4F49861B4B998B3B47D9804B542980F
:106CC00056B50898A7B5CD97F9B593974BB6599790
:106CD0009EB61F97F0B6E69643B7AC9696B77396F6
:106CE000E9B73B963CB802968FB8CA95E3B892953F
:106CF00036B95A958AB92395DEB9EC9432BAB5946F
:106D000087BA7E94DBBA479430BB119485BBDB9382
:106D1000DABBA6932FBC709384BC3B93DABC06937A
:106D20002FBDD29285BD9D92DBBD699231BE359259
:106D300088BE0292DEBECF9135BF9C918CBF699117
:106D4000E2BF36913AC0049191C0D290E8C0A090C1
:106D500040C16F9097C13E90EFC10D9047C2DC8F4C
:106D60009FC2AC8FF8C27C8F50C34C8FA9C31D8FBC
:106D700002C4ED8E5AC4BE8EB3C4908E0DC5618E12
:106D800066C5338EBFC5058E19C6D88D73C6AA8D4C
:106D9000CDC67D8D27C7508D81C7248DDBC7F88C6C
:106DA00035C8CC8C90C8A08CEBC8758C45C94A8C72
:106DB000A0C91F8CFBC9F48B57CACA8BB2CAA08B5F
:106DC0000DCB768B69CB4D8BC5CB248B21CCFB8A2D
:106DD0007DCCD28AD9CCAA8A35CD828A91CD5A8AE5
:106DE000EECD338A4ACE0B8AA7CEE48904CFBE8982
:106DF00061CF9789BECF71891BD04C8978D0268905
:106E0000D6D0018933D1DC8891D1B888EED193886E
:106E10004CD26F88AAD24B8808D3288867D30588BC
:106E2000C5D3E28723D4BF8782D49D87E0D47B87F4
:106E30003FD559879ED53887FDD517875CD6F6860E
:106E4000BBD6D5861AD7B58679D79586D9D7758614
:106E500038D8568698D83786F8D8188657D9FA85FC
:106E6000B7D9DB8517DABD8577DAA085D7DA8285D1
:106E700038DB658598DB4985F8DB2C8559DC108586
:106E8000BADCF4841ADDD9847BDDBD84DCDDA28428
:106E90003DDE88849EDE6D84FFDE538460DF3A84AD
:106EA000C1DF208423E0078484E0EE83E6E0D6831C
:106EB00047E1BD83A9E1A5830AE28E836CE2768374
:106EC000CEE25F8330E3488392E33283F4E31C83B2
:106ED00056E40683B8E4F0821BE5DB827DE5C682DA
:106EE000DFE5B18242E69D82A4E6898207E77582EA
:106EF00069E76282CCE74F822FE83C8292E82982E0
:106F0000F5E8178257E90582BAE9F3811DEAE281C3
:106F100080EAD181E4EAC08147EBB081AAEBA0818D
:106F20000DEC908171EC8081D4EC718137ED628140
:106F30009BED5481FEED458162EE3781C6EE2A81DC
:106F400029EF1C818DEF0F81F1EF028154F0F68063
:106F5000B8F0EA801CF1DE8080F1D280E4F1C780D5
:106F600048F2BC80ACF2B28010F3A78074F39D802D
:106F7000D8F394803CF48A80A0F4818004F5788072
:106F800068F57080CCF5688031F6608095F65880A1
:106F9000F9F651805DF74A80C2F7438026F83D80BC
:106FA0008AF83780EFF8318053F92C80B8F92780C0
:106FB0001CFA228080FA1E80E5FA1A8049FB1680AE
:106FC000AEFB128012FC0F8077FC0C80DBFC09808A
:106FD00040FD0780A4FD058009FE03806DFE028050
:106FE000D2FE018036FF00809BFF0080FF7F000003
:106FF000FF7F3200FF7F6400FF7F9600FF7FC900A4
:10700000FF7FFB00FE7F2D01FE7F5F01FD7F920170
:10701000FC7FC401FC7FF601FB7F2802FA7F5B0244
:10702000F97F8D02F87FBF02F77FF102F67F24031C
:10703000F47F5603F37F8803F27FBA03F07FED03FA
:10704000EE7F1F04ED7F5104EB7F8304E97FB604DC
:10705000E77FE804E57F1A05E37F4C05E17F7F05C4
:10706000DF7FB105DD7FE305DA7F1506D87F4706B0
:10707000D67F7A06D37FAC06D07FDE06CE7F1007A0
:10708000CB7F4207C87F7507C57FA707C27FD90797
:10709000BF7F0B08BC7F3D08B87F6F08B57FA20893
:1070A000B17FD408AE7F0609AA7F3809A77F6A0995
:1070B000A37F9C099F7FCE099B7F000A977F330A9D
:1070C000937F650A8F7F970A8B7FC90A877FFB0AA8
:1070D000827F2D0B7E7F5F0B797F910B757FC30BBA
:1070E000707FF50B6B7F270C677F590C627F8B0CD1
:1070F0005D7FBD0C587FEF0C537F210D4D7F530DED
:10710000487F850D437FB70D3D7FE90D387F1B0E0E
:10711000327F4D0E2D7F7F0E277FB10E217FE30E34
:107120001B7F150F157F470F0F7F790F097FAB0F5F
:10713000037FDD0FFD7E0E10F67E4010F07E721094
:10714000E97EA410E37ED610DC7E0811D57E3911CD
:10715000CF7E6B11C87E9D11C17ECF11BA7E011208
:10716000B37E3212AB7E6412A47E96129D7EC8124C
:10717000957EF9128E7E2B13867E5D137F7E8E1395
:10718000777EC0136F7EF213677E23145F7E5514E3
:10719000577E87144F7EB814477EEA143F7E1B1536
:1071A000377E4D152E7E7F15267EB0151D7EE2158D
:1071B000147E13160C7E4516037E7616FA7DA816ED
:1071C000F17DD916E87D0A17DF7D3C17D67D6D1756
:1071D000CD7D9F17C37DD017BA7D0218B07D3318BF
:1071E000A77D64189D7D9618947DC7188A7DF81830
:1071F000807D2A19767D5B196C7D8C19627DBD19A5
:10720000587DEF194E7D201A437D511A397D821A1F
:107210002F7DB31A247DE41A197D161B0F7D471BA1
:10722000047D781BF97CA91BEE7CDA1BE37C0B1C2C
:10723000D87C3C1CCD7C6D1CC27C9E1CB77CCF1CBA
:10724000AB7C001DA07C311D947C621D897C931D4C
:107250007D7CC41D717CF51D667C251E5A7C561EE6
:107260004E7C871E427CB81E367CE91E297C191F85
:107270001D7C4A1F117C7B1F057CAC1FF87BDC1F2B
:10728000EB7B0D20DF7B3E20D27B6E20C57B9F20D9
:10729000B97BD020AC7B00219F7B3121927B612187
:1072A000847B9221777BC2216A7BF3215D7B232241
:1072B0004F7B5422427B8422347BB422267BE522FE
:1072C000197B15230B7B4523FD7A7623EF7AA623C2
:1072D000E17AD623D37A0724C57A3724B67A67248D
:1072E000A87A97249A7AC7248B7AF7247D7A28255E
:1072F0006E7A58255F7A8825507AB825427AE82533
:10730000337A1826247A4826157A7826057AA8260C
:10731000F679D826E7790727D8793727C8796727F4
:10732000B9799727A979C7279979F6278A792628DD
:107330007A7956286A7986285A79B5284A79E528CB
:107340003A7915292A794429197974290979A329BF
:10735000F978D329E878022AD878322AC778612ABE
:10736000B678912AA678C02A9578EF2A84781F2BC0
:1073700073784E2B62787D2B5178AD2B4078DC2BC7
:107380002E780B2C1D783A2C0C78692CFA77982CD7
:10739000E977C82CD777F72CC577262DB477552DEC
:1073A000A277842D9077B32D7E77E22D6C77112E06
:1073B0005A773F2E47776E2E35779D2E2377CC2E2A
:1073C0001077FB2EFE76292FEB76582FD976872F54
:1073D000C676B52FB376E42FA07613308E76413083
:1073E0007B76703068769E305476CD304176FB30B7
:1073F0002E762A311B76583107768631F475B531F1
:10740000E075E331CC751132B9754032A5756E3235
:1074100091759C327D75CA326975F832557526337F
:10742000417554332D7582331975B0330475DE33CD
:10743000F0740C34DB743A34C7746834B274963424
:107440009E74C4348974F23474741F355F744D357E
:107450004A747B353574A8352074D6350B740436E0
:10746000F6733136E0735F36CB738C36B573BA364C
:10747000A073E7368A731437757342375F736F37BB
:1074800049739C373373CA371D73F7370773243832
:10749000F1725138DB727E38C572AB38AF72D838B2
:1074A00098720639827232396B725F3955728C3933
:1074B0003E72B9392772E6391172133AFA71403ABD
:1074C000E3716C3ACC71993AB571C63A9E71F23A51
:1074D00086711F3B6F714C3B5871783B4171A53BE6
:1074E0002971D13B1271FD3BFA702A3CE270563C87
:1074F000CB70833CB370AF3C9B70DB3C8370073D2B
:107500006B70333D5370603D3B708C3D2370B83DD4
:107510000A70E43DF26F103EDA6F3C3EC16F683E88
:10752000A96F933E906FBF3E776FEB3E5F6F173F43
:10753000466F433F2D6F6E3F146F9A3FFB6EC53F02
:10754000E26EF13FC96E1D40AF6E4840966E7340CB
:107550007D6E9F40636ECA404A6EF640306E214198
:10756000176E4C41FD6D7741E36DA241CA6DCE416E
:10757000B06DF941966D24427C6D4F42626D7A4246
:10758000486DA5422D6DD042136DFA42F96C25432A
:10759000DE6C5043C46C7B43A96CA5438F6CD04315
:1075A000746CFB43596C25443F6C5044246C7A4402
:1075B000096CA544EE6BCF44D36BFA44B86B2445F9
:1075C0009C6B4E45816B7845666BA3454A6BCD45F8
:1075D0002F6BF745136B2146F86A4B46DC6A7546FC
:1075E000C16A9F46A56AC946896AF3466D6A1C4707
:1075F000516A4647356A7047196A9A47FD69C34719
:10760000E169ED47C4691648A86940488C69694832
:107610006F6993485369BC483669E64819690F4950
:10762000FD683849E0686149C3688A49A668B44979
:107630008968DD496C68064A4F682F4A3268584AA3
:107640001568814AF767A94ADA67D24ABD67FB4ADB
:107650009F67244B82674C4B6467754B46679E4B14
:107660002967C64B0B67EF4BED66174CCF663F4C57
:10767000B166684C9366904C7566B84C5766E14CA1
:107680003966094D1A66314DFC65594DDD65814DF0
:10769000BF65A94DA065D14D8265F94D6365214E49
:1076A0004565484E2665704E0765984EE864BF4EA6
:1076B000C964E74EAA640F4F8B64364F6C645E4F0B
:1076C0004D64854F2D64AC4F0E64D44FEF63FB4F78
:1076D000CF632250B06349509063705071639750EC
:1076E0005163BF503163E55011630C51F262335165
:1076F000D2625A51B26281519262A8517162CE51E6
:107700005162F55131621C5211624252F16169526B
:10771000D0618F52B061B5528F61DC526F610253FC
:107720004E6128532D614E530D617553EC609B5390
:10773000CB60C153AA60E75389600D54686033542D
:107740004760585426607E540460A454E35FCA54D2
:10775000C25FEF54A05F15557F5F3A555E5F60557D
:107760003C5F85551A5FAB55F95ED055D75EF55530
:10777000B55E1A56935E4056715E6556505E8A56E7
:107780002D5EAF560B5ED456E95DF956C75D1D57A9
:10779000A55D4257835D6757605D8C573E5DB0576E
:1077A0001B5DD557F95CF957D65C1E58B45C42583E
:1077B000915C67586E5C8B584B5CAF58295CD45811
:1077C000065CF858E35B1C59C05B40599D5B6459EB
:1077D000795B8859565BAC59335BD059105BF359D0
:1077E000EC5A175AC95A3B5AA55A5E5A825A825ABB
:1077F0005E5AA55A3B5AC95A175AEC5AF359105BAC
:10780000D059335BAC59565B8859795B64599D5BA1
:107810004059C05B1C59E35BF858065CD458295C9E
:10782000AF584B5C8B586E5C6758915C4258B45CA7
:107830001E58D65CF957F95CD5571B5DB0573E5DB5
:107840008C57605D6757835D4257A55D1D57C75DC7
:10785000F956E95DD4560B5EAF562D5E8A56505EE2
:107860006556715E4056935E1A56B55EF555D75E05
:10787000D055F95EAB551A5F85553C5F60555E5F2C
:107880003A557F5F1555A05FEF54C25FCA54E35F5E
:10789000A45404607E542660585447603354686092
:1078A0000D548960E753AA60C153CB609B53EC60D1
:1078B00075530D614E532D6128534E6102536F6114
:1078C000DC528F61B552B0618F52D0616952F16163
:1078D000425211621C523162F5515162CE517162B5
:1078E000A85192628151B2625A51D2623351F2620E
:1078F0000C511163E5503163BF5051639750716370
:10790000705090634950B0632250CF63FB4FEF63D8
:10791000D44F0E64AC4F2D64854F4D645E4F6C6444
:10792000364F8B640F4FAA64E74EC964BF4EE864BC
:10793000984E0765704E2665484E4565214E636535
:10794000F94D8265D14DA065A94DBF65814DDD65BD
:10795000594DFC65314D1A66094D3966E14C576643
:10796000B84C7566904C9366684CB1663F4CCF66D8
:10797000174CED66EF4B0B67C64B29679E4B46676E
:10798000754B64674C4B8267244B9F67FB4ABD670E
:10799000D24ADA67A94AF767814A1568584A3268B5
:1079A0002F4A4F68064A6C68DD498968B449A66861
:1079B0008A49C3686149E0683849FD680F49196917
:1079C000E6483669BC48536993486F6969488C69D1
:1079D0004048A8691648C469ED47E169C347FD6995
:1079E0009A47196A7047356A4647516A1C476D6A5B
:1079F000F346896AC946A56A9F46C16A7546DC6A2C
:107A00004B46F86A2146136BF7452F6BCD454A6B01
:107A1000A345666B7845816B4E459C6B2445B86BDE
:107A2000FA44D36BCF44EE6BA544096C7A44246CC2
:107A300050443F6C2544596CFB43746CD0438F6CAD
:107A4000A543A96C7B43C46C5043DE6C2543F96CA1
:107A5000FA42136DD0422D6DA542486D7A42626D97
:107A60004F427C6D2442966DF941B06DCE41CA6D96
:107A7000A241E36D7741FD6D4C41176E2141306E9F
:107A8000F6404A6ECA40636E9F407D6E7340966EAC
:107A90004840AF6E1D40C96EF13FE26EC53FFB6EC0
:107AA0009A3F146F6E3F2D6F433F466F173F5F6FD6
:107AB000EB3E776FBF3E906F933EA96F683EC16FFC
:107AC0003C3EDA6F103EF26FE43D0A70B83D237021
:107AD0008C3D3B70603D5370333D6B70073D837050
:107AE000DB3C9B70AF3CB370833CCB70563CE27088
:107AF0002A3CFA70FD3B1271D13B2971A53B4171C3
:107B0000783B58714C3B6F711F3B8671F23A9E7106
:107B1000C63AB571993ACC716C3AE371403AFA7150
:107B2000133A1172E6392772B9393E728C3955729F
:107B30005F396B723239827206399872D838AF72F7
:107B4000AB38C5727E38DB725138F1722438077356
:107B5000F7371D73CA3733739C3749736F375F73B9
:107B60004237757314378A73E736A073BA36B57324
:107B70008C36CB735F36E0733136F67304360B7494
:107B8000D6352074A83535747B354A744D355F740D
:107B90001F357474F2348974C4349E749634B2748C
:107BA0006834C7743A34DB740C34F074DE33047513
:107BB000B033197582332D7554334175263355759D
:107BC000F8326975CA327D759C3291756E32A57531
:107BD0004032B9751132CC75E331E075B531F475C9
:107BE0008631077658311B762A312E76FB30417666
:107BF000CD3054769E30687670307B7641308E760C
:107C00001330A076E42FB376B52FC676872FD976BA
:107C1000582FEB76292FFE76FB2E1077CC2E23776C
:107C20009D2E35776E2E47773F2E5A77112E6C7723
:107C3000E22D7E77B32D9077842DA277552DB477E2
:107C4000262DC577F72CD777C82CE977982CFA77AB
:107C5000692C0C783A2C1D780B2C2E78DC2B407874
:107C6000AD2B51787D2B62784E2B73781F2B847847
:107C7000EF2A9578C02AA678912AB678612AC77823
:107C8000322AD878022AE878D329F978A329097901
:107C90007429197944292A7915293A79E5284A79E4
:107CA000B5285A7986286A7956287A7926288A79D1
:107CB000F6279979C727A9799727B9796727C879C6
:107CC0003727D8790727E779D826F679A826057ABD
:107CD0007826157A4826247A1826337AE825427AB7
:107CE000B825507A88255F7A58256E7A28257D7ABE
:107CF000F7248B7AC7249A7A9724A87A6724B67ACD
:107D00003724C57A0724D37AD623E17AA623EF7ADB
:107D10007623FD7A45230B7B1523197BE522267BF1
:107D2000B422347B8422427B54224F7B23225D7B0E
:107D3000F3216A7BC221777B9221847B6121927B34
:107D400031219F7B0021AC7BD020B97B9F20C57B5C
:107D50006E20D27B3E20DF7B0D20EB7BDC1FF87B8F
:107D6000AC1F057C7B1F117C4A1F1D7C191F297CC1
:107D7000E91E367CB81E427C871E4E7C561E5A7CFD
:107D8000251E667CF51D717CC41D7D7C931D897C40
:107D9000621D947C311DA07C001DAB7CCF1CB77C88
:107DA0009E1CC27C6D1CCD7C3C1CD87C0B1CE37CD7
:107DB000DA1BEE7CA91BF97C781B047D471B0F7D29
:107DC000161B197DE41A247DB31A2F7D821A397D82
:107DD000511A437D201A4E7DEF19587DBD19627DE1
:107DE0008C196C7D5B19767D2A19807DF8188A7D47
:107DF000C718947D96189D7D6418A77D3318B07DB3
:107E00000218BA7DD017C37D9F17CD7D6D17D67D23
:107E10003C17DF7D0A17E87DD916F17DA816FA7D9B
:107E20007616037E45160C7E1316147EE2151D7E13
:107E3000B015267E7F152E7E4D15377E1B153F7E95
:107E4000EA14477EB8144F7E8714577E55145F7E20
:107E50002314677EF2136F7EC013777E8E137F7EAE
:107E60005D13867E2B138E7EF912957EC8129D7E41
:107E70009612A47E6412AB7E3212B37E0112BA7ED9
:107E8000CF11C17E9D11C87E6B11CF7E3911D57E79
:107E90000811DC7ED610E37EA410E97E7210F07E1D
:107EA0004010F67E0E10FD7EDD0F037FAB0F097FC5
:107EB000790F0F7F470F157F150F1B7FE30E217F73
:107EC000B10E277F7F0E2D7F4D0E327F1B0E387F28
:107ED000E90D3D7FB70D437F850D487F530D4D7FE5
:107EE000210D537FEF0C587FBD0C5D7F8B0C627FA3
:107EF000590C677F270C6B7FF50B707FC30B757F69
:107F0000910B797F5F0B7E7F2D0B827FFB0A877F32
:107F1000C90A8B7F970A8F7F650A937F330A977F01
:107F2000000A9B7FCE099F7F9C09A37F6A09A77FD8
:107F30003809AA7F0609AE7FD408B17FA208B57FB1
:107F40006F08B87F3D08BC7F0B08BF7FD907C27F91
:107F5000A707C57F7507C87F4207CB7F1007CE7F75
:107F6000DE06D07FAC06D37F7A06D67F4706D87F61
:107F70001506DA7FE305DD7FB105DF7F7F05E17F51
:107F80004C05E37F1A05E57FE804E77FB604E97F47
:107F90008304EB7F5104ED7F1F04EE7FED03F07F40
:107FA000BA03F27F8803F37F5603F47F2403F67F3E
:107FB000F102F77FBF02F87F8D02F97F5B02FA7F43
:107FC0002802FB7FF601FC7FC401FC7F9201FD7F4C
:107FD0005F01FE7F2D01FE7FFB00FF7FC900FF7F59
:107FE0009600FF7F6400FF7F3200FF7F0000FF7F6D
:107FF000CDFFFF7F9BFFFF7F69FFFF7F36FFFF7F86
:1080000004FFFF7FD2FEFE7FA0FEFE7F6DFEFD7FA0
:108010003BFEFC7F09FEFC7FD7FDFB7FA4FDFA7FC2
:1080200072FDF97F40FDF87F0EFDF77FDBFCF67FE8
:10803000A9FCF47F77FCF37F45FCF27F12FCF07F14
:10804000E0FBEE7FAEFBED7F7CFBEB7F49FBE97F46
:1080500017FBE77FE5FAE57FB3FAE37F80FAE17F7C
:108060004EFADF7F1CFADD7FEAF9DA7FB8F9D87FB4
:1080700085F9D67F53F9D37F21F9D07FEFF8CE7FF2
:10808000BDF8CB7F8AF8C87F58F8C57F26F8C27F35
:10809000F4F7BF7FC2F7BC7F90F7B87F5DF7B57F7D
:1080A0002BF7B17FF9F6AE7FC7F6AA7F95F6A77FCB
:1080B00063F6A37F31F69F7FFFF59B7FCCF5977F1B
:1080C0009AF5937F68F58F7F36F58B7F04F5877F70
:1080D000D2F4827FA0F47E7F6EF4797F3CF4757FCA
:1080E0000AF4707FD8F36B7FA6F3677F74F3627F27
:1080F00042F35D7F10F3587FDEF2537FACF24D7F89
:108100007AF2487F48F2437F16F23D7FE4F1387FF0
:10811000B2F1327F80F12D7F4EF1277F1CF1217F5C
:10812000EAF01B7FB8F0157F86F00F7F54F0097FCF
:1081300022F0037FF1EFFD7EBFEFF67E8DEFF07E44
:108140005BEFE97E29EFE37EF7EEDC7EC6EED57EBF
:1081500094EECF7E62EEC87E30EEC17EFEEDBA7E3A
:10816000CDEDB37E9BEDAB7E69EDA47E37ED9D7EBC
:1081700006ED957ED4EC8E7EA2EC867E71EC7F7E41
:108180003FEC777E0DEC6F7EDCEB677EAAEB5F7ECB
:1081900078EB577E47EB4F7E15EB477EE4EA3F7E58
:1081A000B2EA377E80EA2E7E4FEA267E1DEA1D7EE9
:1081B000ECE9147EBAE90C7E89E9037E57E9FA7D81
:1081C00026E9F17DF5E8E87DC3E8DF7D92E8D67D1C
:1081D00060E8CD7D2FE8C37DFDE7BA7DCCE7B07DBB
:1081E0009BE7A77D69E79D7D38E7947D07E78A7D5A
:1081F000D5E6807DA4E6767D73E66C7D42E6627D01
:1082000010E6587DDFE54E7DAEE5437D7DE5397DA9
:108210004CE52F7D1BE5247DE9E4197DB8E40F7D55
:1082200087E4047D56E4F97C25E4EE7CF4E3E37C0A
:10823000C3E3D87C92E3CD7C61E3C27C30E3B77CBE
:10824000FFE2AB7CCEE2A07C9DE2947C6CE2897C78
:108250003BE27D7C0AE2717CDAE1667CA9E15A7C32
:1082600078E14E7C47E1427C16E1367CE6E0297CF1
:10827000B5E01D7C84E0117C53E0057C23E0F87BB5
:10828000F2DFEB7BC1DFDF7B91DFD27B60DFC57B81
:108290002FDFB97BFFDEAC7BCEDE9F7B9EDE927B49
:1082A0006DDE847B3DDE777B0CDE6A7BDCDD5D7B17
:1082B000ABDD4F7B7BDD427B4BDD347B1ADD267BE8
:1082C000EADC197BBADC0B7B89DCFD7A59DCEF7ABE
:1082D00029DCE17AF8DBD37AC8DBC57A98DBB67A99
:1082E00068DBA87A38DB9A7A08DB8B7AD7DA7D7A72
:1082F000A7DA6E7A77DA5F7A47DA507A17DA427A53
:10830000E7D9337AB7D9247A87D9157A57D9057A34
:1083100027D9F679F8D8E779C8D8D87998D8C8791C
:1083200068D8B97938D8A97909D89979D9D78A7903
:10833000A9D77A7979D76A794AD75A791AD74A79EF
:10834000EAD63A79BBD62A798BD619795CD60979DF
:108350002CD6F978FDD5E878CDD5D8789ED5C778D4
:108360006ED5B6783FD5A67810D59578E0D48478C8
:10837000B1D4737882D4627852D4517823D44078BF
:10838000F4D32E78C5D31D7896D30C7867D3FA77BB
:1083900037D3E97708D3D777D9D2C577AAD2B477BC
:1083A0007BD2A2774CD290771DD27E77EED16C77BC
:1083B000C0D15A7791D1477762D1357733D12377BE
:1083C00004D11077D6D0FE76A7D0EB7678D0D976C8
:1083D0004AD0C6761BD0B376ECCFA076BECF8E76D1
:1083E0008FCF7B7661CF687632CF547604CF4176DB
:1083F000D5CE2E76A7CE1B7679CE07764ACEF475EB
:108400001CCEE075EECDCC75BFCDB97591CDA575FF
:1084100063CD917535CD7D7507CD6975D9CC557511
:10842000ABCC41757DCC2D754FCC197521CC047525
:10843000F3CBF074C5CBDB7497CBC77469CBB27444
:108440003BCB9E740DCB8974E0CA7474B2CA5F745E
:1084500084CA4A7457CA357429CA2074FBC90B747C
:10846000CEC9F673A0C9E07373C9CB7345C9B573A0
:1084700018C9A073EBC88A73BDC8757390C85F73C1
:1084800063C8497335C8337308C81D73DBC70773E6
:10849000AEC7F17281C7DB7254C7C57227C7AF720E
:1084A000F9C69872CDC68272A0C66B7273C6557239
:1084B00046C63E7219C62772ECC51172BFC5FA7165
:1084C00093C5E37166C5CC7139C5B5710DC59E7193
:1084D000E0C48671B3C46F7187C458715AC44171C6
:1084E0002EC4297102C41271D5C3FA70A9C3E270F7
:1084F0007CC3CB7050C3B37024C39B70F8C283702D
:10850000CCC26B709FC2537073C23B7047C2237062
:108510001BC20A70EFC1F26FC3C1DA6F97C1C16F9E
:108520006CC1A96F40C1906F14C1776FE8C05F6FD5
:10853000BCC0466F91C02D6F65C0146F3AC0FB6E12
:108540000EC0E26EE2BFC96EB7BFAF6E8CBF966E53
:1085500060BF7D6E35BF636E09BF4A6EDEBE306E92
:10856000B3BE176E88BEFD6D5DBEE36D31BECA6DD4
:1085700006BEB06DDBBD966DB0BD7C6D85BD626D18
:108580005ABD486D2FBD2D6D05BD136DDABCF96C5C
:10859000AFBCDE6C84BCC46C5ABCA96C2FBC8F6CA5
:1085A00004BC746CDABB596CAFBB3F6C85BB246CEC
:1085B0005ABB096C30BBEE6B05BBD36BDBBAB86B37
:1085C000B1BA9C6B87BA816B5CBA666B32BA4A6B84
:1085D00008BA2F6BDEB9136BB4B9F86A8AB9DC6AD2
:1085E00060B9C16A36B9A56A0CB9896AE3B86D6A1F
:1085F000B9B8516A8FB8356A65B8196A3CB8FD696F
:1086000012B8E169E9B7C469BFB7A86996B78C69C0
:108610006CB76F6943B7536919B73669F0B6196912
:10862000C7B6FD689EB6E06875B6C3684BB6A66867
:1086300022B68968F9B56C68D0B54F68A7B53268BD
:108640007EB5156856B5F7672DB5DA6704B5BD6711
:10865000DBB49F67B3B482678AB4646761B446676A
:1086600039B4296710B40B67E8B3ED66C0B3CF66C1
:1086700097B3B1666FB3936647B375661EB357661B
:10868000F6B23966CEB21A66A6B2FC657EB2DD6578
:1086900056B2BF652EB2A06506B28265DEB16365D3
:1086A000B7B145658FB1266567B1076540B1E8642C
:1086B00018B1C964F0B0AA64C9B08B64A1B06C648D
:1086C0007AB04D6453B02D642BB00E6404B0EF63E8
:1086D000DDAFCF63B6AFB0638FAF906368AF716348
:1086E00040AF51631AAF3163F3AE1163CCAEF262A7
:1086F000A5AED2627EAEB26257AE926231AE716208
:108700000AAE5162E3AD3162BDAD116296ADF16169
:1087100070ADD0614AADB06123AD8F61FDAC6F61CA
:10872000D7AC4E61B1AC2D618AAC0D6164ACEC602C
:108730003EACCB6018ACAA60F2AB8960CCAB686091
:10874000A7AB476081AB26605BAB046035ABE35FF2
:1087500010ABC25FEAAAA05FC5AA7F5F9FAA5E5F57
:108760007AAA3C5F54AA1A5F2FAAF95E0AAAD75EBA
:10877000E5A9B55EBFA9935E9AA9715E75A9505E21
:1087800050A92D5E2BA90B5E06A9E95DE2A8C75D85
:10879000BDA8A55D98A8835D73A8605D4FA83E5DE8
:1087A0002AA81B5D06A8F95CE1A7D65CBDA7B45C4E
:1087B00098A7915C74A76E5C50A74B5C2BA7295CB3
:1087C00007A7065CE3A6E35BBFA6C05B9BA69D5B19
:1087D00077A6795B53A6565B2FA6335B0CA6105B7E
:1087E000E8A5EC5AC4A5C95AA1A5A55A7DA5825AE7
:1087F0005AA55E5A36A53B5A13A5175AEFA4F3594A
:10880000CCA4D059A9A4AC5986A4885962A46459AF
:108810003FA440591CA41C59F9A3F858D6A3D45816
:10882000B4A3AF5891A38B586EA367584BA342587B
:1088300029A31E5806A3F957E4A2D557C1A2B057E1
:108840009FA28C577CA267575AA2425738A21D5745
:1088500016A2F956F4A1D456D2A1AF56AFA18A56AA
:108860008EA165566CA140564AA11A5628A1F5550D
:1088700006A1D055E5A0AB55C3A08555A1A0605574
:1088800080A03A555FA015553DA0EF541CA0CA54D6
:10889000FB9FA454D99F7E54B89F5854979F33543C
:1088A000769F0D54559FE753349FC153139F9B539D
:1088B000F29E7553D29E4E53B19E2853909E025302
:1088C000709EDC524F9EB5522F9E8F520E9E695263
:1088D000EE9D4252CE9D1C52AE9DF5518E9DCE51C5
:1088E0006D9DA8514D9D81512D9D5A510D9D335126
:1088F000EE9C0C51CE9CE550AE9CBF508E9C975088
:108900006F9C70504F9C4950309C2250109CFB4FE4
:10891000F19BD44FD29BAC4FB29B854F939B5E4F44
:10892000749B364F559B0F4F369BE74E179BBF4EA0
:10893000F89A984ED99A704EBA9A484E9C9A214EFF
:108940007D9AF94D5F9AD14D409AA94D229A814D59
:10895000039A594DE599314DC699094DA899E14CB5
:108960008A99B84C6C99904C4E99684C30993F4C10
:108970001299174CF498EF4BD698C64BB9989E4B6A
:108980009B98754B7D984C4B6098244B4298FB4AC2
:108990002598D24A0898A94AEA97814ACD97584A19
:1089A000B0972F4A9397064A7697DD495997B4496D
:1089B0003C978A491F97614902973849E6960F49C3
:1089C000C996E648AC96BC48909693487396694819
:1089D000579640483B9616481E96ED470296C34769
:1089E000E6959A47CA957047AE95464792951C47BB
:1089F0007695F3465A95C9463E959F46239575460A
:108A000007954B46EC942146D094F745B594CD4557
:108A10009994A3457E94784563944E4547942445A4
:108A20002C94FA441194CF44F693A544DB937A44F2
:108A3000C0935044A69325448B93FB437093D0433B
:108A40005693A5433B937B43219350430693254381
:108A5000EC92FA42D292D042B792A5429D927A42CB
:108A600083924F42699224424F92F9413592CE410E
:108A70001C92A24102927741E8914C41CF91214151
:108A8000B591F6409C91CA4082919F406991734094
:108A90005091484036911D401D91F13F0491C53FD2
:108AA000EB909A3FD2906E3FB990433FA090173F12
:108AB0008890EB3E6F90BF3E5690933E3E90683E4E
:108AC00025903C3E0D90103EF58FE43DDC8FB83D87
:108AD000C48F8C3DAC8F603D948F333D7C8F073DC0
:108AE000648FDB3C4C8FAF3C348F833C1D8F563CF6
:108AF000058F2A3CED8EFD3BD68ED13BBE8EA53B2D
:108B0000A78E783B908E4C3B798E1F3B618EF23A5C
:108B10004A8EC63A338E993A1C8E6C3A058E403A8C
:108B2000EE8D133AD88DE639C18DB939AA8D8C39BD
:108B3000948D5F397D8D3239678D0639508DD838E7
:108B40003A8DAB38248D7E380E8D5138F88C243810
:108B5000E28CF737CC8CCA37B68C9C37A08C6F3739
:108B60008A8C4237758C14375F8CE7364A8CBA365C
:108B7000348C8C361F8C5F36098C3136F48B04367E
:108B8000DF8BD635CA8BA835B58B7B35A08B4D35A1
:108B90008B8B1F35768BF234618BC4344D8B9634BE
:108BA000388B6834248B3A340F8B0C34FB8ADE33D9
:108BB000E68AB033D28A8233BE8A5433AA8A2633F5
:108BC000968AF832828ACA326E8A9C325A8A6E3209
:108BD000468A4032338A11321F8AE3310B8AB5311B
:108BE000F8898631E4895831D1892A31BE89FB3030
:108BF000AB89CD3097899E3084897030718941303E
:108C00005F8913304C89E42F3989B52F2689872F46
:108C10001489582F0189292FEF88FB2EDC88CC2E50
:108C2000CA889D2EB8886E2EA5883F2E9388112E57
:108C30008188E22D6F88B32D5D88842D4B88552D5A
:108C40003A88262D2888F72C1688C82C0588982C59
:108C5000F387692CE2873A2CD1870B2CBF87DC2B5A
:108C6000AE87AD2B9D877D2B8C874E2B7B871F2B53
:108C70006A87EF2A5987C02A4987912A3887612A4B
:108C80002787322A1787022A0687D329F686A3293F
:108C9000E6867429D5864429C5861529B586E52832
:108CA000A586B52895868628858656287586262821
:108CB0006686F6275686C72746869727378667270C
:108CC00027863727188607270986D826FA85A826F3
:108CD000EA857826DB854826CC851826BD85E825DB
:108CE000AF85B825A08588259185582582852825BA
:108CF0007485F7246585C72457859724498567249B
:108D00003A8537242C8507241E85D6231085A62373
:108D100002857623F4844523E6841523D984E5224D
:108D2000CB84B422BD848422B0845422A284232222
:108D30009584F3218884C2217B8492216D846121F2
:108D400060843121538400214684D0203A849F20BE
:108D50002D846E2020843E2014840D200784DC1F87
:108D6000FA83AC1FEE837B1FE2834A1FD683191F51
:108D7000C983E91EBD83B81EB183871EA583561E15
:108D80009983251E8E83F51D8283C41D7683931DD2
:108D90006B83621D5F83311D5483001D4883CF1C8C
:108DA0003D839E1C32836D1C27833C1C1C830B1C43
:108DB0001183DA1B0683A91BFB82781BF082471BF9
:108DC000E682161BDB82E41AD082B31AC682821AAC
:108DD000BC82511AB182201AA782EF199D82BD1957
:108DE00093828C1989825B197F822A197582F818FF
:108DF0006B82C71862829618588264184F823318A3
:108E0000458202183C82D01732829F1729826D1743
:108E100020823C1717820A170E82D9160582A816DF
:108E2000FC817616F3814516EB811316E281E2157B
:108E3000D981B015D1817F15C8814D15C0811B1511
:108E4000B881EA14B081B814A8818714A0815514A0
:108E5000988123149081F2138881C01380818E132E
:108E600079815D1371812B136A81F9126281C812B5
:108E70005B819612548164124C8132124581011239
:108E80003E81CF1137819D1130816B112A813911BB
:108E9000238108111C81D6101681A4100F81721035
:108EA0000981401002810E10FC80DD0FF680AB0FAF
:108EB000F080790FEA80470FE480150FDE80E30E23
:108EC000D880B10ED2807F0ECD804D0EC7801B0E94
:108ED000C280E90DBC80B70DB780850DB280530DFF
:108EE000AC80210DA780EF0CA280BD0C9D808B0C67
:108EF0009880590C9480270C8F80F50B8A80C30BC7
:108F00008680910B81805F0B7D802D0B7880FB0A22
:108F10007480C90A7080970A6C80650A6880330A79
:108F20006480000A6080CE095C809C0958806A09D0
:108F300055803809518006094E80D4084A80A2081D
:108F400047806F0843803D0840800B083D80D9076B
:108F50003A80A707378075073480420731801007B1
:108F60002F80DE062C80AC0629807A0627804706F3
:108F7000258015062280E3052080B1051E807F052F
:108F80001C804C051A801A051880E8041680B60467
:108F9000148083041280510411801F040F80ED039C
:108FA0000D80BA030C8088030B80560309802403CC
:108FB0000880F1020780BF0206808D0205805B02F7
:108FC000048028020380F6010380C401028092011C
:108FD00001805F0101802D010080FB000080C9003D
:108FE0000080960000806400008032000080000055
:108FF0000080CDFF00809BFF008069FF008036FF6E
:10900000008004FF0180D2FE0180A0FE02806DFE80
:1090100003803BFE038009FE0480D7FD0580A4FD8C
:10902000068072FD078040FD08800EFD0980DBFC94
:109030000B80A9FC0C8077FC0D8045FC0F8012FC96
:109040001180E0FB1280AEFB14807CFB168049FB94
:10905000188017FB1A80E5FA1C80B3FA1E8080FA8C
:1090600020804EFA22801CFA2580EAF92780B8F980
:10907000298085F92C8053F92F8021F93180EFF870
:109080003480BDF837808AF83A8058F83D8026F859
:109090004080F4F74380C2F7478090F74A805DF73D
:1090A0004E802BF75180F9F65580C7F6588095F61B
:1090B0005C8063F6608031F66480FFF56880CCF5F3
:1090C0006C809AF5708068F5748036F5788004F5C8
:1090D0007D80D2F48180A0F486806EF48A803CF496
:1090E0008F800AF49480D8F39880A6F39D8074F35F
:1090F000A28042F3A78010F3AC80DEF2B280ACF223
:10910000B7807AF2BC8048F2C28016F2C780E4F1E0
:10911000CD80B2F1D28080F1D8804EF1DE801CF19A
:10912000E480EAF0EA80B8F0F08086F0F68054F04F
:10913000FC8022F00281F1EF0981BFEF0F818DEFFA
:1091400016815BEF1C8129EF2381F7EE2A81C6EEA1
:10915000308194EE378162EE3E8130EE4581FEED46
:109160004C81CDED54819BED5B8169ED628137EDE2
:109170006A8106ED7181D4EC7981A2EC808171EC79
:1091800088813FEC90810DEC9881DCEBA081AAEB0B
:10919000A88178EBB08147EBB88115EBC081E4EA98
:1091A000C881B2EAD18180EAD9814FEAE2811DEA21
:1091B000EB81ECE9F381BAE9FC8189E9058257E9A1
:1091C0000E8226E91782F5E82082C3E8298292E818
:1091D000328260E83C822FE84582FDE74F82CCE78F
:1091E00058829BE7628269E76B8238E7758207E7FE
:1091F0007F82D5E68982A4E6938273E69D8242E669
:10920000A78210E6B182DFE5BC82AEE5C6827DE5CD
:10921000D0824CE5DB821BE5E682E9E4F082B8E42B
:10922000FB8287E4068356E4118325E41C83F4E380
:109230002783C3E3328392E33D8361E3488330E3D2
:109240005483FFE25F83CEE26B839DE276836CE220
:1092500082833BE28E830AE29983DAE1A583A9E166
:10926000B18378E1BD8347E1C98316E1D683E6E0A7
:10927000E283B5E0EE8384E0FA8353E0078423E0E1
:109280001484F2DF2084C1DF2D8491DF3A8460DF13
:1092900046842FDF5384FFDE6084CEDE6D849EDE45
:1092A0007B846DDE88843DDE95840CDEA284DCDD6B
:1092B000B084ABDDBD847BDDCB844BDDD9841ADD8E
:1092C000E684EADCF484BADC028589DC108559DCAA
:1092D0001E8529DC2C85F8DB3A85C8DB498598DBBF
:1092E000578568DB658538DB748508DB8285D7DACE
:1092F0009185A7DAA08577DAAF8547DABD8517DAD9
:10930000CC85E7D9DB85B7D9EA8587D9FA8557D9DE
:10931000098627D91886F8D82786C8D8378698D8D6
:10932000468668D8568638D8668609D87586D9D7CD
:109330008586A9D7958679D7A5864AD7B5861AD7BF
:10934000C586EAD6D586BBD6E6868BD6F6865CD6AB
:1093500006872CD61787FDD52787CDD538879ED58C
:1093600049876ED559873FD56A8710D57B87E0D46A
:109370008C87B1D49D8782D4AE8752D4BF8723D443
:10938000D187F4D3E287C5D3F38796D3058867D313
:10939000168837D3288808D33A88D9D24B88AAD2DE
:1093A0005D887BD26F884CD281881DD29388EED1A4
:1093B000A588C0D1B88891D1CA8862D1DC8833D160
:1093C000EF8804D10189D6D01489A7D0268978D016
:1093D00039894AD04C891BD05F89ECCF7189BECFC7
:1093E00084898FCF978961CFAB8932CFBE8904CF73
:1093F000D189D5CEE489A7CEF88979CE0B8A4ACE19
:109400001F8A1CCE338AEECD468ABFCD5A8A91CDB3
:109410006E8A63CD828A35CD968A07CDAA8AD9CC49
:10942000BE8AABCCD28A7DCCE68A4FCCFB8A21CCDB
:109430000F8BF3CB248BC5CB388B97CB4D8B69CB64
:10944000618B3BCB768B0DCB8B8BE0CAA08BB2CAEA
:10945000B58B84CACA8B57CADF8B29CAF48BFBC968
:10946000098CCEC91F8CA0C9348C73C94A8C45C9DC
:109470005F8C18C9758CEBC88A8CBDC8A08C90C84D
:10948000B68C63C8CC8C35C8E28C08C8F88CDBC7B6
:109490000E8DAEC7248D81C73A8D54C7508D27C716
:1094A000678DF9C67D8DCDC6948DA0C6AA8D73C675
:1094B000C18D46C6D88D19C6EE8DECC5058EBFC5CB
:1094C0001C8E93C5338E66C54A8E39C5618E0DC517
:1094D000798EE0C4908EB3C4A78E87C4BE8E5AC462
:1094E000D68E2EC4ED8E02C4058FD5C31D8FA9C3A1
:1094F000348F7CC34C8F50C3648F24C37C8FF8C2DD
:10950000948FCCC2AC8F9FC2C48F73C2DC8F47C212
:10951000F58F1BC20D90EFC12590C3C13E9097C13E
:1095200056906CC16F9040C1889014C1A090E8C063
:10953000B990BCC0D29091C0EB9065C004913AC084
:109540001D910EC03691E2BF5091B7BF69918CBF9B
:10955000829160BF9C9135BFB59109BFCF91DEBEAE
:10956000E891B3BE029288BE1C925DBE359231BEB8
:109570004F9206BE6992DBBD8392B0BD9D9285BDC0
:10958000B7925ABDD2922FBDEC9205BD0693DABCBC
:109590002193AFBC3B9384BC56935ABC70932FBCB1
:1095A0008B9304BCA693DABBC093AFBBDB9385BBA4
:1095B000F6935ABB119430BB2C9405BB4794DBBA8D
:1095C0006394B1BA7E9487BA99945CBAB59432BA6E
:1095D000D09408BAEC94DEB90795B4B923958AB94A
:1095E0003E9560B95A9536B976950CB99295E3B81F
:1095F000AE95B9B8CA958FB8E69565B802963CB8ED
:109600001E9612B83B96E9B75796BFB7739696B7B2
:1096100090966CB7AC9643B7C99619B7E696F0B674
:109620000297C7B61F979EB63C9775B659974BB62B
:10963000769722B69397F9B5B097D0B5CD97A7B5E1
:10964000EA977EB5089856B525982DB5429804B589
:109650006098DBB47D98B3B49B988AB4B99861B430
:10966000D69839B4F49810B41299E8B33099C0B3CD
:109670004E9997B36C996FB38A9947B3A8991EB363
:10968000C699F6B2E599CEB2039AA6B2229A7EB2F4
:10969000409A56B25F9A2EB27D9A06B29C9ADEB17B
:1096A000BA9AB7B1D99A8FB1F89A67B1179B40B1FE
:1096B000369B18B1559BF0B0749BC9B0939BA1B079
:1096C000B29B7AB0D29B53B0F19B2BB0109C04B0EC
:1096D000309CDDAF4F9CB6AF6F9C8FAF8E9C68AF58
:1096E000AE9C40AFCE9C1AAFEE9CF3AE0D9DCCAEBF
:1096F0002D9DA5AE4D9D7EAE6D9D57AE8E9D31AE1E
:10970000AE9D0AAECE9DE3ADEE9DBDAD0E9E96AD77
:109710002F9E70AD4F9E4AAD709E23AD909EFDACC6
:10972000B19ED7ACD29EB1ACF29E8AAC139F64AC12
:10973000349F3EAC559F18AC769FF2AB979FCCAB55
:10974000B89FA7ABD99F81ABFB9F5BAB1CA035AB90
:109750003DA010AB5FA0EAAA80A0C5AAA1A09FAAC5
:10976000C3A07AAAE5A054AA06A12FAA28A10AAAF2
:109770004AA1E5A96CA1BFA98EA19AA9AFA175A91B
:10978000D2A150A9F4A12BA916A206A938A2E2A839
:109790005AA2BDA87CA298A89FA273A8C1A24FA854
:1097A000E4A22AA806A306A829A3E1A74BA3BDA764
:1097B0006EA398A791A374A7B4A350A7D6A32BA771
:1097C000F9A307A71CA4E3A63FA4BFA662A49BA677
:1097D00086A477A6A9A453A6CCA42FA6EFA40CA672
:1097E00013A5E8A536A5C4A55AA5A1A57DA57DA567
:1097F000A1A55AA5C4A536A5E8A513A50CA6EFA456
:109800002FA6CCA453A6A9A477A686A49BA662A43F
:10981000BFA63FA4E3A61CA407A7F9A32BA7D6A322
:1098200050A7B4A374A791A398A76EA3BDA74BA3F9
:10983000E1A729A306A806A32AA8E4A24FA8C1A2CB
:1098400073A89FA298A87CA2BDA85AA2E2A838A299
:1098500006A916A22BA9F4A150A9D2A175A9AFA15E
:109860009AA98EA1BFA96CA1E5A94AA10AAA28A11B
:109870002FAA06A154AAE5A07AAAC3A09FAAA1A0D4
:10988000C5AA80A0EAAA5FA010AB3DA035AB1CA082
:109890005BABFB9F81ABD99FA7ABB89FCCAB979F2E
:1098A000F2AB769F18AC559F3EAC349F64AC139FCF
:1098B0008AACF29EB1ACD29ED7ACB19EFDAC909E6C
:1098C00023AD709E4AAD4F9E70AD2F9E96AD0E9EFD
:1098D000BDADEE9DE3ADCE9D0AAEAE9D31AE8E9D8B
:1098E00057AE6D9D7EAE4D9DA5AE2D9DCCAE0D9D12
:1098F000F3AEEE9C1AAFCE9C40AFAE9C68AF8E9C90
:109900008FAF6F9CB6AF4F9CDDAF309C04B0109C06
:109910002BB0F19B53B0D29B7AB0B29BA1B0939B7A
:10992000C9B0749BF0B0559B18B1369B40B1179BE2
:1099300067B1F89A8FB1D99AB7B1BA9ADEB19C9A49
:1099400006B27D9A2EB25F9A56B2409A7EB2229AA1
:10995000A6B2039ACEB2E599F6B2C6991EB3A899FB
:1099600047B38A996FB36C9997B34E99C0B3309946
:10997000E8B3129910B4F49839B4D69861B4B99890
:109980008AB49B98B3B47D98DBB4609804B54298D0
:109990002DB5259856B508987EB5EA97A7B5CD9709
:1099A000D0B5B097F9B5939722B676974BB659973D
:1099B00075B63C979EB61F97C7B60297F0B6E69667
:1099C00019B7C99643B7AC966CB7909696B773968D
:1099D000BFB75796E9B73B9612B81E963CB80296A9
:1099E00065B8E6958FB8CA95B9B8AE95E3B89295C3
:1099F0000CB9769536B95A9560B93E958AB92395D2
:109A0000B4B90795DEB9EC9408BAD09432BAB594DB
:109A10005CBA999487BA7E94B1BA6394DBBA4794DE
:109A200005BB2C9430BB11945ABBF69385BBDB93DA
:109A3000AFBBC093DABBA69304BC8B932FBC7093CF
:109A40005ABC569384BC3B93AFBC2193DABC0693BB
:109A500005BDEC922FBDD2925ABDB79285BD9D92A5
:109A6000B0BD8392DBBD699206BE4F9231BE359286
:109A70005DBE1C9288BE0292B3BEE891DEBECF915D
:109A800009BFB59135BF9C9160BF82918CBF699130
:109A9000B7BF5091E2BF36910EC01D913AC00491FC
:109AA00065C0EB9091C0D290BCC0B990E8C0A090C6
:109AB00014C1889040C16F906CC1569097C13E9080
:109AC000C3C12590EFC10D901BC2F58F47C2DC8F3B
:109AD00073C2C48F9FC2AC8FCCC2948FF8C27C8FEC
:109AE00024C3648F50C34C8F7CC3348FA9C31D8F94
:109AF000D5C3058F02C4ED8E2EC4D68E5AC4BE8E39
:109B000087C4A78EB3C4908EE0C4798E0DC5618ED4
:109B100039C54A8E66C5338E93C51C8EBFC5058E6A
:109B2000ECC5EE8D19C6D88D46C6C18D73C6AA8DFB
:109B3000A0C6948DCDC67D8DF9C6678D27C7508D83
:109B400054C73A8D81C7248DAEC70E8DDBC7F88C04
:109B500008C8E28C35C8CC8C63C8B68C90C8A08C81
:109B6000BDC88A8CEBC8758C18C95F8C45C94A8CF6
:109B700073C9348CA0C91F8CCEC9098CFBC9F48B66
:109B800029CADF8B57CACA8B84CAB58BB2CAA08BCD
:109B9000E0CA8B8B0DCB768B3BCB618B69CB4D8B2E
:109BA00097CB388BC5CB248BF3CB0F8B21CCFB8A87
:109BB0004FCCE68A7DCCD28AABCCBE8AD9CCAA8ADD
:109BC00007CD968A35CD828A63CD6E8A91CD5A8A29
:109BD000BFCD468AEECD338A1CCE1F8A4ACE0B8A71
:109BE00079CEF889A7CEE489D5CED18904CFBE89B4
:109BF00032CFAB8961CF97898FCF8489BECF7189EE
:109C0000ECCF5F891BD04C894AD0398978D026891E
:109C1000A7D01489D6D0018904D1EF8833D1DC884C
:109C200062D1CA8891D1B888C0D1A588EED1938875
:109C30001DD281884CD26F887BD25D88AAD24B8896
:109C4000D9D23A8808D3288837D3168867D30588AD
:109C500096D3F387C5D3E287F4D3D18723D4BF87C4
:109C600052D4AE8782D49D87B1D48C87E0D47B87D1
:109C700010D56A873FD559876ED549879ED53887D5
:109C8000CDD52787FDD517872CD606875CD6F686D7
:109C90008BD6E686BBD6D586EAD6C5861AD7B586D4
:109CA0004AD7A58679D79586A9D78586D9D77586C7
:109CB00009D8668638D8568668D8468698D83786B2
:109CC000C8D82786F8D8188627D9098657D9FA859B
:109CD00087D9EA85B7D9DB85E7D9CC8517DABD8581
:109CE00047DAAF8577DAA085A7DA9185D7DA82855A
:109CF00008DB748538DB658568DB578598DB49852B
:109D0000C8DB3A85F8DB2C8529DC1E8559DC1085FB
:109D100089DC0285BADCF484EADCE6841ADDD984C5
:109D20004BDDCB847BDDBD84ABDDB084DCDDA28488
:109D30000CDE95843DDE88846DDE7B849EDE6D8442
:109D4000CEDE6084FFDE53842FDF468460DF3A84FA
:109D500091DF2D84C1DF2084F2DF148423E00784A7
:109D600053E0FA8384E0EE83B5E0E283E6E0D68355
:109D700016E1C98347E1BD8378E1B183A9E1A583F9
:109D8000DAE199830AE28E833BE282836CE2768396
:109D90009DE26B83CEE25F83FFE2548330E348832E
:109DA00061E33D8392E33283C3E32783F4E31C83BF
:109DB00025E4118356E4068387E4FB82B8E4F0824D
:109DC000E9E4E6821BE5DB824CE5D0827DE5C682D4
:109DD000AEE5BC82DFE5B18210E6A78242E69D8255
:109DE00073E69382A4E68982D5E67F8207E77582CF
:109DF00038E76B8269E762829BE75882CCE74F8243
:109E0000FDE745822FE83C8260E8328292E82982B1
:109E1000C3E82082F5E8178226E90E8257E9058219
:109E200089E9FC81BAE9F381ECE9EB811DEAE28181
:109E30004FEAD98180EAD181B2EAC881E4EAC081DF
:109E400015EBB88147EBB08178EBA881AAEBA08134
:109E5000DCEB98810DEC90813FEC888171EC808186
:109E6000A2EC7981D4EC718106ED6A8137ED6281D3
:109E700069ED5B819BED5481CDED4C81FEED45811B
:109E800030EE3E8162EE378194EE3081C6EE2A815B
:109E9000F7EE238129EF1C815BEF16818DEF0F8197
:109EA000BFEF0981F1EF028122F0FC8054F0F680CF
:109EB00086F0F080B8F0EA80EAF0E4801CF1DE8001
:109EC0004EF1D88080F1D280B2F1CD80E4F1C7802C
:109ED00016F2C28048F2BC807AF2B780ACF2B2804F
:109EE000DEF2AC8010F3A78042F3A28074F39D8071
:109EF000A6F39880D8F394800AF48F803CF48A808B
:109F00006EF48680A0F48180D2F47D8004F57880A0
:109F100036F5748068F570809AF56C80CCF56880B1
:109F2000FFF5648031F6608063F65C8095F65880BA
:109F3000C7F65580F9F651802BF74E805DF74A80C1
:109F400090F74780C2F74380F4F7408026F83D80C1
:109F500058F83A808AF83780BDF83480EFF83180BD
:109F600021F92F8053F92C8085F92980B8F92780B1
:109F7000EAF925801CFA22804EFA208080FA1E80A1
:109F8000B3FA1C80E5FA1A8017FB188049FB16808B
:109F90007CFB1480AEFB1280E0FB118012FC0F8072
:109FA00045FC0D8077FC0C80A9FC0B80DBFC098054
:109FB0000EFD088040FD078072FD0680A4FD05802F
:109FC000D7FD048009FE03803BFE03806DFE028006
:109FD000A0FE0180D2FE018004FF008036FF0080D9
:109FE00069FF00809BFF0080CDFF0080037F137D11
:109FF000317B5E799877E07534749472FF70766F78
:10A00000F66D826C166BB5695C680C67C465846418
:10A010004C631C62F360D05FB55EA05D915C885BB1
:10A02000855A885990589E57B056C855E4540554DF
:10A030002B5355528351B650EC4F264F644EA64DCC
:10A04000EC4C344C814BD04A234A7849D1482D48B6
:10A050008C47ED465146B84521458D44FC436C4341
:10A06000DF425542CC414641C24040403FF0037F71
:10A070002074137D39E7317B949F5E7929FD9877B1
:10A080002869E0754D5534744B3B9472409CFF70C9
:10A090003100766F93F5F66DE310826C3AEC166B37
:10A0A000F626B5695F655C685D500C672D95C465E3
:10A0B00019E584643EF54C634F7E1C62613CF3609D
:10A0C000B3EED05F8557B55EEB3BA05DA163915CBD
:10A0D000E698885B5AA8855ADF6088597393905830
:10A0E00018139E57B8B4B0560B4FC85580BAE454F5
:10A0F00024D105548F6E2B53D06F55525AB38351D0
:10A10000F318B650A281EC4FA2CF264F4EE6644E14
:10A110001DAAA64D8B00EC4C10D0344C1600814B80
:10A12000EF78D04AC423234A96EA784927B8D14821
:10A13000FE772D4857168C471D80ED46E5A2514607
:10A14000E26CB845E1CC214544B28D44FA0CFC43A5
:10A1500078CD6C43B4E4DF4226445542B6DDCC41B1
:10A16000C6A346412389C240028140400800400006
:10A170001800480010004000280050002000400057
:10A18000380058003000480058006800480060005F
:10A190006800700008004000100080001800C00037
:10A1A0002000400028004800300088003800C80027
:10A1B00040008000480050005800D000500090003F
:10A1C0006000C0006800D000700098007800D800DF
:10A1D0008800C0009000A000A800D0009800E00017
:10A1E000B000D000B800E800D800F000C800E000DF
:10A1F000E800F00008004000100080001800C000D7
:10A200002000000128004001300080013800C0011A
:10A21000500088005800C80060000801680048012C
:10A22000700088017800C8019800D000A0001001DB
:10A23000A8005001B0009001B800D001E000180162
:10A24000E8005801F0009801F800D80128016001E9
:10A250003001A0013801E0017001A8017801E80196
:10A26000B801F00108000002100040001800400290
:10A2700020008000280080023000C0003800C002AA
:10A280004000000148000003500040015800400316
:10A2900060008001680080037000C0017800C00386
:10A2A0008000000288000802900000039800480225
:10A2B000A0000802A8008802B000C800B800C802C8
:10A2C000C0000801C8000803D0004801D8004803B6
:10A2D000E0008801E8008803F000C801F800C80326
:10A2E0000801100210014001180150022001000372
:10A2F00028019002300148013801D00248011003C2
:10A300005801500360019001680190037001D00171
:10A310007801D003800140028801180290014003B7
:10A3200098015802A0014802A8019802B001480310
:10A33000B801D802C0015002C8011803D00150036F
:10A34000D8015803E0015802E8019803F0015803CE
:10A35000F801D8030802200210024002180260022D
:10A360002802A002300260023802E002400200032C
:10A370004802200350024003580260036002200399
:10A380006802A003700260037802E0038802A00262
:10A39000900280039802A003B0028803B802E8028A
:10A3A000C0028003C8022803D0029003D8026803C9
:10A3B000E002A003E802A803F0029803F802E80311
:10A3C00008032003100340031803600328038803D5
:10A3D0003003600338039803480360035803700395
:10A3E0006803B0037803F0038803A0039003C0035D
:10A3F0009803E003B003C803B803E803C803E0030D
:10A40000D803F00308000002100000041800000642
:10A410002000400028004002300040043800400680
:10A4200040008000480080025000800458008006F0
:10A430006000C0006800C0027000C0047800C00660
:10A4400080000001880000039000000598000007CC
:10A45000A0004001A8004003B0004005B80040073C
:10A46000C0008001C8008003D0008005D8008007AC
:10A47000E000C001E800C003F000C005F800C0071C
:10A480000001000208010802100108041801080672
:10A4900020018002280148023001480438014806A2
:10A4A00040010003480188025001880458018806D1
:10A4B000600180036801C8027001C8047801C80601
:10A4C0008001080288010803900108059801080727
:10A4D000A0018802A8014803B0014805B801480757
:10A4E000C0010803C8018803D0018805D801880786
:10A4F000E0018803E801C803F001C805F801C807B6
:10A5000008021002000200041002100418021006D3
:10A510002002800428025002300250043802500603
:10A520004002000548029002500290045802900632
:10A53000600280056802D0027002D0047802D00662
:10A540008002080488021003900210059802100788
:10A55000A0028804A8025003B0025005B8025007B8
:10A56000C0020805C8029003D0029005D8029007E7
:10A57000E0028805E802D003F002D005F802D00717
:10A580000003000608031006100318041803180639
:10A590002003800628039006300358043803580629
:10A5A0004003000748031007500398045803980617
:10A5B00060038007680390077003D8047803D80607
:10A5C00080030806880318069003180598031807E7
:10A5D000A0038806A8039806B0035805B8035807D7
:10A5E000C0030807C8031807D0039805D8039807C5
:10A5F000E0038807E8039807F003D805F803D807B5
:10A60000080480041004200418042006280480058F
:10A6100030046004380460064004000648048804DE
:10A620005004A0045804A0066004100668048805BD
:10A630007004E0047804E006880480069004200595
:10A6400098042007A0040806A8048007B004600549
:10A65000B8046007C0042006C8048806D004A0051A
:10A66000D804A007E0041806E8048807F004E00511
:10A67000F804E007080520051005800518052806E0
:10A68000280590053005880538056806400500074F
:10A6900048052007500580075805A80660050807EB
:10A6A00068059805700588077805E806880590060E
:10A6B00098052807A0052806A8059007B0052807D3
:10A6C000B8056807C0051007C8059806D0059007AB
:10A6D000D805A807E0051807E8059807F0059807CA
:10A6E000F805E80718063006380670064006000729
:10A6F00048068007500608075806B006600610078F
:10A7000068069007700618077806F0068806A00607
:10A7100098063007A806A007B0068807B806700795
:10A72000C0062007C806A007D0062807D806B0072D
:10A73000E0063007E806A807F0069807F806F007D5
:10A7400048075007380798075007600758077007F1
:10A750006007C0076807D0077807F0077007E007B1
:10A76000B807F007A807B007D807F007C807E00741
:10A77000E807F007080000021000000418000006B7
:10A78000200000082800000A3000000C3800000EED
:10A790004800400250004004580040066000400855
:10A7A0006800400A7000400C7800400E880080026B
:10A7B0009000800498008006A0008008A800800A0D
:10A7C000B000800CB800800EC800C002D000C004E9
:10A7D000D800C006E000C008E800C00AF000C00CC5
:10A7E000F800C00E08010003100100051801000761
:10A7F000200100092801000B3001000D3801000F75
:10A8000048014003500140055801400760014009DC
:10A810006801400B7001400D7801400F88018003F2
:10A820009001800598018007A0018009A801800B94
:10A83000B001800DB801800FC801C003D001C00570
:10A84000D801C007E001C009E801C00BF001C00D4C
:10A85000F801C00F100208041802080620020808B8
:10A860002802080A3002080C3802080E5002480478
:10A8700058024806600248086802480A7002480CFC
:10A880007802480E9002880498028806A002880880
:10A89000A802880AB002880CB802880ED002C80448
:10A8A000D802C806E002C808E802C80AF002C80CCC
:10A8B000F802C80E1003080518030807200308094A
:10A8C0002803080B3003080D3803080F5003480510
:10A8D00058034807600348096803480B7003480D94
:10A8E0007803480F9003880598038807A003880918
:10A8F000A803880BB003880DB803880FD003C805E0
:10A90000D803C807E003C809E803C80BF003C80D63
:10A91000F803C80F18041006200410082804100AB1
:10A920003004100C3804100E58045006600450080F
:10A930006804500A7004500C7804500E9804900675
:10A94000A0049008A804900AB004900CB804900EDB
:10A95000D804D006E004D008E804D00AF004D00CF3
:10A96000F804D00E18051007200510092805100B53
:10A970003005100D3805100F5805500760055009B7
:10A980006805500B7005500D7805500F980590071D
:10A99000A0059009A805900BB005900DB805900F83
:10A9A000D805D007E005D009E805D00BF005D00D9B
:10A9B000F805D00F200618082806180A3006180CCB
:10A9C0003806180E600658086806580A7006580CB3
:10A9D0007806580EA0069808A806980AB006980CA3
:10A9E000B806980EE006D808E806D80AF006D80C93
:10A9F000F806D80E200718092807180B3007180D7D
:10AA00003807180F600758096807580B7007580D6A
:10AA10007807580FA0079809A807980BB007980D5A
:10AA2000B807980FE007D809E807D80BF007D80D4A
:10AA3000F807D80F2808200A3008200C3808200E04
:10AA40006808600A7008600C7808600EA808A00A00
:10AA5000B008A00CB808A00EE808E00AF008E00C66
:10AA6000F808E00E2809200B3009200D3809200FC6
:10AA70006809600B7009600D7809600FA809A00BC8
:10AA8000B009A00DB809A00FE809E00BF009E00D2E
:10AA9000F809E00F300A280C380A280E700A680CF2
:10AAA000780A680EB00AA80CB80AA80EF00AE80CDA
:10AAB000F80AE80E300B280D380B280F700B680DC4
:10AAC000780B680FB00BA80DB80BA80FF00BE80DB2
:10AAD000F80BE80F380C300E780C700EB80CB00E76
:10AAE000F80CF00E380D300F780D700FB80DB00F58
:10AAF000F80DF00F080000101000000218000012FE
:10AB00002000000428000014300000063800001661
:10AB100040000008480000185000000A5800001AC1
:10AB20006000000C6800001C7000000E7800001E21
:10AB300080000008880040109000400298004012F9
:10AB4000A0004004A8004014B0004006B800401621
:10AB5000C0004008C8004018D000400AD800401A81
:10AB6000E000400CE800401CF000400EF800401EE1
:10AB700000010008080180101001800218018012F5
:10AB800020018004280180143001800638018016DD
:10AB900040018008480180185001800A5801801A3D
:10ABA0006001800C6801801C7001800E7801801E9D
:10ABB000800140088801C0109001C0029801C012B5
:10ABC000A001C004A801C014B001C006B801C0169D
:10ABD000C001C008C801C018D001C00AD801C01AFD
:10ABE000E001C00CE801C01CF001C00EF801C01E5D
:10ABF00000020008080200111002000318020013EE
:10AC00002002000528020015300200073802001754
:10AC100040020009480200195002000B5802001BB4
:10AC20006002000D6802001D7002000F7802001F14
:10AC3000800280088802401190024003980240136D
:10AC4000A0024005A8024015B0024007B802401714
:10AC5000C0024009C8024019D002400BD802401B74
:10AC6000E002400DE802401DF002400FF802401FD4
:10AC700000034008080380111003800318038013A9
:10AC800020038005280380153003800738038017D0
:10AC900040038009480380195003800B5803801B30
:10ACA0006003800D6803801D7003800F7803801F90
:10ACB0008003C0088803C0119003C0039803C01329
:10ACC000A003C005A803C015B003C007B803C01790
:10ACD000C003C009C803C019D003C00BD803C01BF0
:10ACE000E003C00DE803C01DF003C00FF803C01F50
:10ACF00000040010080408101004001118040812C1
:10AD00002004081028040814300408063804081623
:10AD100040040808480408185004080A5804081A8F
:10AD20006004080C6804081C7004080E7804081EEF
:10AD300080040018880448109004001998044812F0
:10AD4000A0040818A8044814B0044806B80448161B
:10AD5000C0044808C8044818D004480AD804481A4F
:10AD6000E004480CE804481CF004480EF804481EAF
:10AD700000054010080588101005401118058812BC
:10AD800020054810280588143005880638058816DF
:10AD900040058808480588185005880A5805881A0B
:10ADA0006005880C6805881C7005880E7805881E6B
:10ADB000800540188805C810900540199805C812EC
:10ADC000A0054818A805C814B005C806B805C816D7
:10ADD000C005C808C805C818D005C80AD805C81ACB
:10ADE000E005C80CE805C81CF005C80EF805C81E2B
:10ADF00000068010080608111006801118060813B6
:10AE00002006881028060815300608073806081797
:10AE100040060809480608195006080B5806081B82
:10AE20006006080D6806081D7006080F7806081FE2
:10AE300080068018880648119006801998064813E5
:10AE4000A0068818A8064815B0064807B80648178F
:10AE5000C0064809C8064819D006480BD806481B42
:10AE6000E006480DE806481DF006480FF806481FA2
:10AE70000007C010080788111007C01118078813B1
:10AE80002007C81028078815300788073807881753
:10AE900040078809480788195007880B5807881BFE
:10AEA0006007880D6807881D7007880F7807881F5E
:10AEB0008007C0188807C8119007C0199807C813E1
:10AEC000A007C818A807C815B007C807B807C8174B
:10AED000C007C809C807C819D007C80BD807C81BBE
:10AEE000E007C80DE807C81DF007C80FF807C81F1E
:10AEF0000808101010084008180810122008001147
:10AF00002808101430088011380810164808101846
:10AF10005008100A5808101A6008100C6808101C15
:10AF20007008100E7808101E8008000A880850105B
:10AF30009008000B98085012A008080AA80850149E
:10AF4000B008080BB8085016C008100AC8085018F6
:10AF5000D008500AD808501AE008500CE808501CD5
:10AF6000F008500EF808501E0809901010098009CA
:10AF70001809901220090019280990143009801925
:10AF8000380990164009000B480990185009900A9A
:10AF90005809901A6009900C6809901C7009900E6D
:10AFA0007809901E8009400A8809D0109009400B4A
:10AFB0009809D012A009480AA809D014B009480B72
:10AFC000B809D016C009500AC809D018D009D00A4B
:10AFD000D809D01AE009D00CE809D01CF009D00E2D
:10AFE000F809D01E080A1011180A1013200A40117F
:10AFF000280A1015300AC011380A1017480A10190B
:10B00000500A100B580A101B600A100D680A101D18
:10B01000700A100F780A101F880A5011900A800BCE
:10B02000980A5013A00A5011A80A5015B00A880BAC
:10B03000B80A5017C00A800BC80A5019D00A500B22
:10B04000D80A501BE00A500DE80A501DF00A500FB4
:10B05000F80A501F080B9011180B9013200B401981
:10B06000280B9015300BC019380B9017480B90190E
:10B07000500B900B580B901B600B900D680B901DA4
:10B08000700B900F780B901F880BD011900BC00B9A
:10B09000980BD013A00B5019A80BD015B00BC80BF0
:10B0A000B80BD017C80BD019D80BD01BE00BD00DA4
:10B0B000E80BD01DF00BD00FF80BD01F000C0012C6
:10B0C000080C1810100C0013180C1812200C081281
:10B0D000280C1814300C0813380C1816400C1012D9
:10B0E000480C1818500C1013580C181A600C181231
:10B0F000680C181C700C180E780C181E800C001AA6
:10B10000880C5810900C001B980C5812A00C081AB0
:10B11000A80C5814B00C081BB80C5816C00C101A08
:10B12000C80C5818D00C101BD80C581AE00C181A60
:10B13000E80C581CF00C580EF80C581E000D40126C
:10B14000080D9810100D4013180D9812200D48127C
:10B15000280D9814300D4813380D9816400D5012D4
:10B16000480D9818500D5013580D981A600D58122C
:10B17000680D981C700D980E780D981E800D401A61
:10B18000880DD810900D401B980DD812A00D481AAC
:10B19000A80DD814B00D481BB80DD816C00D501A04
:10B1A000C80DD818D00D501BD80DD81AE00D581A5C
:10B1B000E80DD81CF00DD80EF80DD81E000E801228
:10B1C000080E1811100E8013180E1813200E881276
:10B1D000280E1815300E8813380E1817400E9012CE
:10B1E000480E1819500E9013580E181B600E981226
:10B1F000680E181D700E180F780E181F800E801A1A
:10B20000880E5811900E801B980E5813A00E881AA5
:10B21000A80E5815B00E881BB80E5817C00E901AFD
:10B22000C80E5819D00E901BD80E581BE00E981A55
:10B23000E80E581DF00E580FF80E581F000FC012E0
:10B24000080F9811100FC013180F9813200FC81271
:10B25000280F9815300FC813380F9817400FD012C9
:10B26000480F9819500FD013580F981B600FD81221
:10B27000680F981D700F980F780F981F800FC01AD5
:10B28000880FD811900FC01B980FD813A00FC81AA1
:10B29000A80FD815B00FC81BB80FD817C00FD01AF9
:10B2A000C80FD819D00FD01BD80FD81BE00FD81A51
:10B2B000E80FD81DF00FD81BF80FD81F081020106A
:10B2C0001010401018102012281020143010881070
:10B2D000381020164010001148102018501040114E
:10B2E0005810201A601008126810201C7010881264
:10B2F0007810201E80100012881008129010401242
:10B3000098106012A0102012A8106014B0106012E3
:10B31000B8106016C0100013C8106018D010401389
:10B32000D810601AE0101812E810601CF010981283
:10B33000F810601E08112012101140111811A012EF
:10B34000201108182811A014301188183811A016DF
:10B350004811A0185811A01A6011081A6811A01CF1
:10B360007011881A7811A01E8011101288111812FD
:10B37000901150129811E012A0111818A811E014A1
:10B38000B0119818B811E016C0111013C811E018C8
:10B39000D0115013D811E01AE011181AE811E01C6E
:10B3A000F011981AF811E01E00120018081208187F
:10B3B00010124018181220132012201828122015DD
:10B3C0003012601838122017401200194812201944
:10B3D000501240195812201B601220196812201DAB
:10B3E0007012C8127812201F8012001A8812081AD0
:10B3F0009012401A98126013A012201AA812601519
:10B40000B012601AB8126017C012001BC81260197F
:10B41000D012401BD812601BE012201BE812601DE6
:10B42000F012601BF812601F001310180813181890
:10B43000101350181813A013201348182813A01520
:10B440003013C8183813A017401310194813A01947
:10B45000501350195813A01B6013481A6813A01DED
:10B460007013C81A7813A01F8013101A8813181AA3
:10B470009013501A9813E013A0135818A813E0154E
:10B48000B013D818B813E017C013101BC813E01975
:10B49000D013501BD813E01BE013581AE813E01D1B
:10B4A000F013D81AF813E01F081420141014001514
:10B4B00018142015301408153814281640140015D7
:10B4C00048142818501410155814281A6014201500
:10B4D0006814281C701418157814281E8014001C79
:10B4E0008814201C9014001D9814201DA014081C02
:10B4F000A814281CB014081DB8146816C014101C19
:10B50000C8146818D014101DD814681AE014181C38
:10B51000E814681CF014181DF814681E081520158E
:10B520001015401518156015201528182815281C09
:10B53000301548153815A8164815A8185815A81A12
:10B540006015281A6815A81C7015A81A7815A81E69
:10B550008015401C8815601C9015401D9815601DB5
:10B56000A015481CA815681CB015481DB815E8168C
:10B57000C015501CC815E818D015501DD815E81A6C
:10B58000E015581CE815E81CF015581DF815E81EC4
:10B590000016001C0816081C1016401C1816481C23
:10B5A0002016201C2816281C3016601C3816281758
:10B5B0004016001D481628195016401D5816281B05
:10B5C0006016201D6816281D7016601D7816281F2D
:10B5D0008016801C8816A01C9016801D9816A01D31
:10B5E000A016881CA816A81CB016881DB8166817C7
:10B5F000C016901CC8166819D016901DD816681B66
:10B60000E016981CE816681DF016981DF816681FBD
:10B610000017101C0817181C1017501C1817581C5E
:10B62000201768182817681C3017E8183817A8174B
:10B630004017101D4817A8195017501D5817A81B60
:10B640006017681A6817A81D7017E81A7817A81FDE
:10B650008017C01C8817E01C9017C01D9817E01DAC
:10B66000A017C81CA817E81CB017C81DB817E81702
:10B67000C017D01CC817E819D017D01DD817E81B61
:10B68000E017D81CE817E81DF017D81DF817E81FB9
:10B6900018186018301848183818601C5818301AD4
:10B6A0006818301C7018181A7818301E8018001A84
:10B6B0008818081A9018001B98186019A018201AEA
:10B6C000A818281AB018201BB818601DC018101A26
:10B6D000C818181AD018101BD818701AE018301A89
:10B6E000E818701CF018581AF818701E081920195C
:10B6F0001819601A2819081D301988193819881D59
:10B700004819201B5819B01A6019081B6819B01C79
:10B710007019881B7819B01E8019401A8819481AA8
:10B720009019401B9819601BA019601AA819181DC0
:10B73000B019601BB819981DC019501AC819581AA9
:10B74000D019501BD819F01AE019181BE819F01C71
:10B75000F019981BF819F01E381A701C581A301B73
:10B76000681A301D701A181B781A301F901AC01AE8
:10B77000981AC81AB01AE01AB81AE81AC01A801B28
:10B78000C81A881BD01AC01BD81A701BE01AA01B3D
:10B79000E81A701DF01AE01BF81A701F281B481DCC
:10B7A000381BC81D481B601B581BB01B681BB01DF5
:10B7B000701BC81B781BB01F901BC01B981BC81B9D
:10B7C000A81B581DB01BE01BB81BD81DD81BF01BB5
:10B7D000E81BF01DF81BF01F081C201C181C301C57
:10B7E000381C681C481C601C581C701C781C381EB7
:10B7F000801C001E881C201E901C001F981C201FEF
:10B80000A01C081EA81C281EB01C081FB81C281F3E
:10B81000C01C101EC81C301ED01C101FD81C301F8E
:10B82000E01C181EE81C381EF01C181FF81C781E9F
:10B83000081D201D181D301D381DA81D481D601D28
:10B84000581D701D681D281F781DB81E801D401EC4
:10B85000881D601E901D401F981D601FA01D481E62
:10B86000A81D681EB01D481FB81D681FC01D501EB2
:10B87000C81D701ED01D501FD81D701FE01D581E02
:10B88000E81D781EF01D581FF81DF81E081E201E0A
:10B89000181E301E481E601E581E701E781E381F4F
:10B8A000881EA01E901E801F981EA01FB01E881FFD
:10B8B000B81EA81FC01E801FC81E881FD01E901F44
:10B8C000D81EB01FE01EA01FE81EA81FF01E981F64
:10B8D000F81E781F081F201F181F301F481F601FE9
:10B8E000581F701F781FB81F881FA01F901FC01FF0
:10B8F000981FE01FB01FC81FB81FE81FC81FE01F18
:10B90000D81FF01F080000101000002018000030A1
:10B91000200000022800001230000022380000320F
:10B920004000000448000014500000245800003477
:10B9300060000006680000167000002678000036DF
:10B940008000000888000018900000289800003847
:10B95000A000000AA800001AB000002AB800003AAF
:10B96000C000000CC800001CD000002CD800003C17
:10B97000E000000EE800001EF000002EF800003E7F
:10B98000000100040801401010014020180140305F
:10B99000200140022801401230014022380140328B
:10B9A00040014004480140145001402458014034F3
:10B9B000600140066801401670014026780140365B
:10B9C00080014008880140189001402898014038C3
:10B9D000A001400AA801401AB001402AB801403A2B
:10B9E000C001400CC801401CD001402CD801403C93
:10B9F000E001400EE801401EF001402EF801403EFB
:10BA00000002000808028010100280201802803016
:10BA10002002800228028012300280223802803206
:10BA2000400280044802801450028024580280346E
:10BA300060028006680280167002802678028036D6
:10BA4000800280088802801890028028980280383E
:10BA5000A002800AA802801AB002802AB802803AA6
:10BA6000C002800CC802801CD002802CD802803C0E
:10BA7000E002800EE802801EF002802EF802803E76
:10BA80000003000C0803C0101003C0201803C030CE
:10BA90002003800C2803C0123003C0223803C032B8
:10BAA0004003C0044803C0145003C0245803C034EA
:10BAB0006003C0066803C0167003C0267803C03652
:10BAC0008003C0088803C0189003C0289803C038BA
:10BAD000A003C00AA803C01AB003C02AB803C03A22
:10BAE000C003C00CC803C01CD003C02CD803C03C8A
:10BAF000E003C00EE803C01EF003C02EF803C03EF2
:10BB00000804001110040021180400312004000C66
:10BB100028040013300400233804003340040005D7
:10BB2000480400155004002558040035600400073F
:10BB300068040017700400277804003780040009A7
:10BB4000880400199004002998040039A004000B0F
:10BB5000A804001BB004002BB804003BC004000D77
:10BB6000C804001DD004002DD804003DE004000FDF
:10BB7000E804001FF004002FF804003F08054011FE
:10BB800010054021180540312005000D28054013FF
:10BB90003005402338054033480540155005402501
:10BBA0005805403560054007680540177005402777
:10BBB00078054037800540098805401990054029DF
:10BBC00098054039A005400BA805401BB005402B47
:10BBD000B805403BC005400DC805401DD005402DAF
:10BBE000D805403DE005400FE805401FF005402F17
:10BBF000F805403F00064008080680111006802125
:10BC0000180680312006C0082806801330068023DD
:10BC100038068033400640094806801550068025C6
:10BC200058068035600680076806801770068027F2
:10BC3000780680378006800988068019900680295A
:10BC400098068039A006800BA806801BB006802BC2
:10BC5000B806803BC006800DC806801DD006802D2A
:10BC6000D806803DE006800FE806801FF006802F92
:10BC7000F806803F0007400C0807C0111007C021DC
:10BC80001807C0312007C00C2807C0133007C02395
:10BC90003807C0334007400D4807C0155007C0257E
:10BCA0005807C0356007C0076807C0177007C0276E
:10BCB0007807C0378007C0098807C0199007C029D6
:10BCC0009807C039A007C00BA807C01BB007C02B3E
:10BCD000B807C03BC007C00DC807C01DD007C02DA6
:10BCE000D807C03DE007C00FE807C01FF007C02F0E
:10BCF000F807C03F000800100808081010080820C6
:10BD00001808083020088010280808123008082277
:10BD10003808083240080011480808145008082460
:10BD2000580808346008801168080816700808264A
:10BD3000780808368008081088080818900808282D
:10BD400098080838A008080AA808081AB008082A9D
:10BD5000B808083AC008080CC808081CD008082C05
:10BD6000D808083CE008080EE808081EF008082E6D
:10BD7000F808083E00090014080948101009482076
:10BD8000180948302009801428094812300948222F
:10BD90003809483240090015480948145009482418
:10BDA0005809483460098015680948167009482602
:10BDB00078094836800908148809481890094828E5
:10BDC00098094838A009480AA809481AB009482A19
:10BDD000B809483AC009480CC809481CD009482C81
:10BDE000D809483CE009480EE809481EF009482EE9
:10BDF000F809483E000A0018080A8810100A88202E
:10BE0000180A8830200A8018280A8812300A8822E6
:10BE1000380A8832400A0019480A8814500A8824CF
:10BE2000580A8834600A8019680A8816700A8826B9
:10BE3000780A8836800A0818880A8818900A88289C
:10BE4000980A8838A00A8818A80A881AB00A882A86
:10BE5000B80A883AC00A880CC80A881CD00A882CFC
:10BE6000D80A883CE00A880EE80A881EF00A882E64
:10BE7000F80A883E000B001C080BC810100BC820E5
:10BE8000180BC830200B801C280BC812300BC8229E
:10BE9000380BC832400B001D480BC814500BC82487
:10BEA000580BC834600B801D680BC816700BC82671
:10BEB000780BC836800B081C880BC818900BC82854
:10BEC000980BC838A00B881CA80BC81AB00BC82A3E
:10BED000B80BC83AC00BC80CC80BC81CD00BC82C78
:10BEE000D80BC83CE00BC80EE80BC81EF00BC82EE0
:10BEF000F80BC83E000C4010080C0811100C08216B
:10BF0000180C0831200CC010280C0813300C082322
:10BF1000380C0833400C4011480C0815500C08250B
:10BF2000580C0835600CC011680C0817700C0827F5
:10BF3000780C0837800C4810880C0819900C0829D8
:10BF4000980C0839A00CC810A80C081BB00C082BC2
:10BF5000B80C083BC00C080DC80C081DD00C082DEF
:10BF6000D80C083DE00C080FE80C081FF00C082F57
:10BF7000F80C083F000D4014080D4811100D482121
:10BF8000180D4831200DC014280D4813300D4823DA
:10BF9000380D4833400D4015480D4815500D4825C3
:10BFA000580D4835600DC015680D4817700D4827AD
:10BFB000780D4837800D4814880D4819900D482990
:10BFC000980D4839A00DC814A80D481BB00D482B7A
:10BFD000B80D483BC00D4815C80D481DD00D482D63
:10BFE000D80D483DE00D480FE80D481FF00D482FD3
:10BFF000F80D483F000E4018080E8811100E8821D9
:10C00000180E8831200EC018280E8813300E882391
:10C01000380E8833400E4019480E8815500E88257A
:10C02000580E8835600EC019680E8817700E882764
:10C03000780E8837800E4818880E8819900E882947
:10C04000980E8839A00EC818A80E881BB00E882B31
:10C05000B80E883BC00E4819C80E881DD00E882D1A
:10C06000D80E883DE00E880FE80E881FF00E882F4E
:10C07000F80E883F000F401C080FC811100FC82190
:10C08000180FC831200FC01C280FC813300FC82349
:10C09000380FC833400F401D480FC815500FC82532
:10C0A000580FC835600FC01D680FC817700FC8271C
:10C0B000780FC837800F481C880FC819900FC829FF
:10C0C000980FC839A00FC81CA80FC81BB00FC82BE9
:10C0D000B80FC83BC00F481DC80FC81DD00FC82DD2
:10C0E000D80FC83DE00FC81DE80FC81FF00FC82FBC
:10C0F000F80FC83F0010002008101010101010207A
:10C10000181010302010802028101012301010222B
:10C110003810103240100021481010145010102414
:10C1200058101034601080216810101670101026FE
:10C1300078101036801008208810101890101028E1
:10C1400098101038A0108820A810101AB010102ACB
:10C15000B810103AC0100821C810101CD010102CB4
:10C16000D810103CE0108821E810101EF010102E9E
:10C17000F810103E00110024081110241011502056
:10C1800018115030201180242811501230115022E3
:10C1900038115032401100254811501450115024CC
:10C1A00058115034601180256811501670115026B6
:10C1B0007811503680110824881150189011502899
:10C1C00098115038A0118824A811501AB011502A83
:10C1D000B811503AC0110825C811501CD011502C6C
:10C1E000D811503CE0118825E811501EF011502E56
:10C1F000F811503E0012002808121028101290204A
:10C20000181290302012802828129012301290229A
:10C210003812903240120029481290145012902483
:10C22000581290346012802968129016701290266D
:10C230007812903680120828881290189012902850
:10C2400098129038A0128828A812901AB012902A3A
:10C25000B812903AC0120829C812901CD012902C23
:10C26000D812903CE0128829E812901EF012902E0D
:10C27000F812903E0013002C0813102C1013D0203D
:10C280001813D0302013802C2813902C3013D02278
:10C290003813D0324013002D4813D0145013D0243B
:10C2A0005813D0346013802D6813D0167013D02625
:10C2B0007813D0368013082C8813D0189013D02808
:10C2C0009813D038A013882CA813D01AB013D02AF2
:10C2D000B813D03AC013082DC813D01CD013D02CDB
:10C2E000D813D03CE013882DE813D01EF013D02EC5
:10C2F000F813D03E001440200814502010141021D0
:10C30000181410312014C0202814D0203014102309
:10C3100038141033401440214814101550141025BF
:10C32000581410356014C0216814101770141027A9
:10C33000781410378014482088141019901410298C
:10C3400098141039A014C820A814101BB014102B76
:10C35000B814103BC0144821C814101DD014102D5F
:10C36000D814103DE014C821E814101FF014102F49
:10C37000F814103F001540240815502410155021C2
:10C38000181550312015C0242815D02430155023FD
:10C390003815503340154025481550155015502577
:10C3A000581550356015C025681550177015502761
:10C3B0007815503780154824881550199015502944
:10C3C00098155039A015C824A815501BB015502B2E
:10C3D000B815503BC0154825C815501DD015502D17
:10C3E000D815503DE015C825E815501FF015502F01
:10C3F000F815503F001640280816502810169021B6
:10C40000181690312016C0282816D02830169023F0
:10C41000381690334016402948165029501690255A
:10C42000581690356016C029681690177016902718
:10C4300078169037801648288816901990169029FB
:10C4400098169039A016C828A816901BB016902BE5
:10C45000B816903BC0164829C816901DD016902DCE
:10C46000D816903DE016C829E816901FF016902FB8
:10C47000F816903F0017402C0817502C1017D021A9
:10C480001817D0312017C02C2817D02C3017D023E4
:10C490003817D0334017402D4817502D5017D0254E
:10C4A0005817D0356017C02D6817D0177017D027D0
:10C4B0007817D0378017482C8817D0199017D029B3
:10C4C0009817D039A017C82CA817D01BB017D02B9D
:10C4D000B817D03BC017482DC817D01DD017D02D86
:10C4E000D817D03DE017C82DE817D01FF017D02F70
:10C4F000F817D03F00180030081810301018182016
:10C500001818183020188030281890303018182249
:10C5100038181832401800314818103150181824B3
:10C52000581818346018803168189031701818261F
:10C53000781818368018083088181830901818287D
:10C5400098181838A0188830A818181AB018182A7F
:10C55000B818183AC0180831C818181CD018182C68
:10C56000D818183CE0188831E818181EF018182E52
:10C57000F818183E00190034081910341019582002
:10C58000181958302019803428199034301958223D
:10C5900038195832401900354819103550195824A7
:10C5A0005819583460198035681990357019582613
:10C5B0007819583680190834881918349019582871
:10C5C00098195838A0198834A819581AB019582A37
:10C5D000B819583AC0190835C819581CD019582C20
:10C5E000D819583CE0198835E819581EF019582E0A
:10C5F000F819583E001A0038081A1038101A9820F6
:10C60000181A9830201A8038281A9038301A982230
:10C61000381A9832401A0039481A1039501A98249A
:10C62000581A9834601A8039681A9039701A982606
:10C63000781A9836801A0838881A1838901A982864
:10C64000981A9838A01A8838A81A9838B01A982AD0
:10C65000B81A983AC01A0839C81A981CD01A982CD7
:10C66000D81A983CE01A8839E81A981EF01A982EC1
:10C67000F81A983E001B003C081B103C101BD820E9
:10C68000181BD830201B803C281B903C301BD82224
:10C69000381BD832401B003D481B103D501BD8248E
:10C6A000581BD834601B803D681B903D701BD826FA
:10C6B000781BD836801B083C881B183C901BD82858
:10C6C000981BD838A01B883CA81B983CB01BD82AC4
:10C6D000B81BD83AC01B083DC81BD81CD01BD82C8F
:10C6E000D81BD83CE01B883DE81BD81EF01BD82E79
:10C6F000F81BD83E001C4030081C5030101C18217C
:10C70000181C1831201CC030281CD030301C1823B5
:10C71000381C1833401C4031481C5031501C18251F
:10C72000581C1835601CC031681CD031701C18278B
:10C73000781C1837801C4830881C5830901C1829E9
:10C74000981C1839A01CC830A81CD830B01C182B55
:10C75000B81C183BC01C4831C81C181DD01C182D13
:10C76000D81C183DE01CC831E81C181FF01C182FFD
:10C77000F81C183F001D4034081D5034101D58216E
:10C78000181D5831201DC034281DD034301D5823A9
:10C79000381D5833401D4035481D5035501D582513
:10C7A000581D5835601DC035681DD035701D58277F
:10C7B000781D5837801D4834881D5834901D5829DD
:10C7C000981D5839A01DC834A81DD834B01D582B49
:10C7D000B81D583BC01D4835C81D5835D01D582DB3
:10C7E000D81D583DE01DC835E81D581FF01D582FB5
:10C7F000F81D583F001E4038081E5038101E982162
:10C80000181E9831201EC038281ED038301E98239C
:10C81000381E9833401E4039481E5039501E982506
:10C82000581E9835601EC039681ED039701E982772
:10C83000781E9837801E4838881E5838901E9829D0
:10C84000981E9839A01EC838A81ED838B01E982B3C
:10C85000B81E983BC01E4839C81E5839D01E982DA6
:10C86000D81E983DE01EC839E81E981FF01E982F6C
:10C87000F81E983F001F403C081F503C101FD82155
:10C88000181FD831201FC03C281FD03C301FD82390
:10C89000381FD833401F403D481F503D501FD825FA
:10C8A000581FD835601FC03D681FD03D701FD82766
:10C8B000781FD837801F483C881F583C901FD829C4
:10C8C000981FD839A01FC83CA81FD83CB01FD82B30
:10C8D000B81FD83BC01F483DC81F583DD01FD82D9A
:10C8E000D81FD83DE01FC83DE81FD83DF01FD82F06
:10C8F000F81FD83F0820802010202020182020304A
:10C90000282080283020202238202032402000217A
:10C910004820C0205020202458202034602010249B
:10C920006820C0287020202678202036882080307B
:10C930009020202898202038A0200830A820803877
:10C94000B020202AB820203AC0200821C820C030BA
:10C95000D020202CD820203CE0200831E820C0380E
:10C96000F020202EF820203E0021002408218021E4
:10C970001021102418216030202120242821802912
:10C980003021602238216032402100254821C02119
:10C990005021602458216034602150246821C0292E
:10C9A000702160267821603680210824882180311A
:10C9B0009021602898216038A0210834A82180396E
:10C9C000B021602AB821603AC0210825C821C031B1
:10C9D000D021602CD821603CE0210835E821C03905
:10C9E000F021602EF821603E0022003008228030C5
:10C9F000102208301822A030202210302822882847
:10CA00003022A0223822A032402240304822C030BA
:10CA10005022A0245822A034602250306822C82816
:10CA20007022A0267822A0368022203088228830EA
:10CA30009022A0289822A038A0221830A822883856
:10CA4000B022A02AB822A03AC0226030C822C83042
:10CA5000D022A02CD822A03CE0221831E822C838ED
:10CA6000F022A02EF822A03E0023003108238031BE
:10CA7000102308311823E03020231031282388297F
:10CA8000302318313823E032402340314823C0316D
:10CA90005023E0245823E034602350316823C82910
:10CAA0007023E0267823E0368023182488238831F9
:10CAB0009023E0289823E038A0231834A82388394D
:10CAC000B023E02AB823E03AC0231825C823C83190
:10CAD000D023E02CD823E03CE0231835E823C839E4
:10CAE000F023E02EF823E03E0824802410242024A4
:10CAF000182420312824802C30241031382420336D
:10CB0000402400254824C0245024202558242035C2
:10CB1000602410256824C02C702420277824203716
:10CB2000882480349024202998242039A024483057
:10CB3000A824803CB024202BB824203BC024082506
:10CB4000C824C034D024202DD824203DE0244831EE
:10CB5000E824C03CF024202FF824203F082580251D
:10CB600010252025182560312825802D30255031AD
:10CB7000382560334825C025502560255825603567
:10CB80006825C02D70256027782560378825803579
:10CB90009025602998256039A0254834A825803D36
:10CBA000B025602BB825603BC825C035D025602D49
:10CBB000D825603DE0254835E825C03DF025602FAB
:10CBC000F825603F002600340826803410260834FB
:10CBD0001826A031202610342826882C3026183418
:10CBE0003826A033402640344826C03450264834E6
:10CBF0005826A035602650346826C82C7026A027F9
:10CC00007826A03780262034882688349026A029CC
:10CC10009826A039A0265830A826883CB026A02BFC
:10CC2000B826A03BC0266034C826C834D026A02D24
:10CC3000D826A03DE0265831E826C83CF026A02F93
:10CC4000F826A03F00270035082780351027083533
:10CC50001827E031202710352827882D3027183550
:10CC60003827E033402740354827C035502748351E
:10CC70005827E035602750356827C82D7027E027F2
:10CC80007827E03780272035882788359027E029C6
:10CC90009827E039A0275834A827883DB027E02BF3
:10CCA000B827E03BC0276035C827C835D027E02D1E
:10CCB000D827E03DE0275835E827C83DF027E02F8A
:10CCC000F827E03F08282028102880281828283036
:10CCD0002828902830288828382828324028002CF6
:10CCE0004828202C5028802C582828346028082CCC
:10CCF0006828D0287028882C7828283688289030F2
:10CD000098282838A0282830A8289038B028282A21
:10CD1000B828283AC028102CC828D030D028282C71
:10CD2000D828283CE028182CE828D038F028282ECD
:10CD3000F828283E0029002C0829082C1029102C3E
:10CD4000182968302029202C282990293029D03012
:10CD5000382968324029402C4829602C5029C02CA1
:10CD6000582968346029482C6829D0297029C82C92
:10CD7000782968368029802C882990319029282CA0
:10CD800098296838A0292834A8299039B029682A18
:10CD9000B829683AC029502CC829D031D029682C2C
:10CDA000D829683CE029582CE829D039F029682E88
:10CDB000F829683E002A0038082A2038102A8038CE
:10CDC000182AA830202A0838282A2838302A8838F3
:10CDD000382AA832402A003C482A203C502A803C6D
:10CDE000582AA834602A083C682A283C702A883CC3
:10CDF000782AA836802A1038882A9830902A9038C5
:10CE0000982AA838A02A1838A82A9838B02A98381A
:10CE1000B82AA83AC02A103CC82AD830D02AA82C50
:10CE2000D82AA83CE02A183CE82AD838F02AA82EAC
:10CE3000F82AA83E002B4038082B6038102BC03849
:10CE4000182BE830202B4838282B6838302BC8386E
:10CE5000382BE832402B403C482B603C502BC03CE8
:10CE6000582BE834602B483C682B683C702BC83C3E
:10CE7000782BE836802B5038882B9831902BD0387F
:10CE8000982BE838A02B5838A82B9839B02BD838D5
:10CE9000B82BE83AC02B503CC82BD831D02BE82C0B
:10CEA000D82BE83CE02B583CE82BD839F02BE82E67
:10CEB000F82BE83E082C202C102C802C182C283124
:10CEC000282C902C302C9031382C2833402C002DDD
:10CED000482C202D502C802D582C2835602C082DC6
:10CEE000682CD02C702C882D782C2837882C9034E6
:10CEF000982C2839A02C6830A82C903CB02C68388D
:10CF0000B82C283BC02C102DC82CD034D02C282D68
:10CF1000D82C283DE02C182DE82CD03CF02C282FC4
:10CF2000F82C283F082D202D102D802D182D68312C
:10CF3000282D902D302DD031382D6833482D602D7F
:10CF4000502DC02D582D6835682DD02D702DC82D31
:10CF5000782D6837882D9035982D6839A02D683444
:10CF6000A82D903DB02D683CB82D683BC82DD0351C
:10CF7000D82D683DE02D6835E82DD03DF02D682F87
:10CF8000F82D683F002E0039082E2039102E8039E8
:10CF9000182EA831202E0839282E2839302E88390D
:10CFA000382EA833402E003D482E203D502E803D87
:10CFB000582EA835602E083D682E283D702E883DDD
:10CFC000782EA837802E1039882E9834902E9039DC
:10CFD000982EA839A02E1839A82E983CB02E983932
:10CFE000B82EA83BC02E103DC82ED834D02E903D70
:10CFF000D82EA83DE02E183DE82ED83CF02EA82FC4
:10D00000F82EA83F002F4039082F6039102FC03963
:10D01000182FE831202F4839282F6839302FC83988
:10D02000382FE833402F403D482F603D502FC03D02
:10D03000582FE835602F483D682F683D702FC83D58
:10D04000782FE837802F5039882F9835902FD03996
:10D05000982FE839A02F5839A82F983DB02FD839EC
:10D06000B82FE83BC02F503DC82FD835D02FD03D2A
:10D07000D82FE83DE02F583DE82FD83DF02FD83D80
:10D08000F82FE83F1830303038303032403000313F
:10D090004830083150301031583030346030203151
:10D0A0006830283170301834783030368830A0300D
:10D0B00098303038A830A038B0308838B830303A9E
:10D0C000C0308031C830E030D0309031D830303C82
:10D0D000E0308831E830E038F0308839F830303EE0
:10D0E000003100340831083410311034183118344C
:10D0F0002031203428312834303130343831703206
:10D1000040310035483108355031103558317034D0
:10D1100060312035683128357031583478317036B7
:10D12000803180348831A03190319034983170381A
:10D13000A0318834A831A039B031883CB831703A78
:10D14000C0318035C831E031D0319035D831703CB4
:10D15000E0318835E831E039F031883DF831703E12
:10D1600000320038083280381032083818328838D7
:10D170002032103828329038303218383832B032F5
:10D18000403240384832C038503248385832B034D3
:10D19000603250386832D038703258387832B03611
:10D1A000803220388832A038903228389832B0380F
:10D1B000A0323038A832A838B0329838B832B03AF5
:10D1C000C0326038C832E038D0326838D832B03C2B
:10D1D000E0327038E832E838F0329839F832B03E50
:10D1E000003300390833803910330839183388394F
:10D1F000203310392833903930331839383398397F
:10D20000403340394833C039503348395833F0340B
:10D21000603350396833D039703358397833F03649
:10D22000803320398833A039903328399833F03847
:10D23000A0339834A833A839B033983CB833F03AC7
:10D24000C0336039C833E039D0336839D833F03C63
:10D25000E0339835E833E839F033983DF833F03E61
:10D2600018343034383418394034003548340835EF
:10D270005034103558343035603420356834283512
:10D2800070341835783430378834A03498343039D5
:10D29000A834A03CB034C838B834303BC0348035F2
:10D2A000C834E034D0349035D834303DE03488355B
:10D2B000E834E03CF034C839F834303F18353035C4
:10D2C0003835583958357035783570378835A03548
:10D2D00098357039A835A03DB035C83CB835703B9D
:10D2E000C835E035D835703DE835E03DF035C83D0E
:10D2F000F835703F0036003C0836803C1036083C5C
:10D300001836883C2036103C2836903C3036183C85
:10D310003836983C4036403C4836C03C5036483C55
:10D320005836C83C6036503C6836D03C7036583C65
:10D330007836B0378036203C8836A03C9036283C82
:10D340009836B039A036303CA836A83CB036D8382C
:10D35000B836B03BC036603CC836E03CD036683C9E
:10D36000D836B03DE036703CE836E83CF036D83987
:10D37000F836B03F0037003D0837803D1037083D94
:10D380001837883D2037103D2837903D3037183DFD
:10D390003837983D4037403D4837C03D5037483DCD
:10D3A0005837C83D6037503D6837D03D7037583DDD
:10D3B0007837F0378037203D8837A03D9037283DBB
:10D3C0009837F039A037303DA837A83DB037D83C62
:10D3D000B837F03BC037603DC837E03DD037683DD7
:10D3E000D837F03DE037703DE837E83DF037D83DBD
:10D3F000F837F03F3838983840380039483808391D
:10D400005038103958381839603820396838283978
:10D41000703830397838983CA838B038B838383A4D
:10D42000C0388039C8388839D0389039D838383C35
:10D43000E038A039E838F038F838383EF038A83904
:10D440000039003C0839083C1039103C1839183CA8
:10D450002039203C2839283C3039303C3839383C98
:10D460004039003D4839083D5039103D5839183D84
:10D470006039203D6839283D7039303D7839D83CD5
:10D480008039803C8839883C9039903C9839983C68
:10D49000A039A03CA839B039B839783AB039A83C9D
:10D4A000C039803DC839883DD039903DD839783C65
:10D4B000E039A03DE839F039F839783EF039A83D37
:10D4C000083A103A103A203A183A303A203A803A5C
:10D4D000283A903A303AA03A383AB03A403A003BCB
:10D4E000483A103B503A203B583A303B603A803B38
:10D4F000683A903B703AA03B783AB03B883AA03A01
:10D50000983AB03AA83AB03AC03A083BC83A183B01
:10D51000D03A283BD83AB83CE03A883BE83A983BC6
:10D52000F03AA83BF83AB83E003B003E083B103EBC
:10D53000103B203E183B303E203B803E283B903E37
:10D54000303BA03E383BB03E403B003F483B103FA5
:10D55000503B203F583B303F603B803F683B903F13
:10D56000703BA03F783BB03F803B083E883B183E75
:10D57000903B283E983B383EA03B883EA83B983ED7
:10D58000B03BA83EB83BB83EC03B083FC83B183F45
:10D59000D03B283FD83BF83CE03B883FE83B983FF6
:10D5A000F03BA83FF83BF83E383C983C403C003DFF
:10D5B000483C083D503C103D583C183D603C203DE7
:10D5C000683C283D703C303D783C983DA83CB03CE0
:10D5D000B83CB03EC03C803DC83C883DD03C903D0E
:10D5E000D83C383DE03CA03DE83CF03CF03CA83D58
:10D5F000F83C383F383D983D783DD83DA83DB03D9A
:10D60000B83DB03FE83DF03D083E803EF83D783FF4
:10D61000103E803E183E883E203E803E283E903E92
:10D62000303E883E383E983E403E003F483E203FD8
:10D63000503E803F583EA03F603E083F683E283F36
:10D64000703E883F783EA83F883EA03E983EA83E68
:10D65000C03E103FA83EB03EC83E303FD03E903F57
:10D66000D83EB03FE03E183FE83E383FF03E983F9E
:10D67000083F803FF83EB83F103F803F183F883F4B
:10D68000203F803F283F903F303F883F383F983FC2
:10D69000483F503F503F603F583F703F603FC03F62
:10D6A000683FD03F703FE03F783FF03F883FA03F6A
:10D6B000983FA83FA83FB03FD83FF03FC83FE03F6A
:10D6C000E83FF03F08000010100000201800003074
:10D6D000200000402800005030000060380000703A
:10D6E00040000002480000125000002258000032A2
:10D6F0006000004268000052700000627800007212
:10D700008000000488000014900000249800003479
:10D71000A0000044A8000054B0000064B8000074E9
:10D72000C0000006C8000016D0000026D800003651
:10D73000E0000046E8000056F0000066F8000076C1
:10D740000001000808010018100100281801003825
:10D750002001004828010058300100683801007895
:10D760004001000A4801001A5001002A5801003AFD
:10D770006001004A6801005A7001006A7801007A6D
:10D780008001000C8801001C9001002C9801003CD5
:10D79000A001004CA801005CB001006CB801007C45
:10D7A000C001000EC801001ED001002ED801003EAD
:10D7B000E001004EE801005EF001006EF801007E1D
:10D7C0000802401010024020180240302002404061
:10D7D0002802405030024060380240704802401237
:10D7E00050024022580240326002404268024052D9
:10D7F0007002406278024072800240048802401445
:10D800009002402498024034A0024044A8024054B0
:10D81000B0024064B8024074C0024006C80240161C
:10D82000D0024026D8024036E0024046E802405688
:10D83000F0024066F80240760003400808034018F2
:10D84000100340281803403820034048280340585C
:10D8500030034068380340784003400A4803401AC8
:10D860005003402A5803403A6003404A6803405A34
:10D870007003406A7803407A8003400C8803401CA0
:10D880009003402C9803403CA003404CA803405C0C
:10D89000B003406CB803407CC003400EC803401E78
:10D8A000D003402ED803403EE003404EE803405EE4
:10D8B000F003406EF803407E0804801010048020BE
:10D8C0001804803020048040280480503004806098
:10D8D000380480704804801250048022580480323A
:10D8E0006004804268048052700480627804807210
:10D8F000880480149004802498048034A004804418
:10D90000A8048054B0048064B8048074C004800605
:10D91000C8048016D0048026D8048036E0048046EF
:10D92000E8048056F0048066F804807600058008DC
:10D9300008058018100580281805803820058048C3
:10D940002805805830058068380580784005800AB1
:10D950004805801A5005802A5805803A6005804A9B
:10D960006805805A7005806A7805807A8005800C89
:10D970008805801C9005802C9805803CA005804C73
:10D98000A805805CB005806CB805807CC005800E61
:10D99000C805801ED005802ED805803EE005804E4B
:10D9A000E805805EF005806EF805807E0806C010F0
:10D9B0001006C0201806C0302006C0402806C050FF
:10D9C0003006C0603806C0704806C0125006C0223B
:10D9D0005806C0326006C0426806C0527006C06277
:10D9E0007806C0728806C0149006C0249806C03419
:10D9F000A006C044A806C054B006C064B806C074EF
:10DA0000C806C016D006C026D806C036E006C046F6
:10DA1000E806C056F006C066F806C0760007C008E3
:10DA20000807C0181007C0281807C0382007C048CA
:10DA30002807C0583007C0683807C0784007C00AB8
:10DA40004807C01A5007C02A5807C03A6007C04AA2
:10DA50006807C05A7007C06A7807C07A8007C00C90
:10DA60008807C01C9007C02C9807C03CA007C04C7A
:10DA7000A807C05CB007C06CB807C07CC007C00E68
:10DA8000C807C01ED007C02ED807C03EE007C04E52
:10DA9000E807C05EF007C06EF807C07E08080011F6
:10DAA0001008002118080031200800412808005102
:10DAB000300800613808007148080013500800233E
:10DAC000580800336008004368080053700800637A
:10DAD000780800738808001590080025980800351C
:10DAE000A0080045A8080055B0080065B8080075F2
:10DAF000C8080017D0080027D8080037E0080047FA
:10DB0000E8080057F0080067F808007708090019CE
:10DB1000100900291809003920090049280900596D
:10DB200030090069380900794009000B4809001BD9
:10DB30005009002B5809003B6009004B6809005B45
:10DB40007009006B7809007B8009000D8809001DB1
:10DB50009009002D9809003DA009004DA809005D1D
:10DB6000B009006DB809007DC009000FC809001F89
:10DB7000D009002FD809003FE009004FE809005FF5
:10DB8000F009006FF809007F080A4011100A4021CF
:10DB9000180A4031200A4041280A4051300A4061A9
:10DBA000380A4071480A4013500A4023580A40334B
:10DBB000600A4043680A4053700A4063780A407321
:10DBC000880A4015900A4025980A4035A00A404529
:10DBD000A80A4055B00A4065B80A4075C80A4017FF
:10DBE000D00A4027D80A4037E00A4047E80A4057A1
:10DBF000F00A4067F80A4077080B4019100B4029DB
:10DC0000180B4039200B4049280B4059300B406914
:10DC1000380B4079480B401B500B402B580B403BB6
:10DC2000600B404B680B405B700B406B780B407B8C
:10DC3000800B400D880B401D900B402D980B403DF4
:10DC4000A00B404DA80B405DB00B406DB80B407D64
:10DC5000C00B400FC80B401FD00B402FD80B403FCC
:10DC6000E00B404FE80B405FF00B406FF80B407F3C
:10DC7000080C8011100C8021180C8031200C804180
:10DC8000280C8051300C8061380C8071480C801356
:10DC9000500C8023580C8033600C8043680C8053F8
:10DCA000700C8063780C8073880C8015900C802534
:10DCB000980C8035A00C8045A80C8055B00C806570
:10DCC000B80C8075C80C8017D00C8027D80C803712
:10DCD000E00C8047E80C8057F00C8067F80C8077E8
:10DCE000080D8019100D8029180D8039200D8049EC
:10DCF000280D8059300D8069380D8079480D801BC2
:10DD0000500D802B580D803B600D804B680D805B63
:10DD1000700D806B780D807B880D801D900D802D9F
:10DD2000980D803DA00D804DA80D805DB00D806DDB
:10DD3000B80D807DC00D800FC80D801FD00D802FC5
:10DD4000D80D803FE00D804FE80D805FF00D806FB3
:10DD5000F80D807F080EC011100EC021180EC031C2
:10DD6000200EC041280EC051300EC061380EC07167
:10DD7000480EC013500EC023580EC033600EC0436F
:10DD8000680EC053700EC063780EC073880EC01545
:10DD9000900EC025980EC035A00EC045A80EC055E7
:10DDA000B00EC065B80EC075C80EC017D00EC02723
:10DDB000D80EC037E00EC047E80EC057F00EC0675F
:10DDC000F80EC077080FC019100FC029180FC039FE
:10DDD000200FC049280FC059300FC069380FC079D3
:10DDE000480FC01B500FC02B580FC03B600FC04BDB
:10DDF000680FC05B700FC06B780FC07B880FC01DB1
:10DE0000900FC02D980FC03DA00FC04DA80FC05D52
:10DE1000B00FC06DB80FC07DC80FC01FD00FC02F8E
:10DE2000D80FC03FE00FC04FE80FC05FF00FC06FCA
:10DE3000F80FC07F1010082018100830201008407C
:10DE40002810085030100860381008704810081268
:10DE5000501008225810083260100842681008520A
:10DE60007010086278100872881008149010082446
:10DE700098100834A0100844A8100854B010086482
:10DE8000B8100874C8100816D0100826D810083624
:10DE9000E0100846E8100856F0100866F8100876FA
:10DEA00008110818101108281811083820110848FE
:10DEB0002811085830110868381108784811081AD4
:10DEC0005011082A5811083A6011084A6811085A76
:10DED0007011086A7811087A8811081C9011082CB2
:10DEE0009811083CA011084CA811085CB011086CEE
:10DEF000B811087CC811081ED011082ED811083E90
:10DF0000E011084EE811085EF011086EF811087E65
:10DF10001012482018124830201248402812485049
:10DF20003012486038124870501248225812483255
:10DF30006012484268124852701248627812487261
:10DF4000881248149012482498124834A012484469
:10DF5000A8124854B0124864B8124874C81248163F
:10DF6000D0124826D8124836E0124846E8124856E1
:10DF7000F0124866F812487608134818101348281B
:10DF80001813483820134848281348583013486855
:10DF9000381348784813481A5013482A5813483AF7
:10DFA0006013484A6813485A7013486A7813487ACD
:10DFB0008813481C9013482C9813483CA013484CD5
:10DFC000A813485CB013486CB813487CC813481EAB
:10DFD000D013482ED813483EE013484EE813485E4D
:10DFE000F013486EF813487E1014882018148830F7
:10DFF00020148840281488503014886038148870A1
:10E000005014882258148832601488426814885248
:10E010007014886278148872901488249814883454
:10E02000A0148844A8148854B0148864B814887460
:10E03000C8148816D0148826D8148836E014884668
:10E04000E8148856F0148866F8148876081588183D
:10E0500010158828181588382015884828158858DC
:10E0600030158868381588784815881A5015882A18
:10E070005815883A6015884A6815885A7015886A54
:10E080007815887A8815881C9015882C9815883CF6
:10E09000A015884CA815885CB015886CB815887CCC
:10E0A000C815881ED015882ED815883EE015884ED4
:10E0B000E815885EF015886EF815887E1016C82061
:10E0C0001816C8302016C8402816C8503016C86028
:10E0D0003816C8705016C8225816C8326016C84282
:10E0E0006816C8527016C8627816C8729016C8248E
:10E0F0009816C834A016C844A816C854B016C864E8
:10E10000B816C874D016C826D816C836E016C84641
:10E11000E816C856F016C866F816C8760817C81864
:10E120001017C8281817C8382017C8482817C85803
:10E130003017C8683817C8784817C81A5017C82A3F
:10E140005817C83A6017C84A6817C85A7017C86A7B
:10E150007817C87A8817C81C9017C82C9817C83C1D
:10E16000A017C84CA817C85CB017C86CB817C87CF3
:10E17000C817C81ED017C82ED817C83EE017C84EFB
:10E18000E817C85EF017C86EF817C87E1018082187
:10E19000181808312018084128180851301808614B
:10E1A00038180871501808235818083360180843A5
:10E1B00068180853701808637818087390180825B1
:10E1C00098180835A0180845A8180855B01808650B
:10E1D000B8180875D0180827D8180837E018084765
:10E1E000E8180857F0180867F81808771019082970
:10E1F00018190839201908492819085930190869C7
:10E20000381908794819081B5019082B5819083B68
:10E210006019084B6819085B7019086B7819087B3E
:10E220008819081D9019082D9819083DA019084D46
:10E23000A819085DB019086DB819087DC819081F1C
:10E24000D019082FD819083FE019084FE819085FBE
:10E25000F019086FF819087F101A4821181A483168
:10E26000201A4841281A4851301A4861381A487112
:10E27000501A4823581A4833601A4843681A4853BA
:10E28000701A4863781A4873901A4825981A4835C6
:10E29000A01A4845A81A4855B01A4865B81A4875D2
:10E2A000D01A4827D81A4837E01A4847E81A48577A
:10E2B000F01A4867F81A4877101B4829181B483984
:10E2C000201B4849281B4859301B4869381B48798E
:10E2D000501B482B581B483B601B484B681B485B36
:10E2E000701B486B781B487B881B481D901B482D72
:10E2F000981B483DA01B484DA81B485DB01B486DAE
:10E30000B81B487DC81B481FD01B482FD81B483F4F
:10E31000E01B484FE81B485FF01B486FF81B487F25
:10E32000101C8821181C8831201C8841281C885109
:10E33000301C8861381C8871501C8823581C883315
:10E34000601C8843681C8853701C8863781C887321
:10E35000901C8825981C8835A01C8845A81C8855C9
:10E36000B01C8865B81C8875D01C8827D81C8837D5
:10E37000E01C8847E81C8857F01C8867F81C8877E1
:10E38000101D8829181D8839201D8849281D885985
:10E39000301D8869381D8879501D882B581D883B91
:10E3A000601D884B681D885B701D886B781D887B9D
:10E3B000901D882D981D883DA01D884DA81D885D45
:10E3C000B01D886DB81D887DC81D881FD01D882F81
:10E3D000D81D883FE01D884FE81D885FF01D886FBD
:10E3E000F81D887F101EC821181EC831201EC84184
:10E3F000281EC851301EC861381EC871501EC8235F
:10E40000581EC833601EC843681EC853701EC863B8
:10E41000781EC873901EC825981EC835A01EC84512
:10E42000A81EC855B01EC865B81EC875D01EC8271E
:10E43000D81EC837E01EC847E81EC857F01EC86778
:10E44000F81EC877101FC829181FC839201FC849CF
:10E45000281FC859301FC869381FC879501FC82BDA
:10E46000581FC83B601FC84B681FC85B701FC86B34
:10E47000781FC87B901FC82D981FC83DA01FC84D8E
:10E48000A81FC85DB01FC86DB81FC87DD01FC82F9A
:10E49000D81FC83FE01FC84FE81FC85FF01FC86FF4
:10E4A000F81FC87F1820103020201040282010505E
:10E4B0003020106038201070502010225820103268
:10E4C0006020104268201052702010627820107274
:10E4D0009020102498201034A0201044A82010541C
:10E4E000B0201064B8201074D0201026D820103628
:10E4F000E0201046E8201056F0201066F820107634
:10E5000010211028182110382021104828211058D7
:10E5100030211068382110785021102A5821103AE3
:10E520006021104A6821105A7021106A7821107AEF
:10E530009021102C9821103CA021104CA821105C97
:10E54000B021106CB821107CD021102ED821103EA3
:10E55000E021104EE821105EF021106EF821107EAF
:10E560001822503020225040282250503022506033
:10E570003822507058225032602250426822505245
:10E580007022506278225072902250249822503487
:10E59000A0225044A8225054B0225064B822507493
:10E5A000D0225026D8225036E0225046E82250563B
:10E5B000F0225066F8225076102350281823503845
:10E5C000202350482823505830235068382350784F
:10E5D0005023502A5823503A6023504A6823505AF7
:10E5E0007023506A7823507A9023502C9823503C03
:10E5F000A023504CA823505CB023506CB823507C0F
:10E60000D023502ED823503EE023504EE823505EB6
:10E61000F023506EF823507E182490302024904030
:10E6200028249050302490603824907058249032E0
:10E6300060249042682490527024906278249072F2
:10E6400098249034A0249044A8249054B02490643A
:10E65000B8249074D0249026D8249036E024904694
:10E66000E8249056F0249066F8249076102590289F
:10E6700018259038202590482825905830259068F6
:10E68000382590785025902A5825903A6025904A50
:10E690006825905A7025906A7825907A9025902C5C
:10E6A0009825903CA025904CA825905CB025906CB6
:10E6B000B825907CD025902ED825903EE025904E10
:10E6C000E825905EF025906EF825907E1826D030D3
:10E6D0002026D0402826D0503026D0603826D07052
:10E6E0005826D0326026D0426826D0527026D0629A
:10E6F0007826D0729826D034A026D044A826D054AC
:10E70000B026D064B826D074D826D036E026D046BD
:10E71000E826D056F026D066F826D0761027D028E6
:10E720001827D0382027D0482827D0583027D0683D
:10E730003827D0785027D02A5827D03A6027D04A97
:10E740006827D05A7027D06A7827D07A9027D02CA3
:10E750009827D03CA027D04CA827D05CB027D06CFD
:10E76000B827D07CD027D02ED827D03EE027D04E57
:10E77000E827D05EF027D06EF827D07E1828103119
:10E780002028104128281051302810613828107195
:10E7900058281033602810436828105370281063DD
:10E7A0007828107398281035A0281045A8281055EF
:10E7B000B0281065B8281075D8281037E028104701
:10E7C000E8281057F0281067F82810771829103912
:10E7D0002029104928291059302910693829107921
:10E7E0005029102B5829103B6029104B6829105BC9
:10E7F0007029106B7829107B9029102D9829103DD5
:10E80000A029104DA829105DB029106DB829107DE0
:10E81000D029102FD829103FE029104FE829105F88
:10E82000F029106FF829107F182A5031202A504102
:10E83000282A5051302A5061382A5071582A5033B2
:10E84000602A5043682A5053702A5063782A5073C4
:10E85000982A5035A02A5045A82A5055B02A50650C
:10E86000B82A5075D82A5037E02A5047E82A50571E
:10E87000F02A5067F82A5077182B5039202B50492E
:10E88000282B5059302B5069382B5079582B503B3E
:10E89000602B504B682B505B702B506B782B507B50
:10E8A000902B502D982B503DA02B504DA82B505DF8
:10E8B000B02B506DB82B507DD02B502FD82B503F04
:10E8C000E02B504FE82B505FF02B506FF82B507F10
:10E8D000182C9031202C9041282C9051302C906194
:10E8E000382C9071582C9033602C9043682C9053A6
:10E8F000702C9063782C9073982C9035A02C9045B8
:10E90000A82C9055B02C9065B82C9075D82C9037C9
:10E91000E02C9047E82C9057F02C9067F82C9077DB
:10E92000182D9039202D9049282D9059302D90691F
:10E93000382D9079582D903B602D904B682D905B31
:10E94000702D906B782D907B982D903DA02D904D43
:10E95000A82D905DB02D906DB82D907DD02D902F6D
:10E96000D82D903FE02D904FE82D905FF02D906FC7
:10E97000F82D907F182ED031202ED041282ED05146
:10E98000302ED061382ED071582ED033602ED04327
:10E99000682ED053702ED063782ED073982ED03539
:10E9A000A02ED045A82ED055B02ED065B82ED0754B
:10E9B000D82ED037E02ED047E82ED057F02ED06793
:10E9C000F82ED077182FD039202FD049282FD059A2
:10E9D000302FD069382FD079582FD03B602FD04BB3
:10E9E000682FD05B702FD06B782FD07B982FD03DC5
:10E9F000A02FD04DA82FD05DB02FD06DB82FD07DD7
:10EA0000D82FD03FE02FD04FE82FD05FF02FD06F1E
:10EA1000F82FD07F20301840283018503030186040
:10EA20003830187058301832603018426830185238
:10EA3000703018627830187298301834A03018444A
:10EA4000A8301854B0301864B8301874D83018365C
:10EA5000E0301846E8301856F0301866F83018766E
:10EA600018311838203118482831185830311868B2
:10EA7000383118785831183A6031184A6831185AC4
:10EA80007031186A7831187A9831183CA031184CD6
:10EA9000A831185CB031186CB831187CD831183EE8
:10EAA000E031184EE831185EF031186EF831187EFA
:10EAB000203258402832585030325860383258701E
:10EAC0006032584268325852703258627832587206
:10EAD00098325834A0325844A8325854B03258644E
:10EAE000B8325874D8325836E0325846E832585660
:10EAF000F0325866F8325876183358382033584870
:10EB00002833585830335868383358785833583A7F
:10EB10006033584A6833585A7033586A7833587A91
:10EB20009833583CA033584CA833585CB033586CD9
:10EB3000B833587CD833583EE033584EE833585EEB
:10EB4000F033586EF833587E20349840283498506B
:10EB500030349860383498706034984268349852F1
:10EB60007034986278349872A0349844A8349854D9
:10EB7000B0349864B8349874D8349836E0349846F1
:10EB8000E8349856F0349866F83498761835983802
:10EB90002035984828359858303598683835987811
:10EBA0005835983A6035984A6835985A7035986A59
:10EBB0007835987A9835983CA035984CA835985C6B
:10EBC000B035986CB835987CD835983EE035984E7D
:10EBD000E835985EF035986EF835987E2036D84046
:10EBE0002836D8503036D8603836D8706036D8429B
:10EBF0006836D8527036D8627836D872A036D84483
:10EC0000A836D854B036D864B836D874E036D8466A
:10EC1000E836D856F036D866F836D8761837D83869
:10EC20002037D8482837D8583037D8683837D87878
:10EC30005837D83A6037D84A6837D85A7037D86AC0
:10EC40007837D87A9837D83CA037D84CA837D85CD2
:10EC5000B037D86CB837D87CD837D83EE037D84EE4
:10EC6000E837D85EF037D86EF837D87E20381841AC
:10EC700028381851303818613838187160381843FE
:10EC8000683818537038186378381873A0381845E6
:10EC9000A8381855B0381865B8381875E0381847CE
:10ECA000E8381857F0381867F838187720391849B5
:10ECB0002839185930391869383918795839183BB2
:10ECC0006039184B6839185B7039186B7839187BC4
:10ECD0009839183DA039184DA839185DB039186D0C
:10ECE000B839187DD839183FE039184FE839185F1E
:10ECF000F039186FF839187F203A5841283A58519E
:10ED0000303A5861383A5871603A5843683A585323
:10ED1000703A5863783A5873A03A5845A83A58550B
:10ED2000B03A5865B83A5875E03A5847E83A5857F3
:10ED3000F03A5867F83A5877203B5849283B5859D9
:10ED4000303B5869383B5879603B584B683B585BBF
:10ED5000703B586B783B587B983B583DA03B584DD7
:10ED6000A83B585DB03B586DB83B587DD83B583FE9
:10ED7000E03B584FE83B585FF03B586FF83B587FFB
:10ED8000203C9841283C9851303C9861383C98711F
:10ED9000603C9843683C9853703C9863783C987307
:10EDA000A03C9845A83C9855B03C9865B83C9875EF
:10EDB000E03C9847E83C9857F03C9867F83C9877D7
:10EDC000203D9849283D9859303D9869383D9879BB
:10EDD000603D984B683D985B703D986B783D987BA3
:10EDE000A03D984DA83D985DB03D986DB83D987D8B
:10EDF000D83D983FE03D984FE83D985FF03D986FD3
:10EE0000F83D987F203ED841283ED851303ED86109
:10EE1000383ED871603ED843683ED853703ED863C0
:10EE2000783ED873A03ED845A83ED855B03ED865A8
:10EE3000B83ED875E03ED847E83ED857F03ED86790
:10EE4000F83ED877203FD849283FD859303FD86975
:10EE5000383FD879603FD84B683FD85B703FD86B5C
:10EE6000783FD87BA03FD84DA83FD85DB03FD86D44
:10EE7000B83FD87DE03FD84FE83FD85FF03FD86F2C
:10EE8000F83FD87F28402050304020603840207024
:10EE900060402042684020527040206278402072DA
:10EEA000A0402044A8402054B0402064B8402074C2
:10EEB000E0402046E8402056F0402066F8402076AA
:10EEC000204120482841205830412068384120788E
:10EED0006041204A6841205A7041206A7841207A76
:10EEE000A041204CA841205CB041206CB841207C5E
:10EEF000E041204EE841205EF041206EF841207E46
:10EF0000284260503042606038426070684260520F
:10EF10007042606278426072A0426044A8426054CD
:10EF2000B0426064B8426074E0426046E8426056B5
:10EF3000F0426066F842607620436048284360589B
:10EF400030436068384360786043604A6843605A81
:10EF50007043606A7843607AA043604CA843605C69
:10EF6000B043606CB843607CE043604EE843605E51
:10EF7000F043606EF843607E2844A0503044A060A7
:10EF80003844A0706844A0527044A0627844A072D3
:10EF9000A844A054B044A064B844A074E044A0467F
:10EFA000E844A056F044A066F844A0762045A04866
:10EFB0002845A0583045A0683845A0786045A04A4B
:10EFC0006845A05A7045A06A7845A07AA045A04C33
:10EFD000A845A05CB045A06CB845A07CE045A04E1B
:10EFE000E845A05EF045A06EF845A07E2846E050BA
:10EFF0003046E0603846E0706846E0527046E062B5
:10F000007846E072A846E054B046E064B846E07442
:10F01000E846E056F046E066F846E0762047E048ED
:10F020002847E0583047E0683847E0786047E04AD2
:10F030006847E05A7047E06A7847E07AA047E04CBA
:10F04000A847E05CB047E06CB847E07CE047E04EA2
:10F05000E847E05EF047E06EF847E07E2848205140
:10F060003048206138482071684820537048206338
:10F0700078482073A8482055B0482065B8482075C6
:10F08000E8482057F0482067F84820772849205959
:10F0900030492069384920796049204B6849205B14
:10F0A0007049206B7849207BA049204DA849205DFC
:10F0B000B049206DB849207DE049204FE849205FE4
:10F0C000F049206FF849207F284A6051304A60613A
:10F0D000384A6071684A6053704A6063784A607366
:10F0E000A84A6055B04A6065B84A6075E84A6057FA
:10F0F000F04A6067F84A6077284B6059304B606986
:10F10000384B6079684B605B704B606B784B607B11
:10F11000A04B604DA84B605DB04B606DB84B607DFF
:10F12000E04B604FE84B605FF04B606FF84B607FE7
:10F13000284CA051304CA061384CA071684CA053B1
:10F14000704CA063784CA073A84CA055B04CA0653F
:10F15000B84CA075E84CA057F04CA067F84CA077CD
:10F16000284DA059304DA069384DA079684DA05B5D
:10F17000704DA06B784DA07BA84DA05DB04DA06DEB
:10F18000B84DA07DE04DA04FE84DA05FF04DA06FC1
:10F19000F84DA07F284EE051304EE061384EE071CE
:10F1A000684EE053704EE063784EE073A84EE05531
:10F1B000B04EE065B84EE075E84EE057F04EE067BF
:10F1C000F84EE077284FE059304FE069384FE0794A
:10F1D000684FE05B704FE06B784FE07BA84FE05DDD
:10F1E000B04FE06DB84FE07DE84FE05FF04FE06F6B
:10F1F000F84FE07F3050286038502870685028520F
:10F200007050286278502872A8502854B050286452
:10F21000B8502874E8502856F0502866F8502876E0
:10F220002851285830512868385128786851285A70
:10F230007051286A7851287AA851285CB051286CFE
:10F24000B851287CE851285EF051286EF851287E8C
:10F2500030526860385268707052686278526872D2
:10F26000A8526854B0526864B8526874E85268563C
:10F27000F0526866F85268762853685830536868C8
:10F28000385368786853685A7053686A7853687A54
:10F29000A853685CB053686CB853687CE853685EE8
:10F2A000F053686EF853687E3054A8603854A870E4
:10F2B0007054A8627854A872B054A864B854A87462
:10F2C000E854A856F054A866F854A8762855A858CB
:10F2D0003055A8683855A8786855A85A7055A86A56
:10F2E0007855A87AA855A85CB055A86CB855A87CE4
:10F2F000E855A85EF055A86EF855A87E3056E8602F
:10F300003856E8707056E8627856E872B056E8648D
:10F31000B856E874F056E866F856E8762857E85884
:10F320003057E8683857E8786857E85A7057E86AFD
:10F330007857E87AA857E85CB057E86CB857E87C8B
:10F34000E857E85EF057E86EF857E87E30582861D5
:10F35000385828717058286378582873B058286531
:10F36000B8582875F0582867F85828773059286910
:10F37000385928796859285B7059286B7859287B47
:10F38000A859285DB059286DB859287DE859285FDB
:10F39000F059286FF859287F305A6861385A6871D7
:10F3A000705A6863785A6873B05A6865B85A687555
:10F3B000F05A6867F85A6877305B6869385B687933
:10F3C000705B686B785B687BA85B685DB05B686D41
:10F3D000B85B687DE85B685FF05B686FF85B687FCF
:10F3E000305CA861385CA871705CA863785CA87315
:10F3F000B05CA865B85CA875F05CA867F85CA877F5
:10F40000305DA869385DA879705DA86B785DA87BD0
:10F41000B05DA86DB85DA87DE85DA85FF05DA86FE0
:10F42000F85DA87F305EE861385EE871705EE86381
:10F43000785EE873B05EE865B85EE875F05EE86730
:10F44000F85EE877305FE869385FE879705FE86B0D
:10F45000785FE87BB05FE86DB85FE87DF05FE86FEC
:10F46000F85FE87F386030707060306278603072CA
:10F47000B0603064B8603074F0603066F860307648
:10F4800030613068386130787061306A7861307A24
:10F49000B061306CB861307CF061306EF861307E04
:10F4A0003862707078627072B0627064B862707442
:10F4B000F0627066F86270763063706838637078F6
:10F4C0007063706A7863707AB063706CB863707CD4
:10F4D000F063706EF863707E3864B0707864B072F8
:10F4E000B864B074F064B066F864B0763065B06843
:10F4F0003865B0787065B06A7865B07AB065B06C20
:10F50000B865B07CF065B06EF865B07E3866F070B6
:10F510007866F072B866F074F866F0763067F06876
:10F520003867F0787067F06A7867F07AB067F06CE7
:10F53000B867F07CF067F06EF867F07E386830717D
:10F5400078683073B8683075F86830773869307922
:10F550007069306B7869307BB069306DB869307D27
:10F56000F069306FF869307F386A7071786A70734B
:10F57000B86A7075F86A7077386B7079786B707BE1
:10F58000B06B706DB86B707DF06B706FF86B707FE7
:10F59000386CB071786CB073B86CB075F86CB077CB
:10F5A000386DB079786DB07BB86DB07DF06DB06FAF
:10F5B000F86DB07F386EF071786EF073B86EF075DC
:10F5C000F86EF077386FF079786FF07BB86FF07D78
:10F5D000F86FF07F78703872B8703874F8703876D9
:10F5E000387138787871387AB871387CF871387E2B
:10F5F000B8727874F8727876387378787873787A25
:10F60000B873787CF873787EF874B8763875B87803
:10F610007875B87AB875B87CF875B87E3877F878A8
:10F620007877F87AB877F87CF877F87E7879387B4D
:10F63000B879387DF879387FB87B787DF87B787F2A
:10F64000F87DB87F0800400010002000180060001E
:10F650002800500038007000580068000800800042
:10F66000100040001800C0002800A000300060001A
:10F670003800E000480090005800D0006800B0005A
:10F680007800F0009800C800B800E8000800000109
:10F690001000800018008001200040002800400178
:10F6A0003000C0003800C001480020015000A00018
:10F6B0005800A001680060017000E0007800E001DF
:10F6C0008800100198009001A8005001B000D000FF
:10F6D000B800D001C8003001D800B001E8007001C6
:10F6E000F800F00118018801280148013801C8011B
:10F6F0005801A8017801E801B801D801080000020A
:10F700001000000118000003200080002800800283
:10F710003000800138008003480040025000400162
:10F72000580040036000C0006800C0027000C001C3
:10F730007800C00388002002900020019800200378
:10F74000A800A002B000A001B800A003C800600299
:10F75000D0006001D8006003E800E002F000E001A2
:10F76000F800E003080110021801100328019002BC
:10F7700030019001380190034801500258015003B4
:10F780006801D0027001D0017801D00388013002F5
:10F7900098013003A801B002B801B003C80170029B
:10F7A000D8017003E801F002F801F0031802080321
:10F7B0002802880238028803580248036802C802F7
:10F7C0007802C80398022803B802A803D802680385
:10F7D000F802E803380398037803D803080000040C
:10F7E000100000021800000620000001280000059B
:10F7F000300000033800000740008000480080040B
:10F80000500080025800800660008001680080057A
:10F810007000800378008007880040049000400258
:10F8200098004006A0004001A8004005B000400339
:10F83000B8004007C800C004D000C002D800C0060D
:10F84000E000C001E800C005F000C003F800C007F8
:10F8500008012004100120021801200628012005BB
:10F8600030012003380120074801A0045001A00204
:10F870005801A0066001A0016801A0057001A00365
:10F880007801A00788016004900160029801600679
:10F89000A8016005B0016003B8016007C801E00479
:10F8A000D001E002D801E006E801E005F001E00344
:10F8B000F801E007080210041802100628021005DB
:10F8C00030021003380210074802900450029002E0
:10F8D0005802900668029005700290037802900723
:10F8E0008802500498025006A8025005B002500346
:10F8F000B8025007C802D004D802D006E802D005EA
:10F90000F002D003F802D0070803300418033006D1
:10F9100028033005380330074803B0045803B00605
:10F920006803B0057003B0037803B0078803700460
:10F9300098037006A8037005B8037007C803F004A5
:10F94000D803F006E803F005F803F00718040806EA
:10F950002804080538040807480488045804880661
:10F96000680488057804880798044806A8044805B0
:10F97000B8044807D804C806E804C805F804C8074E
:10F9800018052806380528075805A8066805A8059B
:10F990007805A80798056806B8056807D805E80639
:10F9A000F805E807380618075806980678069807F5
:10F9B000B8065807F806D8077807B80708000008FF
:10F9C000100000041800000C200000022800000AAB
:10F9D000300000063800000E400000014800000919
:10F9E000500000055800000D600000036800000B87
:10F9F000700000077800000F8800800890008004E5
:10FA00009800800CA0008002A800800AB000800648
:10FA1000B800800EC0008001C8008009D0008005B9
:10FA2000D800800DE0008003E800800BF000800724
:10FA3000F800800F08014008100140041801400C34
:10FA4000200140022801400A300140063801400EE2
:10FA500048014009500140055801400D6001400334
:10FA60006801400B700140077801400F8801C00811
:10FA70009001C0049801C00CA001C002A801C00AF6
:10FA8000B001C006B801C00EC801C009D001C00550
:10FA9000D801C00DE001C003E801C00BF001C007B0
:10FAA000F801C00F08022008100220041802200CE0
:10FAB0002802200A300220063802200E48022009BF
:10FAC000500220055802200D600220036802200B1E
:10FAD000700220077802200F8802A0089002A0047C
:10FAE0009802A00CA802A00AB002A006B802A00EBC
:10FAF000C802A009D002A005D802A00DE002A00310
:10FB0000E802A00BF002A007F802A00F08036008AB
:10FB1000100360041803600C2803600A30036006B9
:10FB20003803600E48036009500360055803600DF8
:10FB30006803600B700360077803600F8803E008B8
:10FB40009003E0049803E00CA803E00AB003E00689
:10FB5000B803E00EC803E009D003E005D803E00DC8
:10FB6000E803E00BF003E007F803E00F08041008D7
:10FB70001804100C2804100A300410063804100E63
:10FB800048041009500410055804100D6804100BA7
:10FB9000700410077804100F880490089804900CE3
:10FBA000A804900AB0049006B804900EC804900906
:10FBB000D0049005D804900DE804900BF004900751
:10FBC000F804900F080550081805500C2805500A35
:10FBD000300550063805500E480550095805500D9F
:10FBE0006805500B700550077805500F8805D00840
:10FBF0009805D00CA805D00AB005D006B805D00EDF
:10FC0000C805D009D805D00DE805D00BF005D00700
:10FC1000F805D00F080630081806300C2806300A00
:10FC20003806300E480630095806300D6806300B8D
:10FC3000700630077806300F8806B0089806B00CBA
:10FC4000A806B00AB806B00EC806B009D806B00DAE
:10FC5000E806B00BF006B007F806B00F080770080A
:10FC60001807700C2807700A3807700E48077009CB
:10FC70005807700D6807700B7807700F8807F00839
:10FC80009807F00CA807F00AB807F00EC807F009AB
:10FC9000D807F00DE807F00BF807F00F1808080C6C
:10FCA0002808080A3808080E480808095808080DE6
:10FCB0006808080B7808080F9808880CA808880AB4
:10FCC000B808880EC8088809D808880DE808880B85
:10FCD000F808880F1809480C2809480A3809480EFE
:10FCE0005809480D6809480B7809480F9809C80C4D
:10FCF000A809C80AB809C80ED809C80DE809C80B70
:10FD0000F809C80F180A280C380A280E580A280DB6
:10FD1000680A280B780A280F980AA80CB80AA80EB7
:10FD2000D80AA80DE80AA80BF80AA80F180B680C47
:10FD3000380B680E580B680D780B680F980BE80CA1
:10FD4000B80BE80ED80BE80DF80BE80F380C180EBE
:10FD5000580C180D780C180FB80C980ED80C980D7C
:10FD6000F80C980F380D580E780D580FB80DD80EA6
:10FD7000F80DD80F780E380FF80EB80F08000010E5
:10FD800010000008180000182000000428000014CB
:10FD90003000000C3800001C400000024800001237
:10FDA0005000000A5800001A6000000668000016A3
:10FDB0007000000E7800001E800000018800001115
:10FDC0009000000998000019A0000005A800001587
:10FDD000B000000DB800001DC0000003C8000013F3
:10FDE000D000000BD800001BE0000007E80000175F
:10FDF000F000000FF800001F0801801010018008BB
:10FE00001801801820018004280180143001800C22
:10FE10003801801C40018002480180125001800A94
:10FE20005801801A60018006680180167001800EFA
:10FE30007801801E88018011900180099801801945
:10FE4000A0018005A8018015B001800DB801801DBA
:10FE5000C0018003C8018013D001800BD801801B32
:10FE6000E0018007E8018017F001800FF801801F92
:10FE700008024010100240081802401820024004F6
:10FE8000280240143002400C3802401C4802401244
:10FE90005002400A5802401A6002400668024016AA
:10FEA0007002400E7802401E880240119002400904
:10FEB00098024019A0024005A8024015B002400D6A
:10FEC000B802401DC0024003C8024013D002400BDC
:10FED000D802401BE0024007E8024017F002400F42
:10FEE000F802401F0803C0101003C0081803C01810
:10FEF0002003C0042803C0143003C00C3803C01C06
:10FF00004803C0125003C00A5803C01A6003C00659
:10FF10006803C0167003C00E7803C01E8803C011AA
:10FF20009003C0099803C019A003C005A803C01519
:10FF3000B003C00DB803C01DC803C013D003C00B6D
:10FF4000D803C01BE003C007E803C017F003C00FCD
:10FF5000F803C01F080420101004200818042018FB
:10FF6000280420143004200C3804201C48042012DB
:10FF70005004200A5804201A600420066804201641
:10FF80007004200E7804201E88042011900420099B
:10FF900098042019A0042005A8042015B004200D01
:10FFA000B804201DC8042013D004200BD804201B43
:10FFB000E0042007E8042017F004200FF804201FB5
:10FFC0000805A0101005A0081805A0182805A01401
:10FFD0003005A00C3805A01C4805A0125005A00A49
:10FFE0005805A01A6005A0066805A0167005A00EA9
:10FFF0007805A01E8805A0119005A0099805A019F4
:020000040803EF
:10000000A805A015B005A00DB805A01DC805A01332
:10001000D005A00BD805A01BE005A007E805A01798
:10002000F005A00FF805A01F080660101006600874
:1000300018066018280660143006600C3806601C2C
:10004000480660125006600A5806601A6806601674
:100050007006600E7806601E8806601190066009C2
:1000600098066019A8066015B006600DB806601DF8
:10007000C8066013D006600BD806601BE006600758
:10008000E8066017F006600FF806601F0807E0102A
:100090001007E0081807E0182807E0143007E00C04
:1000A0003807E01C4807E0125007E00A5807E01A3A
:1000B0006807E0167007E00E7807E01E8807E01179
:1000C0009007E0099807E019A807E015B007E00DD0
:1000D000B807E01DC807E013D007E00BD807E01B06
:1000E000E807E017F007E00FF807E01F0808101016
:1000F00018081018280810143008100C3808101CA4
:10010000480810125008100A5808101A68081016EB
:100110007008100E7808101E880810119008100939
:1001200098081019A8081015B008100DB808101D6F
:10013000C8081013D008100BD808101BE8081017B7
:10014000F008100FF808101F0809901018099018EF
:10015000280990143009900C3809901C4809901215
:100160005009900A5809901A680990167009900E63
:100170007809901E8809901198099019A80990157E
:10018000B009900DB809901DC8099013D009900BC3
:10019000D809901BE8099017F009900FF809901FF3
:1001A000080A5010180A5018280A5014300A500C27
:1001B000380A501C480A5012580A501A680A501639
:1001C000700A500E780A501E880A5011980A501969
:1001D000A80A5015B00A500DB80A501DC80A50138D
:1001E000D00A500BD80A501BE80A5017F00A500FDB
:1001F000F80A501F080BD010180BD018280BD01479
:10020000300BD00C380BD01C480BD012580BD01A26
:10021000680BD016700BD00E780BD01E880BD01147
:10022000980BD019A80BD015B00BD00DB80BD01D62
:10023000C80BD013D80BD01BE80BD017F00BD00F86
:10024000F80BD01F080C3010180C3018280C301484
:10025000380C301C480C3012580C301A680C301610
:10026000700C300E780C301E880C3011980C301940
:10027000A80C3015B00C300DB80C301DC80C301364
:10028000D80C301BE80C3017F00C300FF80C301F76
:10029000080DB010180DB018280DB014380DB01C92
:1002A000480DB012580DB01A680DB016700DB00E92
:1002B000780DB01E880DB011980DB019A80DB015AD
:1002C000B80DB01DC80DB013D80DB01BE80DB01798
:1002D000F00DB00FF80DB01F080E7010180E70184A
:1002E000280E7014380E701C480E7012580E701ABA
:1002F000680E7016780E701E880E7011980E7019A8
:10030000A80E7015B80E701DC80E7013D80E701B95
:10031000E80E7017F00E700FF80E701F080FF01037
:10032000180FF018280FF014380FF01C480FF012B7
:10033000580FF01A680FF016780FF01E880FF011A2
:10034000980FF019A80FF015B80FF01DC80FF01393
:10035000D80FF01BE80FF017F80FF01F181008184F
:10036000281008143810081C481008125810081AD1
:10037000681008167810081E8810081198100819BF
:10038000A8100815B810081DC8100813D810081BAD
:10039000E8100817F810081F181188182811881479
:1003A0003811881C481188125811881A681188164B
:1003B0007811881E98118819A8118815B811881D00
:1003C000C8118813D811881BE8118817F811881FE5
:1003D00018124818281248143812481C5812481A83
:1003E000681248167812481E98124819A812481523
:1003F000B812481DC8124813D812481BE8124817F3
:10040000F812481F1813C8182813C8143813C81C2A
:100410005813C81A6813C8167813C81E9813C81939
:10042000A813C815B813C81DD813C81BE813C817DC
:10043000F813C81F181428183814281C5814281A20
:10044000681428167814281E98142819A81428153A
:10045000B814281DD814281BE8142817F814281FCE
:100460001815A8183815A81C5815A81A6815A81624
:100470007815A81E9815A819B815A81DD815A81B79
:10048000E815A817F815A81F181668183816681C5C
:100490005816681A7816681E98166819B816681DD6
:1004A000D816681BE8166817F816681F1817E8189A
:1004B0003817E81C5817E81A7817E81E9817E81933
:1004C000B817E81DD817E81BF817E81F3818181CCC
:1004D0005818181A7818181E98181819B818181DCE
:1004E000D818181BF818181F3819981C5819981A7A
:1004F0007819981EB819981DD819981BF819981FC3
:10050000381A581C781A581EB81A581DD81A581B71
:10051000F81A581F381BD81C781BD81EB81BD81DBA
:10052000F81BD81F781C381EB81C381DF81C381F43
:10053000781DB81EF81DB81FF81E781F080000208F
:1005400010000010180000302000000828000028CB
:100550003000001838000038400000044800002433
:1005600050000014580000346000000C6800002C9B
:100570007000001C7800003C80000002880000220F
:100580009000001298000032A000000AA800002A83
:10059000B000001AB800003AC0000006C8000026EB
:1005A000D0000016D8000036E000000EE800002E53
:1005B000F000001EF800003E0801002110010011AB
:1005C000180100312001000928010029300100191B
:1005D000380100394001000548010025500100158F
:1005E000580100356001000D6801002D7001001DEB
:1005F0007801003D80010003880100239001001371
:1006000098010033A001000BA801002BB001001BD2
:10061000B801003BC0010007C8010027D001001746
:10062000D8010037E001000FE801002FF001001FA2
:10063000F801003F0802802010028010180280306C
:100640002002800828028028300280183802803872
:1006500040028004480280245002801458028034F2
:100660006002800C6802802C7002801C7802803C42
:10067000880280229002801298028032A002800AB2
:10068000A802802AB002801AB802803AC00280060E
:10069000C8028026D0028016D8028036E002800E82
:1006A000E802802EF002801EF802803E08038021BE
:1006B000100380111803803120038009280380294A
:1006C00030038019380380394003800548038025B2
:1006D00050038015580380356003800D6803802D1A
:1006E0007003801D7803803D88038023900380136E
:1006F00098038033A003800BA803802BB003801BDA
:10070000B803803BC0038007C8038027D00380174D
:10071000D8038037E003800FE803802FF003801FA9
:10072000F803803F080440201004401018044030B3
:100730002004400828044028300440183804403879
:100740004804402450044014580440346004400CD1
:100750006804402C7004401C7804403C880440220B
:100760009004401298044032A004400AA804402A91
:10077000B004401AB804403AC0044006C8044026F9
:10078000D0044016D8044036E004400EE804402E61
:10079000F004401EF804403E0805402110054011B9
:1007A0001805403120054009280540293005401929
:1007B0003805403948054025500540155805403555
:1007C0006005400D6805402D7005401D7805403DD1
:1007D000880540239005401398054033A005400B41
:1007E000A805402BB005401BB805403BC00540079D
:1007F000C8054027D0054017D8054037E005400F11
:10080000E805402FF005401FF805403F0806C020CE
:100810001006C0101806C0302006C0082806C028E0
:100820003006C0183806C0384806C0245006C01428
:100830005806C0346006C00C6806C02C7006C01C88
:100840007806C03C8806C0229006C0129806C032C6
:10085000A006C00AA806C02AB006C01AB806C03A48
:10086000C806C026D006C016D806C036E006C00EA0
:10087000E806C02EF006C01EF806C03E0807C021DC
:100880001007C0111807C0312007C0092807C02968
:100890003007C0193807C0394807C0255007C015B0
:1008A0005807C0356007C00D6807C02D7007C01D10
:1008B0007807C03D8807C0239007C0139807C0334E
:1008C000A007C00BA807C02BB007C01BB807C03BD0
:1008D000C807C027D007C017D807C037E007C00F28
:1008E000E807C02FF007C01FF807C03F0808202006
:1008F0001008201018082030280820283008201858
:10090000380820384808202450082014580820347B
:100910006008200C6808202C7008201C7808203CF7
:10092000880820229008201298082032A008200A67
:10093000A808202AB008201AB808203AC80820269B
:10094000D0082016D8082036E008200EE808202E0F
:10095000F008201EF808203E080920211009201167
:10096000180920312809202930092019380920398F
:100970004809202550092015580920356009200D07
:100980006809202D7009201D7809203D8809202341
:100990009009201398092033A009200BA809202BC7
:1009A000B009201BB809203BC8092027D00920170F
:1009B000D8092037E009200FE809202FF009201F6F
:1009C000F809203F080AA020100AA010180AA03039
:1009D000280AA028300AA018380AA038480AA024FB
:1009E000500AA014580AA034600AA00C680AA02C6F
:1009F000700AA01C780AA03C880AA022900AA012C3
:100A0000980AA032A80AA02AB00AA01AB80AA03AE6
:100A1000C80AA026D00AA016D80AA036E00AA00E5E
:100A2000E80AA02EF00AA01EF80AA03E080BA0219A
:100A3000100BA011180BA031280BA029300BA01906
:100A4000380BA039480BA025500BA015580BA0352A
:100A5000600BA00D680BA02D700BA01D780BA03DA6
:100A6000880BA023900BA013980BA033A80BA02BEE
:100A7000B00BA01BB80BA03BC80BA027D00BA01736
:100A8000D80BA037E00BA00FE80BA02FF00BA01F96
:100A9000F80BA03F080C6020100C6010180C6030A0
:100AA000280C6028300C6018380C6038480C602422
:100AB000500C6014580C6034680C602C700C601C76
:100AC000780C603C880C6022900C6012980C6032AC
:100AD000A80C602AB00C601AB80C603AC80C6026EA
:100AE000D00C6016D80C6036E00C600EE80C602E5E
:100AF000F00C601EF80C603E080D6021100D6011B6
:100B0000180D6031280D6029300D6019380D6039DD
:100B1000480D6025500D6015580D6035680D602D2D
:100B2000700D601D780D603D880D6023900D601381
:100B3000980D6033A80D602BB00D601BB80D603BA5
:100B4000C80D6027D00D6017D80D6037E00D600F1D
:100B5000E80D602FF00D601FF80D603F080EE020DB
:100B6000100EE010180EE030280EE028300EE018CD
:100B7000380EE038480EE024500EE014580EE034F1
:100B8000680EE02C700EE01C780EE03C880EE0222F
:100B9000900EE012980EE032A80EE02AB00EE01A95
:100BA000B80EE03AC80EE026D00EE016D80EE036B9
:100BB000E80EE02EF00EE01EF80EE03E080FE021F9
:100BC000100FE011180FE031280FE029300FE01965
:100BD000380FE039480FE025500FE015580FE03589
:100BE000680FE02D700FE01D780FE03D880FE023C7
:100BF000900FE013980FE033A80FE02BB00FE01B2D
:100C0000B80FE03BC80FE027D00FE017D80FE03750
:100C1000E80FE02FF00FE01FF80FE03F0810102062
:100C200018101030281010283010101838101038F4
:100C30004810102450101014581010346810102C44
:100C40007010101C7810103C881010229010101298
:100C500098101032A810102AB010101AB810103ABC
:100C6000C8101026D0101016D8101036E810102E0C
:100C7000F010101EF810103E08111021181110313C
:100C80002811102930111019381110394811102568
:100C900050111015581110356811102D7011101DBC
:100CA0007811103D881110239011101398111033F2
:100CB000A811102BB011101BB811103BC811102730
:100CC000D0111017D8111037E811102FF011101F84
:100CD000F811103F08129020181290302812902816
:100CE00030129018381290384812902450129014F4
:100CF000581290346812902C7012901C7812903C0C
:100D00008812902298129032A812902AB012901A4B
:100D1000B812903AC8129026D0129016D812903677
:100D2000E812902EF012901EF812903E08139021B7
:100D300018139031281390293013901938139039D3
:100D40004813902550139015581390356813902D23
:100D50007013901D7813903D88139023981390334F
:100D6000A813902BB013901BB813903BC813902777
:100D7000D0139017D8139037E813902FF013901FCB
:100D8000F813903F0814502018145030281450289D
:100D90003014501838145038481450245814503413
:100DA0006814502C7014501C7814503C8814502235
:100DB00098145032A814502AB014501AB814503A4B
:100DC000C8145026D0145016D8145036E814502E9B
:100DD000F014501EF814503E0815502118155031CB
:100DE00028155029301550193815503948155025F7
:100DF000581550356815502D7015501D7815503DFB
:100E00008815502398155033A815502BB015501B3A
:100E1000B815503BC8155027D0155017D815503766
:100E2000E815502FF015501FF815503F0816D02028
:100E30001816D0302816D0283016D0183816D038CA
:100E40004816D0245816D0346816D02C7016D01CF2
:100E50007816D03C8816D0229816D032A816D02A00
:100E6000B016D01AB816D03AC816D026D816D03632
:100E7000E816D02EF016D01EF816D03E0817D02156
:100E80001817D0312817D0293017D0193817D03972
:100E90004817D0255817D0356817D02D7017D01D9A
:100EA0007817D03D8817D0239817D033A817D02BA8
:100EB000B017D01BB817D03BC817D027D817D037DA
:100EC000E817D02FF017D01FF817D03F08183020A0
:100ED000181830302818302838183038481830247E
:100EE000581830346818302C7018301C7818303C82
:100EF0008818302298183032A818302AB018301AC2
:100F0000B818303AC8183026D8183036E818302EBD
:100F1000F018301EF818303E0819302118193031F9
:100F200028193029381930394819302558193035E1
:100F30006819302D7019301D7819303D881930230B
:100F400098193033A819302BB019301BB819303B21
:100F5000C8193027D8193037E819302FF019301F49
:100F6000F819303F081AB020181AB030281AB028E3
:100F7000381AB038481AB024581AB034681AB02C4D
:100F8000701AB01C781AB03C881AB022981AB03285
:100F9000A81AB02AB81AB03AC81AB026D81AB03669
:100FA000E81AB02EF01AB01EF81AB03E081BB02195
:100FB000181BB031281BB029381BB039481BB0258D
:100FC000581BB035681BB02D701BB01D781BB03D91
:100FD000881BB023981BB033A81BB02BB81BB03BA9
:100FE000C81BB027D81BB037E81BB02FF01BB01FB1
:100FF000F81BB03F081C7020181C7030281C70288B
:10100000381C7038481C7024581C7034681C702CB4
:10101000781C703C881C7022981C7032A81C702AA6
:10102000B81C703AC81C7026D81C7036E81C702E8C
:10103000F01C701EF81C703E081D7021181D7031C8
:10104000281D7029381D7039481D7025581D7035B0
:10105000681D702D781D703D881D7023981D70339C
:10106000A81D702BB81D703BC81D7027D81D703788
:10107000E81D702FF01D701FF81D703F081EF02036
:10108000181EF030281EF028381EF038481EF024B4
:10109000581EF034681EF02C781EF03C881EF0229A
:1010A000981EF032A81EF02AB81EF03AC81EF0268C
:1010B000D81EF036E81EF02EF81EF03E081FF02174
:1010C000181FF031281FF029381FF039481FF0256C
:1010D000581FF035681FF02D781FF03D881FF02352
:1010E000981FF033A81FF02BB81FF03BC81FF02744
:1010F000D81FF037E81FF02FF81FF03F18200830F6
:101100002820082838200838482008245820083487
:101110006820082C7820083C882008229820083273
:10112000A820082AB820083AC8200826D82008365F
:10113000E820082EF820083E182108312821082927
:101140003821083948210825582108356821082DFB
:101150007821083D8821082398210833A821082BED
:10116000B821083BC8210827D8210837E821082FD3
:10117000F821083F18228830282288283822883809
:1011800048228824582288346822882C7822883C77
:1011900098228832A822882AB822883AC82288262B
:1011A000D8228836E822882EF822883E18238831F3
:1011B00028238829382388394823882558238835C7
:1011C0006823882D7823883D98238833A823882B8B
:1011D000B823883BC8238827D8238837E823882F5B
:1011E000F823883F182448302824482838244838D1
:1011F000582448346824482C7824483C98244832A1
:10120000A824482AB824483AC8244826D82448366E
:10121000E824482EF824483E182548312825482936
:1012200038254839582548356825482D7825483DC2
:1012300098254833A825482BB825483BC82548277A
:10124000D8254837E825482FF825483F1826C830C4
:101250002826C8283826C8385826C8346826C82CF6
:101260007826C83C9826C832A826C82AB826C83A84
:10127000D826C836E826C82EF826C83E1827C83112
:101280002827C8293827C8395827C8356827C82DBE
:101290007827C83D9827C833A827C82BB827C83B4C
:1012A000D827C837E827C82FF827C83F182828307C
:1012B00038282838582828346828282C7828283CAA
:1012C00098282832A828282AB828283AD828283642
:1012D000E828282EF828283E1829283138292839C6
:1012E000582928356829282D7829283D9829283318
:1012F000A829282BB829283BD8292837E829282FBE
:10130000F829283F182AA830382AA838582AA8349B
:10131000682AA82C782AA83C982AA832B82AA83A81
:10132000D82AA836E82AA82EF82AA83E182BA831D1
:10133000382BA839582BA835682BA82D782BA83D19
:10134000982BA833B82BA83BD82BA837E82BA82F6D
:10135000F82BA83F182C6830382C6838582C683483
:10136000782C683C982C6832B82C683AD82C6836AF
:10137000E82C682EF82C683E182D6831382D683915
:10138000582D6835782D683D982D6833B82D683B09
:10139000D82D6837E82D682FF82D683F182EE830D3
:1013A000382EE838582EE834782EE83C982EE8326B
:1013B000B82EE83AD82EE836F82EE83E182FE83155
:1013C000382FE839582FE835782FE83D982FE83343
:1013D000B82FE83BD82FE837F82FE83F38301838D7
:1013E000583018347830183C98301832B830183AE1
:1013F000D8301836F830183E383118395831183589
:101400007831183D98311833B831183BD831183736
:10141000F831183F38329838583298347832983C3E
:10142000B832983AD8329836F832983E38339839EC
:10143000583398357833983DB833983BD83398373C
:10144000F833983F383458387834583CB834583AE0
:10145000D8345836F834583E383558397835583DF0
:10146000B835583BD8355837F835583F3836D8381E
:101470007836D83CB836D83AF836D83E3837D839E6
:101480007837D83DB837D83BF837D83F7838383C2C
:10149000B838383AF838383E7839383DB839383BBA
:1014A000F839383F783AB83CF83AB83E783BB83D1E
:1014B000F83BB83FF83C783EF83D783F08000040E4
:1014C00010000020180000602000001028000050CC
:1014D000300000303800007040000008480000482C
:1014E000500000285800006860000018680000588C
:1014F0007000003878000078800000048800004404
:101500009000002498000064A0000014A80000547B
:10151000B0000034B8000074C000000CC800004CDB
:10152000D000002CD800006CE000001CE800005C3B
:10153000F000003CF800007C0001000208010042BD
:10154000100100221801006220010012280100523F
:1015500030010032380100724001000A4801004A9F
:101560005001002A5801006A6001001A6801005AFF
:101570007001003A7801007A800100068801004677
:101580009001002698010066A0010016A8010056EF
:10159000B0010036B8010076C001000EC801004E4F
:1015A000D001002ED801006EE001001EE801005EAF
:1015B000F001003EF801007E080200411002002107
:1015C000180200612002001128020051300200318F
:1015D0003802007140020009480200495002002907
:1015E000580200696002001968020059700200394F
:1015F00078020079800200058802004590020025EB
:1016000098020065A0020015A8020055B00200353E
:10161000B8020075C002000DC802004DD002002DB6
:10162000D802006DE002001DE802005DF002003DFE
:10163000F802007D08030043100300231803006331
:1016400020030013280300533003003338030073D2
:101650004003000B4803004B5003002B5803006B62
:101660006003001B6803005B7003003B7803007B92
:101670008003000788030047900300279803006752
:10168000A0030017A8030057B0030037B803007782
:10169000C003000FC803004FD003002FD803006F12
:1016A000E003001FE803005FF003003FF803007F42
:1016B00008048040100480201804806020048010FA
:1016C0002804805030048030380480704004800842
:1016D00048048048500480285804806860048018BA
:1016E00068048058700480387804807888048044C6
:1016F0009004802498048064A0048014A80480547A
:10170000B0048034B8048074C004800CC804804CD9
:10171000D004802CD804806CE004801CE804805C39
:10172000F004803CF804807C08058042100580228B
:10173000180580622005801228058052300580320D
:10174000380580724005800A4805804A5005802A85
:101750005805806A6005801A6805805A7005803ACD
:101760007805807A80058006880580469005802669
:1017700098058066A0058016A8058056B0058036BD
:10178000B8058076C005800EC805804ED005802E35
:10179000D805806EE005801EE805805EF005803E7D
:1017A000F805807E080680411006802118068061B9
:1017B000200680112806805130068031380680715D
:1017C00040068009480680495006802958068069ED
:1017D000600680196806805970068039780680791D
:1017E000880680459006802598068065A0068015AD
:1017F000A8068055B0068035B8068075C006800DF5
:10180000C806804DD006802DD806806DE006801D6C
:10181000E806805DF006803DF806807D080780437D
:101820001007802318078063200780132807805340
:1018300030078033380780734007800B4807804BA0
:101840005007802B5807806B6007801B6807805B00
:101850007007803B7807807B880780479007802748
:1018600098078067A0078017A8078057B0078037C0
:10187000B8078077C007800FC807804FD007802F38
:10188000D807806FE007801FE807805FF007803F80
:10189000F807807F08084040100840201808406082
:1018A0002008401028084050300840303808407068
:1018B00048084048500840285808406860084018C8
:1018C00068084058700840387808407888084044D4
:1018D0009008402498084064A0084014A808405488
:1018E000B0084034B8084074C008400CC808404CE8
:1018F000D008402CD808406CE008401CE808405C48
:10190000F008403CF808407C080940421009402299
:10191000180940622009401228094052300940321B
:10192000380940724009400A4809404A5009402A93
:101930005809406A6009401A6809405A7009403ADB
:101940007809407A880940469009402698094066FF
:10195000A0094016A8094056B0094036B80940769B
:10196000C009400EC809404ED009402ED809406E2B
:10197000E009401EE809405EF009403EF809407E5B
:10198000080A4041100A4021180A4061200A40110B
:10199000280A4051300A4031380A4071480A40490B
:1019A000500A4029580A4069600A4019680A40599B
:1019B000700A4039780A4079880A4045900A4025E3
:1019C000980A4065A00A4015A80A4055B00A40355B
:1019D000B80A4075C00A400DC80A404DD00A402DD3
:1019E000D80A406DE00A401DE80A405DF00A403D1B
:1019F000F80A407D080B4043100B4023180B40634E
:101A0000200B4013280B4053300B4033380B4073EE
:101A1000480B404B500B402B580B406B600B401B4E
:101A2000680B405B700B403B780B407B880B40475A
:101A3000900B4027980B4067A00B4017A80B40570E
:101A4000B00B4037B80B4077C00B400FC80B404F6E
:101A5000D00B402FD80B406FE00B401FE80B405FCE
:101A6000F00B403FF80B407F080CC040100CC0202A
:101A7000180CC060200CC010280CC050300CC030B6
:101A8000380CC070480CC048500CC028580CC068B6
:101A9000600CC018680CC058700CC038780CC07846
:101AA000880CC044900CC024980CC064A00CC014D6
:101AB000A80CC054B00CC034B80CC074C80CC04CD6
:101AC000D00CC02CD80CC06CE00CC01CE80CC05C66
:101AD000F00CC03CF80CC07C080DC042100DC022B8
:101AE000180DC062200DC012280DC052300DC0323A
:101AF000380DC072480DC04A500DC02A580DC06A3A
:101B0000600DC01A680DC05A700DC03A780DC07AC9
:101B1000880DC046900DC026980DC066A00DC01659
:101B2000A80DC056B00DC036B80DC076C00DC00EA1
:101B3000C80DC04ED00DC02ED80DC06EE00DC01E19
:101B4000E80DC05EF00DC03EF80DC07E080EC0412D
:101B5000100EC021180EC061200EC011280EC051F9
:101B6000300EC031380EC071480EC049500EC02929
:101B7000580EC069600EC019680EC059700EC03989
:101B8000780EC079880EC045900EC025980EC065AD
:101B9000A00EC015A80EC055B00EC035B80EC07549
:101BA000C80EC04DD00EC02DD80EC06DE00EC01DA9
:101BB000E80EC05DF00EC03DF80EC07D080FC043BA
:101BC000100FC023180FC063200FC013280FC0537D
:101BD000300FC033380FC073480FC04B500FC02BAD
:101BE000580FC06B600FC01B680FC05B700FC03B0D
:101BF000780FC07B880FC047900FC027980FC06731
:101C0000A00FC017A80FC057B00FC037B80FC077CC
:101C1000C80FC04FD00FC02FD80FC06FE00FC01F2C
:101C2000E80FC05FF00FC03FF80FC07F08102040E2
:101C30001010202018102060281020503010203064
:101C40003810207048102048501020285810206864
:101C500060102018681020587010203878102078F4
:101C6000881020449010202498102064A010201484
:101C7000A8102054B0102034B8102074C810204C84
:101C8000D010202CD810206CE010201CE810205C14
:101C9000F010203CF810207C081120421011202266
:101CA00018112062201120122811205230112032E8
:101CB000381120724811204A5011202A5811206AE8
:101CC0006011201A6811205A7011203A7811207A78
:101CD000881120469011202698112066A011201608
:101CE000A8112056B0112036B8112076C811204E08
:101CF000D011202ED811206EE011201EE811205E98
:101D0000F011203EF811207E0812204110122021EF
:101D100018122061281220513012203138122071FF
:101D200048122049501220295812206960122019A7
:101D300068122059701220397812207988122045B3
:101D40009012202598122065A0122015A812205567
:101D5000B0122035B8122075C812204DD012202D97
:101D6000D812206DE012201DE812205DF012203DF7
:101D7000F812207D0813204310132023181320632A
:101D80002813205330132033381320734813204B6B
:101D90005013202B5813206B6013201B6813205BFB
:101DA0007013203B7813207B881320479013202743
:101DB00098132067A0132017A8132057B0132037BB
:101DC000B8132077C813204FD013202FD813206FBB
:101DD000E013201FE813205FF013203FF813207F4B
:101DE0000814A0401014A0201814A0602814A050BB
:101DF0003014A0303814A0704814A0485014A02803
:101E00005814A0686014A0186814A0587014A03862
:101E10007814A0788814A0449014A0249814A06486
:101E2000A814A054B014A034B814A074C814A04CC2
:101E3000D014A02CD814A06CE014A01CE814A05C52
:101E4000F014A03CF814A07C0815A0421015A022A4
:101E50001815A0622815A0523015A0323815A072AE
:101E60004815A04A5015A02A5815A06A6015A01A56
:101E70006815A05A7015A03A7815A07A8815A04662
:101E80009015A0269815A066A015A016A815A05616
:101E9000B015A036B815A076C815A04ED015A02E46
:101EA000D815A06EE015A01EE815A05EF015A03EA6
:101EB000F815A07E0816A0411016A0211816A061E2
:101EC0002816A0513016A0313816A0714816A04926
:101ED0005016A0295816A0696016A0196816A059B6
:101EE0007016A0397816A0798816A0459016A025FE
:101EF0009816A065A816A055B016A035B816A075FE
:101F0000C816A04DD016A02DD816A06DE016A01DA5
:101F1000E816A05DF016A03DF816A07D0817A043B6
:101F20001017A0231817A0632817A0533017A03349
:101F30003817A0734817A04B5017A02B5817A06B49
:101F40006017A01B6817A05B7017A03B7817A07BD9
:101F50008817A0479017A0279817A067A817A05721
:101F6000B017A037B817A077C817A04FD017A02F69
:101F7000D817A06FE017A01FE817A05FF017A03FC9
:101F8000F817A07F081860401018602018186060CB
:101F90002818605030186030381860704818604851
:101FA00050186028581860686818605870186038B1
:101FB00078186078881860449018602498186064D5
:101FC000A8186054B0186034B8186074C818604C11
:101FD000D018602CD818606CE018601CE818605CA1
:101FE000F018603CF818607C0819604210196022F3
:101FF00018196062281960523019603238196072FD
:102000004819604A5019602A5819606A6019601AA4
:102010006819605A7019603A7819607A88196046B0
:102020009019602698196066A8196056B019603634
:10203000B8196076C819604ED019602ED819606E34
:10204000E019601EE819605EF019603EF819607EC4
:10205000081A6041101A6021181A6061281A60512C
:10206000301A6031381A6071481A6049501A602974
:10207000581A6069681A6059701A6039781A60795C
:10208000881A6045901A6025981A6065A81A6055EC
:10209000B01A6035B81A6075C81A604DD01A602D34
:1020A000D81A606DE01A601DE81A605DF01A603D94
:1020B000F81A607D081B6043101B6023181B6063C7
:1020C000281B6053301B6033381B6073481B604B08
:1020D000501B602B581B606B681B605B701B603B68
:1020E000781B607B881B6047901B6027981B60678C
:1020F000A81B6057B01B6037B81B6077C81B604FC8
:10210000D01B602FD81B606FE01B601FE81B605F57
:10211000F01B603FF81B607F081CE040101CE020B3
:10212000181CE060281CE050301CE030381CE070C7
:10213000481CE048501CE028581CE068681CE05827
:10214000701CE038781CE078881CE044901CE02487
:10215000981CE064A81CE054B01CE034B81CE07487
:10216000C81CE04CD01CE02CD81CE06CE81CE05CE7
:10217000F01CE03CF81CE07C081DE042101DE02251
:10218000181DE062281DE052301DE032381DE0725B
:10219000481DE04A501DE02A581DE06A681DE05ABB
:1021A000701DE03A781DE07A881DE046901DE0261B
:1021B000981DE066A81DE056B01DE036B81DE0761B
:1021C000C81DE04ED01DE02ED81DE06EE01DE01EC3
:1021D000E81DE05EF01DE03EF81DE07E081EE041D7
:1021E000101EE021181EE061281EE051301EE03173
:1021F000381EE071481EE049501EE029581EE06973
:10220000681EE059701EE039781EE079881EE045AE
:10221000901EE025981EE065A81EE055B01EE03532
:10222000B81EE075C81EE04DD01EE02DD81EE06D32
:10223000E81EE05DF01EE03DF81EE07D081FE04373
:10224000101FE023181FE063281FE053301FE03306
:10225000381FE073481FE04B501FE02B581FE06B06
:10226000681FE05B701FE03B781FE07B881FE04742
:10227000901FE027981FE067A81FE057B01FE037C6
:10228000B81FE077C81FE04FD01FE02FD81FE06FC6
:10229000E81FE05FF01FE03FF81FE07F08201040DC
:1022A0001820106028201050302010303820107076
:1022B00048201048502010285820106868201058D6
:1022C0007020103878201078882010449020102436
:1022D00098201064A8201054B0201034B820107436
:1022E000C820104CD020102CD820106CE820105C96
:1022F000F020103CF820107C082110421021102200
:102300001821106228211052302110323821107209
:102310004821104A5021102A5821106A6821105A69
:102320007021103A7821107A8821104690211026C9
:1023300098211066A8211056B0211036B8211076C9
:10234000C821104ED021102ED821106EE821105E29
:10235000F021103EF821107E082210411822106151
:102360002822105130221031382210714822104991
:1023700050221029582210696822105970221039F1
:102380007822107988221045902210259822106515
:10239000A8221055B0221035B8221075C822104D51
:1023A000D022102DD822106DE822105DF022103DB1
:1023B000F822107D0823104318231063282310539C
:1023C00030231033382310734823104B5023102B25
:1023D0005823106B6823105B7023103B7823107B0D
:1023E000882310479023102798231067A82310579D
:1023F000B0231037B8231077C823104FD023102FE5
:10240000D823106FE823105FF023103FF823107FCC
:102410000824904018249060282490503024903054
:10242000382490704824904850249028582490686C
:1024300068249058702490387824907888249044A8
:1024400098249064A8249054B0249034B8249074B4
:10245000C824904CD024902CD824906CE824905C14
:10246000F024903CF824907C082590421825906236
:102470002825905230259032382590724825904A70
:102480005025902A5825906A6825905A7025903AD0
:102490007825907A882590469025902698259066F4
:1024A000A8259056B0259036B8259076C825904E30
:1024B000D025902ED825906EE825905EF025903E90
:1024C000F825907E08269041182690612826905184
:1024D0003026903138269071482690495026902910
:1024E00058269069682690597026903978269079F8
:1024F0008826904598269065A8269055B026903558
:10250000B8269075C826904DD026902DD826906D6F
:10251000E826905DF026903DF826907D08279043B0
:1025200018279063282790533027903338279073CB
:102530004827904B5027902B5827906B6827905B2B
:102540007027903B7827907B882790479827906743
:10255000A8279057B0279037B8279077C827904F73
:10256000D027902FD827906FE827905FF027903FD3
:10257000F827907F0828504018285060282850508D
:102580003028503038285070482850485828506813
:102590006828505870285038782850788828504437
:1025A00098285064A8285054B0285034B828507443
:1025B000C828504CD028502CD828506CE828505CA3
:1025C000F028503CF828507C0829504218295062C5
:1025D0002829505230295032382950724829504AFF
:1025E0005029502A5829506A6829505A7029503A5F
:1025F0007829507A8829504698295066A82950563B
:10260000B0295036B8295076C829504ED029502EBE
:10261000D829506EE829505EF029503EF829507EA6
:10262000082A5041182A5061282A5051302A503126
:10263000382A5071482A5049582A5069682A5059F6
:10264000702A5039782A5079882A5045982A50653E
:10265000A82A5055B02A5035B82A5075C82A504D6E
:10266000D02A502DD82A506DE82A505DF02A503DCE
:10267000F82A507D082B5043182B5063282B5053B9
:10268000302B5033382B5073482B504B582B506BFA
:10269000682B505B702B503B782B507B882B50471E
:1026A000982B5067A82B5057B02B5037B82B50772A
:1026B000C82B504FD02B502FD82B506FE82B505F8A
:1026C000F02B503FF82B507F082CD040182CD060B6
:1026D000282CD050302CD030382CD070482CD048FA
:1026E000582CD068682CD058702CD038782CD078E2
:1026F000882CD044982CD064A82CD054B02CD03442
:10270000B82CD074C82CD04CD82CD06CE82CD05C11
:10271000F02CD03CF82CD07C082DD042182DD06263
:10272000282DD052302DD032382DD072482DD04A9D
:10273000582DD06A682DD05A702DD03A782DD07A85
:10274000882DD046982DD066A82DD056B02DD036E5
:10275000B82DD076C82DD04ED02DD02ED82DD06EFD
:10276000E82DD05EF02DD03EF82DD07E082ED04141
:10277000182ED061282ED051302ED031382ED07165
:10278000482ED049582ED069682ED059702ED03995
:10279000782ED079882ED045982ED065A82ED05589
:1027A000B02ED035B82ED075C82ED04DD82ED06DC5
:1027B000E82ED05DF02ED03DF82ED07D082FD043EE
:1027C000182FD063282FD053302FD033382FD07309
:1027D000482FD04B582FD06B682FD05B702FD03B39
:1027E000782FD07B882FD047982FD067A82FD0572D
:1027F000B02FD037B82FD077C82FD04FD82FD06F69
:10280000E82FD05FF02FD03FF82FD07F0830304036
:102810001830306028303050383030704830304810
:102820005830306868303058703030387830307810
:102830008830304498303064A8303054B030303470
:10284000B8303074C830304CD830306CE830305C40
:10285000F030303CF830307C083130421831306292
:102860002831305230313032383130724831304ACC
:102870005831306A6831305A7031303A7831307AB4
:102880008831304698313066A8313056B031303614
:10289000B8313076C831304ED831306EE831305EE4
:1028A000F031303EF831307E08323041183230613C
:1028B000283230513832307148323049583230691C
:1028C0006832305970323039783230798832304558
:1028D00098323065A8323055B0323035B832307564
:1028E000C832304DD832306DE832305DF032303D94
:1028F000F832307D08333043183330632833305397
:10290000383330734833304B5833306B6833305B77
:102910007033303B7833307B8833304798333067BF
:10292000A8333057B0333037B8333077C833304FEF
:10293000D833306FE833305FF033303FF833307FD7
:102940000834B0401834B0602834B0503834B07017
:102950004834B0485834B0686834B0587034B0382F
:102960007834B0788834B0449834B064A834B05423
:10297000B834B074C834B04CD834B06CE834B05CFF
:10298000F034B03CF834B07C0835B0421835B06251
:102990002835B0523835B0724835B04A5835B06A2B
:1029A0006835B05A7035B03A7835B07A8835B04667
:1029B0009835B066A835B056B035B036B835B07673
:1029C000C835B04ED835B06EE835B05EF035B03EA3
:1029D000F835B07E0836B0411836B0612836B051AF
:1029E0003836B0714836B0495836B0696836B05993
:1029F0007036B0397836B0798836B0459836B065DB
:102A0000A836B055B836B075C836B04DD836B06DAA
:102A1000E836B05DF036B03DF836B07D0837B043EB
:102A20001837B0632837B0533837B0734837B04BD6
:102A30005837B06B6837B05B7037B03B7837B07BD6
:102A40008837B0479837B067A837B057B837B077EE
:102A5000C837B04FD837B06FE837B05FF037B03F06
:102A6000F837B07F083870401838706028387050D8
:102A700038387070483870485838706868387058FE
:102A8000783870788838704498387064A8387054F2
:102A9000B8387074C838704CD838706CE838705CCE
:102AA000F038703CF838707C083970421839706220
:102AB00028397052383970724839704A5839706AFA
:102AC0006839705A7039703A7839707A8839704636
:102AD00098397066A8397056B8397076C839704E12
:102AE000D839706EE839705EF039703EF839707E12
:102AF000083A7041183A7061283A7051383A70714A
:102B0000483A7049583A7069683A7059783A707919
:102B1000883A7045983A7065A83A7055B83A707519
:102B2000C83A704DD83A706DE83A705DF03A703D31
:102B3000F83A707D083B7043183B7063283B705334
:102B4000383B7073483B704B583B706B683B705B15
:102B5000783B707B883B7047983B7067A83B705709
:102B6000B83B7077C83B704FD83B706FE83B705FE5
:102B7000F03B703FF83B707F083CF040183CF06041
:102B8000283CF050383CF070483CF048583CF06825
:102B9000683CF058783CF078883CF044983CF0640D
:102BA000A83CF054B83CF074C83CF04CD83CF06CF5
:102BB000E83CF05CF83CF07C083DF042183DF062E7
:102BC000283DF052383DF072483DF04A583DF06AD9
:102BD000683DF05A783DF07A883DF046983DF066C1
:102BE000A83DF056B83DF076C83DF04ED83DF06EA9
:102BF000E83DF05EF03DF03EF83DF07E083EF041ED
:102C0000183EF061283EF051383EF071483EF049E0
:102C1000583EF069683EF059783EF079883EF045BC
:102C2000983EF065A83EF055B83EF075C83EF04DB0
:102C3000D83EF06DE83EF05DF83EF07D083FF04391
:102C4000183FF063283FF053383FF073483FF04B94
:102C5000583FF06B683FF05B783FF07B883FF04770
:102C6000983FF067A83FF057B83FF077C83FF04F64
:102C7000D83FF06FE83FF05FF83FF07F1840086002
:102C800028400850384008704840084858400868B4
:102C9000684008587840087888400844984008649C
:102CA000A8400854B8400874C840084CD840086C84
:102CB000E840085CF840087C084108421841086276
:102CC00028410852384108724841084A5841086A68
:102CD0006841085A7841087A884108469841086650
:102CE000A8410856B8410876C841084ED841086E38
:102CF000E841085EF841087E184208612842085100
:102D000038420871484208495842086968420859DF
:102D1000784208798842084598420865A8420855D3
:102D2000B8420875C842084DD842086DE842085DAF
:102D3000F842087D18430863284308533843087352
:102D40004843084B5843086B6843085B7843087B4B
:102D50008843084798430867A8430857B84308774B
:102D6000C843084FD843086FE843085FF843087F1B
:102D700018448860284488503844887048448848FB
:102D800058448868684488587844887898448864A7
:102D9000A8448854B8448874C844884CD844886C83
:102DA000E844885CF844887C184588622845885245
:102DB000384588724845884A5845886A6845885A1F
:102DC0007845887A8845884698458866A845885613
:102DD000B8458876C845884ED845886EE845885EEF
:102DE000F845887E1846886128468851384688719B
:102DF0004846884958468869684688597846887997
:102E000098468865A8468855B8468875C846884D4E
:102E1000D846886DE846885DF846887D18478863FF
:102E200028478853384788734847884B5847886BEA
:102E30006847885B7847887B98478867A8478857A2
:102E4000B8478877C847884FD847886FE847885F72
:102E5000F847887F184848602848485038484870E4
:102E600058484868684848587848487898484864B6
:102E7000A8484854B8484874C848484CD848486C92
:102E8000E848485CF848487C184948622849485254
:102E9000384948724849484A5849486A6849485A2E
:102EA0007849487A98494866A8494856B8494876C2
:102EB000C849484ED849486EE849485EF849487EB6
:102EC000184A4861284A4851384A4871584A48695E
:102ED000684A4859784A4879984A4865A84A4855FE
:102EE000B84A4875C84A484DD84A486DE84A485DCE
:102EF000F84A487D184B4863284B4853384B487371
:102F0000584B486B684B485B784B487B984B4867FD
:102F1000A84B4857B84B4877C84B484FD84B486FD9
:102F2000E84B485FF84B487F184CC860284CC850A5
:102F3000384CC870584CC868684CC858784CC87829
:102F4000984CC864A84CC854B84CC874D84CC86CC9
:102F5000E84CC85CF84CC87C184DC862284DC85273
:102F6000384DC872584DC86A684DC85A784DC87AED
:102F7000984DC866A84DC856B84DC876C84DC84EBD
:102F8000D84DC86EE84DC85EF84DC87E184EC86171
:102F9000284EC851384EC871584EC869684EC85935
:102FA000784EC879984EC865A84EC855B84EC875B1
:102FB000D84EC86DE84EC85DF84EC87D184FC8633E
:102FC000284FC853384FC873584FC86B684FC85BF9
:102FD000784FC87B984FC867A84FC857B84FC87775
:102FE000D84FC86FE84FC85FF84FC87F18502860A7
:102FF00038502870585028686850285878502878D9
:1030000098502864A8502854B8502874D850286C78
:10301000E850285CF850287C185128622851285222
:10302000385128725851286A6851285A7851287A9C
:1030300098512866A8512856B8512876D851286E3C
:10304000E851285EF851287E1852286138522871BC
:103050005852286968522859785228799852286518
:10306000A8522855B8522875D852286DE852285DC4
:10307000F852287D18532863385328735853286B07
:103080006853285B7853287B98532867A8532857A0
:10309000B8532877D853286FE853285FF853287F10
:1030A0001854A8603854A8705854A8686854A85890
:1030B0007854A8789854A864B854A874D854A86CC4
:1030C000E854A85CF854A87C1855A8623855A87232
:1030D0005855A86A6855A85A7855A87A9855A86688
:1030E000A855A856B855A876D855A86EE855A85E34
:1030F000F855A87E1856A8613856A8715856A86980
:103100006856A8597856A8799856A865B856A875EB
:10311000D856A86DE856A85DF856A87D1857A8633C
:103120003857A8735857A86B6857A85B7857A87B7F
:103130009857A867B857A877D857A86FE857A85FD7
:10314000F857A87F185868603858687058586868E9
:103150007858687898586864B8586874D858686C13
:10316000E858685CF858687C185968623859687281
:103170005859686A6859685A7859687A98596866D7
:10318000B8596876D859686EE859685EF859687E0B
:10319000185A6861385A6871585A6869785A687953
:1031A000985A6865B85A6875D85A686DE85A685D63
:1031B000F85A687D185B6863385B6873585B686BA6
:1031C000785B687B985B6867B85B6877D85B686F8B
:1031D000E85B685FF85B687F185CE860385CE87003
:1031E000585CE868785CE878985CE864B85CE874F7
:1031F000D85CE86CF85CE87C185DE862385DE872E1
:10320000585DE86A785DE87A985DE866B85DE876CA
:10321000D85DE86EE85DE85EF85DE87E185EE8611E
:10322000385EE871585EE869785EE879985EE8652E
:10323000B85EE875D85EE86DF85EE87D185FE86313
:10324000385FE873585FE86B785FE87B985FE86702
:10325000B85FE877D85FE86FF85FE87F386018708C
:10326000586018687860187898601864B8601874A6
:10327000D860186CF860187C186118623861187290
:103280005861186A7861187A98611866B86118767A
:10329000D861186EF861187E386218715862186922
:1032A0007862187998621865B8621875D862186DD6
:1032B000F862187D386318735863186B7863187B4D
:1032C00098631867B8631877D863186FF863187F26
:1032D000386498705864986878649878B86498747A
:1032E000D864986CF864987C386598725865986AC8
:1032F0007865987A98659866B8659876D865986E76
:10330000F865987E386698715866986978669879F5
:10331000B8669875D866986DF866987D3867987322
:103320005867986B7867987BB8679877D867986F75
:10333000F867987F3868587078685878B868587413
:10334000D868586CF868587C386958725869586A57
:103350007869587AB8695876D869586EF869587E8D
:10336000386A5871786A5879B86A5875D86A586D49
:10337000F86A587D386B5873786B587BB86B587700
:10338000D86B586FF86B587F386CD870786CD878D9
:10339000B86CD874F86CD87C386DD872786DD87ADF
:1033A000B86DD876D86DD86EF86DD87E386ED87175
:1033B000786ED879B86ED875F86ED87D386FD873B6
:1033C000786FD87BB86FD877F86FD87F78703878F7
:1033D000B8703874F870387C387138727871387A0F
:1033E000B8713876F871387E78723879B872387575
:1033F000F872387D7873387BB8733877F873387F14
:103400007874B878F874B87C7875B87AB875B87686
:10341000F875B87E7876B879F876B87D7877B87B25
:10342000F877B87FF878787C7879787AF879787E48
:10343000F87A787DF87B787FF87DF87E00000000D0
:103440000000803FC2C5473EBE147B3F15EFC33E20
:103450005E836C3FDA390E3F31DB543FF304353F76
:10346000F304353F31DB543FDA390E3F5E836C3F66
:1034700015EFC33EBE147B3FC2C5473E0000803FF0
:1034800000000000BE147B3FC2C547BE5E836C3F98
:1034900015EFC3BE31DB543FDA390EBFF304353FBD
:1034A000F30435BFDA390E3F31DB54BF15EFC33EAD
:1034B0005E836CBFC2C5473EBE147BBF00000000E8
:1034C0000000803F36BDC83D6DC47E3FC2C5473E4B
:1034D000BE147B3F31A0943E0BFA743F15EFC33E00
:1034E0005E836C3FEA5AF13E98C5613FDA390E3F80
:1034F00031DB543F9967223F03E4453FF304353FF6
:10350000F304353F03E4453F9967223F31DB543FE5
:10351000DA390E3F98C5613FEA5AF13E5E836C3F4F
:1035200015EFC33E0BFA743F31A0943EBE147B3FAF
:10353000C2C5473E6DC47E3F36BDC83D0000803FDA
:10354000000000006DC47E3F36BDC8BDBE147B3F89
:10355000C2C547BE0BFA743F31A094BE5E836C3F78
:1035600015EFC3BE98C5613FEA5AF1BE31DB543F47
:10357000DA390EBF03E4453F996722BFF304353FB4
:10358000F30435BF9967223F03E445BFDA390E3FA4
:1035900031DB54BFEA5AF13E98C561BF15EFC33E17
:1035A0005E836CBF31A0943E0BFA74BFC2C5473E28
:1035B000BE147BBF36BDC83D6DC47EBF0000000099
:1035C0000000803F2FFB483D0FB17F3F36BDC83D17
:1035D0006DC47E3F8340163EAC3A7D3FC2C5473E38
:1035E000BE147B3FCCCF783EF853783F31A0943E59
:1035F0000BFA743FD47CAC3E0809713F15EFC33E13
:103600005E836C3F80E8DA3ED86B673FEA5AF13E52
:1036100098C5613F3D9C033F1A945B3FDA390E3FEA
:1036200031DB543FC07F183F029F4D3F9967223FD7
:1036300003E4453F4AEB2B3FF9AE3D3FF304353FF2
:10364000F304353FF9AE3D3F4AEB2B3F03E4453FE2
:103650009967223F029F4D3FC07F183F31DB543FA7
:10366000DA390E3F1A945B3F3D9C033F98C5613F9A
:10367000EA5AF13ED86B673F80E8DA3E5E836C3FE2
:1036800015EFC33E0809713FD47CAC3E0BFA743F82
:1036900031A0943EF853783FCCCF783EBE147B3FA8
:1036A000C2C5473EAC3A7D3F8340163E6DC47E3F67
:1036B00036BDC83D0FB17F3F2FFB483D0000803F26
:1036C000000000000FB17F3F2FFB48BD6DC47E3F5F
:1036D00036BDC8BDAC3A7D3F834016BEBE147B3FAD
:1036E000C2C547BEF853783FCCCF78BE0BFA743FC3
:1036F00031A094BE0809713FD47CACBE5E836C3FA0
:1037000015EFC3BED86B673F80E8DABE98C5613F4E
:10371000EA5AF1BE1A945B3F3D9C03BF31DB543F34
:10372000DA390EBF029F4D3FC07F18BF03E4453F0B
:10373000996722BFF9AE3D3F4AEB2BBFF304353FFB
:10374000F30435BF4AEB2B3FF9AE3DBF9967223FEB
:1037500003E445BFC07F183F029F4DBFDA390E3FDB
:1037600031DB54BF3D9C033F1A945BBFEA5AF13EE4
:1037700098C561BF80E8DA3ED86B67BF15EFC33EDE
:103780005E836CBFD47CAC3E080971BF31A0943E0F
:103790000BFA74BFCCCF783EF85378BFC2C5473E12
:1037A000BE147BBF8340163EAC3A7DBF36BDC83DDC
:1037B0006DC47EBF2FFB483D0FB17FBF00000000EE
:1037C0000000803FB00AC93C43EC7F3F2FFB483DDF
:1037D0000FB17F3F05A9963D6D4E7F3F36BDC83D79
:1037E0006DC47E3F73B2FA3D24137E3F8340163E84
:1037F000AC3A7D3FA2102F3E283B7C3FC2C5473EDE
:10380000BE147B3F135C603E9DC7793FCCCF783EB2
:10381000F853783F938E883E07BA763F31A0943EA6
:103820000BFA743FE59AA03E4714733FD47CAC3E3C
:103830000809713F2A44B83E9ED86E3F15EFC33E3B
:103840005E836C3FCA7BCF3EA7096A3F80E8DA3EC1
:10385000D86B673F7533E63E59AA643FEA5AF13E9A
:1038600098C5613F275DFC3E05BE5E3F3D9C033F22
:103870001A945B3F9BF5083F5348583FDA390E3F97
:1038800031DB543F2A68133F3D4D513FC07F183F05
:10389000029F4D3FD17F1D3F12D1493F9967223F83
:1038A00003E4453F5636273F70D8413F4AEB2B3F54
:1038B000F9AE3D3FBB85303F4268393FF304353FA9
:1038C000F304353F4268393FBB85303FF9AE3D3F99
:1038D0004AEB2B3F70D8413F5636273F03E4453F24
:1038E0009967223F12D1493FD17F1D3F029F4D3F33
:1038F000C07F183F3D4D513F2A68133F31DB543F95
:10390000DA390E3F5348583F9BF5083F1A945B3F06
:103910003D9C033F05BE5E3F275DFC3E98C5613F71
:10392000EA5AF13E59AA643F7533E63ED86B673FC9
:1039300080E8DA3EA7096A3FCA7BCF3E5E836C3FD0
:1039400015EFC33E9ED86E3F2A44B83E0809713F2A
:10395000D47CAC3E4714733FE59AA03E0BFA743F0B
:1039600031A0943E07BA763F938E883EF853783F55
:10397000CCCF783E9DC7793F135C603EBE147B3F41
:10398000C2C5473E283B7C3FA2102F3EAC3A7D3F4C
:103990008340163E24137E3F73B2FA3D6DC47E3FD2
:1039A00036BDC83D6D4E7F3F05A9963D0FB17F3FA7
:1039B0002FFB483D43EC7F3FB00AC93C0000803FED
:1039C0000000000043EC7F3FB00AC9BC0FB17F3F4D
:1039D0002FFB48BD6D4E7F3F05A996BD6DC47E3F50
:1039E00036BDC8BD24137E3F73B2FABDAC3A7D3FED
:1039F000834016BE283B7C3FA2102FBEBE147B3FE7
:103A0000C2C547BE9DC7793F135C60BEF853783F7F
:103A1000CCCF78BE07BA763F938E88BE0BFA743F40
:103A200031A094BE4714733FE59AA0BE0809713FC8
:103A3000D47CACBE9ED86E3F2A44B8BE5E836C3F39
:103A400015EFC3BEA7096A3FCA7BCFBED86B673FDD
:103A500080E8DABE59AA643F7533E6BE98C5613F77
:103A6000EA5AF1BE05BE5E3F275DFCBE1A945B3F7D
:103A70003D9C03BF5348583F9BF508BF31DB543F83
:103A8000DA390EBF3D4D513F2A6813BF029F4D3FAB
:103A9000C07F18BF12D1493FD17F1DBF03E4453F0E
:103AA000996722BF70D8413F563627BFF9AE3D3FD8
:103AB0004AEB2BBF4268393FBB8530BFF304353F2B
:103AC000F30435BFBB85303F426839BF4AEB2B3F1B
:103AD000F9AE3DBF5636273F70D841BF9967223FA8
:103AE00003E445BFD17F1D3F12D149BFC07F183FBE
:103AF000029F4DBF2A68133F3D4D51BFDA390E3F3B
:103B000031DB54BF9BF5083F534858BF3D9C033FF2
:103B10001A945BBF275DFC3E05BE5EBFEA5AF13ECC
:103B200098C561BF7533E63E59AA64BF80E8DA3EA6
:103B3000D86B67BFCA7BCF3EA7096ABF15EFC33EEC
:103B40005E836CBF2A44B83E9ED86EBFD47CAC3E28
:103B5000080971BFE59AA03E471473BF31A0943E97
:103B60000BFA74BF938E883E07BA76BFCCCF783EEF
:103B7000F85378BF135C603E9DC779BFC2C5473E0E
:103B8000BE147BBFA2102F3E283B7CBF8340163E55
:103B9000AC3A7DBF73B2FA3D24137EBF36BDC83D3B
:103BA0006DC47EBF05A9963D6D4E7FBF2FFB483D7E
:103BB0000FB17FBFB00AC93C43EC7FBF00000000DB
:103BC0000000803F900E493C11FB7F3FB00AC93C8A
:103BD00043EC7F3F2CC3163D98D37F3F2FFB483DDE
:103BE0000FB17F3F742B7B3DAB847F3F05A9963D92
:103BF0006D4E7F3F80B6AF3D580E7F3F36BDC83D0E
:103C00006DC47E3F2EBCE13DB0707E3F73B2FA3D85
:103C100024137E3F86CF093ECCAB7D3F8340163ECA
:103C2000AC3A7D3FB6AB223EC9BF7C3FA2102F3ECF
:103C3000283B7C3FCF6E3B3ECDAC7B3FC2C5473E71
:103C4000BE147B3F0115543E02737A3F135C603E05
:103C50009DC7793F7F9A6C3E9812793FCCCF783ED2
:103C6000F853783FC07D823EC58B773F938E883E68
:103C700007BA763F229A8E3EC6DE753F31A0943E4B
:103C80000BFA743F86A09A3EDD0B743FE59AA03E86
:103C90004714733F128FA63E5213723FD47CAC3E42
:103CA0000809713FEF63B23E73F56F3F2A44B83E97
:103CB0009ED86E3F4A1DBE3E93B26D3F15EFC33E88
:103CC0005E836C3F53B9C93E0C4B6B3FCA7BCF3E02
:103CD000A7096A3F4136D53E3CBF683F80E8DA3EDF
:103CE000D86B673F4F92E03E880F663F7533E63EE4
:103CF00059AA643FBBCBEB3E5A3C633FEA5AF13EC4
:103D000098C5613FCBE0F63E2146603F275DFC3E13
:103D100005BE5E3FE4E7003F532D5D3F3D9C033F02
:103D20001A945B3F824B063F6AF2593F9BF5083F6E
:103D30005348583F6B9A0B3FE595563FDA390E3F93
:103D400031DB543FCDD3103F4918533F2A68133F0E
:103D50003D4D513FD9F6153F1F7A4F3FC07F183F69
:103D6000029F4D3FC6021B3FF8BB4B3FD17F1D3F1B
:103D700012D1493FCBF61F3F65DE473F9967223F8F
:103D800003E4453F25D2243F00E2433F5636273F18
:103D900070D8413F1594293F67C73F3F4AEB2B3FFF
:103DA000F9AE3D3FDE3B2E3F3B8F3B3FBB85303F77
:103DB0004268393FC9C8323F233A373FF304353FA1
:103DC000F304353F233A373FC9C8323F4268393F91
:103DD000BB85303F3B8F3B3FDE3B2E3FF9AE3D3F47
:103DE0004AEB2B3F67C73F3F1594293F70D8413FAF
:103DF0005636273F00E2433F25D2243F03E4453FA8
:103E00009967223F65DE473FCBF61F3F12D1493FFE
:103E1000D17F1D3FF8BB4B3FC6021B3F029F4D3F6A
:103E2000C07F183F1F7A4F3FD9F6153F3D4D513F98
:103E30002A68133F4918533FCDD3103F31DB543F1D
:103E4000DA390E3FE595563F6B9A0B3F5348583F82
:103E50009BF5083F6AF2593F824B063F1A945B3F3D
:103E60003D9C033F532D5D3FE4E7003F05BE5E3FB1
:103E7000275DFC3E2146603FCBE0F63E98C5613FA2
:103E8000EA5AF13E5A3C633FBBCBEB3E59AA643F32
:103E90007533E63E880F663F4F92E03ED86B673F32
:103EA00080E8DA3E3CBF683F4136D53EA7096A3F0D
:103EB000CA7BCF3E0C4B6B3F53B9C93E5E836C3F10
:103EC00015EFC33E93B26D3F4A1DBE3E9ED86E3F76
:103ED0002A44B83E73F56F3FEF63B23E0809713F65
:103EE000D47CAC3E5213723F128FA63E4714733FF0
:103EF000E59AA03EDD0B743F86A09A3E0BFA743F14
:103F000031A0943EC6DE753F229A8E3E07BA763FB8
:103F1000938E883EC58B773FC07D823EF853783FB5
:103F2000CCCF783E9812793F7F9A6C3E9DC7793FFF
:103F3000135C603E02737A3F0115543EBE147B3F12
:103F4000C2C5473ECDAC7B3FCF6E3B3E283B7C3F5E
:103F5000A2102F3EC9BF7C3FB6AB223EAC3A7D3F9C
:103F60008340163ECCAB7D3F86CF093E24137E3F77
:103F700073B2FA3DB0707E3F2EBCE13D6DC47E3F12
:103F800036BDC83D580E7F3F80B6AF3D6D4E7F3F7A
:103F900005A9963DAB847F3F742B7B3D0FB17F3FDE
:103FA0002FFB483D98D37F3F2CC3163D43EC7F3F0A
:103FB000B00AC93C11FB7F3F900E493C0000803F96
:103FC0000000000011FB7F3F900E49BC43EC7F3F97
:103FD000B00AC9BC98D37F3F2CC316BD0FB17F3F39
:103FE0002FFB48BDAB847F3F742B7BBD6D4E7F3F65
:103FF00005A996BD580E7F3F80B6AFBD6DC47E3F0C
:1040000036BDC8BDB0707E3F2EBCE1BD24137E3FDF
:1040100073B2FABDCCAB7D3F86CF09BEAC3A7D3FD3
:10402000834016BEC9BF7C3FB6AB22BE283B7C3F57
:10403000A2102FBECDAC7B3FCF6E3BBEBE147B3FEC
:10404000C2C547BE02737A3F011554BE9DC7793F72
:10405000135C60BE9812793F7F9A6CBEF853783F2C
:10406000CCCF78BEC58B773FC07D82BE07BA763F86
:10407000938E88BEC6DE753F229A8EBE0BFA743FC1
:1040800031A094BEDD0B743F86A09ABE4714733FE7
:10409000E59AA0BE5213723F128FA6BE0809713F67
:1040A000D47CACBE73F56F3FEF63B2BE9ED86E3F5B
:1040B0002A44B8BE93B26D3F4A1DBEBE5E836C3FBC
:1040C00015EFC3BE0C4B6B3F53B9C9BEA7096A3F7E
:1040D000CA7BCFBE3CBF683F4136D5BED86B673F79
:1040E00080E8DABE880F663F4F92E0BE59AA643F6F
:1040F0007533E6BE5A3C633FBBCBEBBE98C5613F10
:10410000EA5AF1BE2146603FCBE0F6BE05BE5E3FF7
:10411000275DFCBE532D5D3FE4E700BF1A945B3F73
:104120003D9C03BF6AF2593F824B06BF5348583F3C
:104130009BF508BFE595563F6B9A0BBF31DB543FAB
:10414000DA390EBF4918533FCDD310BF3D4D513F13
:104150002A6813BF1F7A4F3FD9F615BF029F4D3F04
:10416000C07F18BFF8BB4B3FC6021BBF12D1493FEF
:10417000D17F1DBF65DE473FCBF61FBF03E4453F40
:10418000996722BF00E2433F25D224BF70D8413F48
:10419000563627BF67C73F3F159429BFF9AE3D3F4D
:1041A0004AEB2BBF3B8F3B3FDE3B2EBF4268393F84
:1041B000BB8530BF233A373FC9C832BFF304353F10
:1041C000F30435BFC9C8323F233A37BFBB85303F00
:1041D000426839BFDE3B2E3F3B8F3BBF4AEB2B3F54
:1041E000F9AE3DBF1594293F67C73FBF5636273FFD
:1041F00070D841BF25D2243F00E243BF9967223FD8
:1042000003E445BFCBF61F3F65DE47BFD17F1D3FAF
:1042100012D149BFC6021B3FF8BB4BBFC07F183F3E
:10422000029F4DBFD9F6153F1F7A4FBF2A68133F33
:104230003D4D51BFCDD3103F491853BFDA390E3F22
:1042400031DB54BF6B9A0B3FE59556BF9BF5083F9A
:10425000534858BF824B063F6AF259BF3D9C033F0B
:104260001A945BBFE4E7003F532D5DBF275DFC3E22
:1042700005BE5EBFCBE0F63E214660BFEA5AF13E86
:1042800098C561BFBBCBEB3E5A3C63BF7533E63E7E
:1042900059AA64BF4F92E03E880F66BF80E8DA3EBD
:1042A000D86B67BF4136D53E3CBF68BFCA7BCF3EA7
:1042B000A7096ABF53B9C93E0C4B6BBF15EFC33E8C
:1042C0005E836CBF4A1DBE3E93B26DBF2A44B83EAA
:1042D0009ED86EBFEF63B23E73F56FBFD47CAC3E29
:1042E000080971BF128FA63E521372BFE59AA03E15
:1042F000471473BF86A09A3EDD0B74BF31A0943E75
:104300000BFA74BF229A8E3EC6DE75BF938E883E2E
:1043100007BA76BFC07D823EC58B77BFCCCF783ED3
:10432000F85378BF7F9A6C3E981279BF135C603E59
:104330009DC779BF0115543E02737ABFC2C5473E7F
:10434000BE147BBFCF6E3B3ECDAC7BBFA2102F3ED9
:10435000283B7CBFB6AB223EC9BF7CBF8340163E24
:10436000AC3A7DBF86CF093ECCAB7DBF73B2FA3D80
:1043700024137EBF2EBCE13DB0707EBF36BDC83D6C
:104380006DC47EBF80B6AF3D580E7FBF05A9963D78
:104390006D4E7FBF742B7B3DAB847FBF2FFB483DB1
:1043A0000FB17FBF2CC3163D98D37FBFB00AC93C65
:1043B00043EC7FBF900E493C11FB7FBF0000000023
:1043C0000000803F890FC93BC4FE7F3F900E493CEF
:1043D00011FB7F3FB6C9963CE6F47F3FB00AC93C6B
:1043E00043EC7F3FB949FB3C29E17F3F2CC3163D9D
:1043F00098D37F3F07E02F3D8FC37F3F2FFB483D82
:104400000FB17F3F6814623D189C7F3F742B7B3D4A
:10441000AB847F3F0A208A3DC76A7F3F05A9963D4E
:104420006D4E7F3F8C30A33D9D2F7F3F80B6AF3DCB
:10443000580E7F3FC33ABC3D9DEA7E3F36BDC83D26
:104440006DC47E3FB93DD53DC99B7E3F2EBCE13D4D
:10445000B0707E3F7638EE3D23437E3F73B2FA3D27
:1044600024137E3F0295033EB1E07D3F86CF093E97
:10447000CCAB7D3FB708103E74747D3F8340163E41
:10448000AC3A7D3FDE761C3E73FE7C3FB6AB223EEF
:10449000C9BF7C3FFCDE283EB07E7C3FA2102F3E91
:1044A000283B7C3F9840353E31F57B3FCF6E3B3E0D
:1044B000CDAC7B3F379B413EFC617B3FC2C5473E55
:1044C000BE147B3F60EE4D3E16C57A3F0115543E4B
:1044D00002737A3F97395A3E841E7A3F135C603EDE
:1044E0009DC7793F667C663E4E6E793F7F9A6C3EF3
:1044F0009812793F51B6723E7BB4783FCCCF783E6C
:10450000F853783FE1E67E3E10F1773FC07D823E72
:10451000C58B773FCE86853E1724773F938E883EA6
:1045200007BA763F07958B3E974D763F229A8E3E8F
:10453000C6DE753FDD9D913E976D753F31A0943E7F
:104540000BFA743F17A1973E2284743F86A09A3ECF
:10455000DD0B743F789E9D3E3F91733FE59AA03EF0
:104560004714733FC595A33EF894723F128FA63E41
:104570005213723FC486A93E578F713FD47CAC3E24
:104580000809713F3A71AF3E6680703FEF63B23EFB
:1045900073F56F3FEC54B53E30686F3F2A44B83E28
:1045A0009ED86E3FA031BB3EBE466E3F4A1DBE3E0A
:1045B00093B26D3F1E07C13E1D1C6D3F15EFC33EFC
:1045C0005E836C3F29D5C63E58E86B3F53B9C93E60
:1045D0000C4B6B3F8B9BCC3E7BAB6A3FCA7BCF3E89
:1045E000A7096A3F095AD23E9165693F4136D53ED7
:1045F0003CBF683F6B10D83EA816683F80E8DA3EA3
:10460000D86B673F79BEDD3ECCBE663F4F92E03E41
:10461000880F663FFA63E33E0B5E653F7533E63E07
:1046200059AA643FB700E93E73F4633FBBCBEB3E4E
:104630005A3C633F7994EE3E1082623FEA5AF13E63
:1046400098C5613F071FF43EF206613FCBE0F63E9E
:104650002146603F2DA0F93E27835F3F275DFC3E4A
:1046600005BE5E3FB217FF3EBEF65D3FE4E7003F8A
:10467000532D5D3FB142023FC7615C3F3D9C033F0C
:104680001A945B3F84F4043F50C45A3F824B063F68
:104690006AF2593F36A1073F6A1E593F9BF5083F12
:1046A0005348583FAD480A3F2670573F6B9A0B3F1F
:1046B000E595563FD0EA0C3F93B9553FDA390E3FA6
:1046C00031DB543F84870F3FC3FA533FCDD3103FB4
:1046D0004918533FB01E123FC633523F2A68133F5A
:1046E0003D4D513F39B0143FAF64503FD9F6153FAF
:1046F0001F7A4F3F073C173F908D4E3FC07F183FBA
:10470000029F4D3F00C2193F79AE4C3FC6021B3F8E
:10471000F8BB4B3F0C421C3F7FC74A3FD17F1D3F38
:1047200012D1493F12BC1E3FB3D8483FCBF61F3FC2
:1047300065DE473FF92F213F2AE2463F9967223F36
:1047400003E4453FA99D233FF5E3443F25D2243FA1
:1047500000E2433F0A05263F29DE423F5636273F07
:1047600070D8413F0566283FDAD0403F1594293F75
:1047700067C73F3F82C02A3F1BBC3E3F4AEB2B3FEF
:10478000F9AE3D3F69142D3F03A03C3FDE3B2E3F79
:104790003B8F3B3FA5612F3FA47C3A3FBB85303F19
:1047A0004268393F1DA8313F1652383FC9C8323FD1
:1047B000233A373FBCE7333F6C20363FF304353FA5
:1047C000F304353F6C20363FBCE7333F233A373F95
:1047D000C9C8323F1652383F1DA8313F4268393FA1
:1047E000BB85303FA47C3A3FA5612F3F3B8F3B3FC9
:1047F000DE3B2E3F03A03C3F69142D3FF9AE3D3F09
:104800004AEB2B3F1BBC3E3F82C02A3F67C73F3F5E
:104810001594293FDAD0403F0566283F70D8413FC4
:104820005636273F29DE423F0A05263F00E2433F36
:1048300025D2243FF5E3443FA99D233F03E4453FB0
:104840009967223F2AE2463FF92F213F65DE473F25
:10485000CBF61F3FB3D8483F12BC1E3F12D1493F91
:10486000D17F1D3F7FC74A3F0C421C3FF8BB4B3FE7
:10487000C6021B3F79AE4C3F00C2193F029F4D3F1D
:10488000C07F183F908D4E3F073C173F1F7A4F3F28
:10489000D9F6153FAF64503F39B0143F3D4D513FFD
:1048A0002A68133FC633523FB01E123F4918533F88
:1048B000CDD3103FC3FA533F84870F3F31DB543FC2
:1048C000DA390E3F93B9553FD0EA0C3FE595563F94
:1048D0006B9A0B3F2670573FAD480A3F5348583FED
:1048E0009BF5083F6A1E593F36A1073F6AF2593FC0
:1048F000824B063F50C45A3F84F4043F1A945B3FF6
:104900003D9C033FC7615C3FB142023F532D5D3F79
:10491000E4E7003FBEF65D3FB217FF3E05BE5E3FD7
:10492000275DFC3E27835F3F2DA0F93E2146603F77
:10493000CBE0F63EF206613F071FF43E98C5613FAB
:10494000EA5AF13E1082623F7994EE3E5A3C633F50
:10495000BBCBEB3E73F4633FB700E93E59AA643F1B
:104960007533E63E0B5E653FFA63E33E880F663FB4
:104970004F92E03ECCBE663F79BEDD3ED86B673FCE
:1049800080E8DA3EA816683F6B10D83E3CBF683F0F
:104990004136D53E9165693F095AD23EA7096A3F23
:1049A000CA7BCF3E7BAB6A3F8B9BCC3E0C4B6B3FB5
:1049B00053B9C93E58E86B3F29D5C63E5E836C3F6C
:1049C00015EFC33E1D1C6D3F1E07C13E93B26D3FE8
:1049D0004A1DBE3EBE466E3FA031BB3E9ED86E3FD6
:1049E0002A44B83E30686F3FEC54B53E73F56F3FD4
:1049F000EF63B23E6680703F3A71AF3E0809713F87
:104A0000D47CAC3E578F713FC486A93E5213723F8F
:104A1000128FA63EF894723FC595A33E4714733F8C
:104A2000E59AA03E3F91733F789E9D3EDD0B743F1B
:104A300086A09A3E2284743F17A1973E0BFA743FDA
:104A400031A0943E976D753FDD9D913EC6DE753F6A
:104A5000229A8E3E974D763F07958B3E07BA763F5A
:104A6000938E883E1724773FCE86853EC58B773F51
:104A7000C07D823E10F1773FE1E67E3EF853783FFD
:104A8000CCCF783E7BB4783F51B6723E9812793FD6
:104A90007F9A6C3E4E6E793F667C663E9DC7793F3D
:104AA000135C603E841E7A3F97395A3E02737A3F08
:104AB0000115543E16C57A3F60EE4D3EBE147B3F55
:104AC000C2C5473EFC617B3F379B413ECDAC7B3F3F
:104AD000CF6E3B3E31F57B3F9840353E283B7C3FD7
:104AE000A2102F3EB07E7C3FFCDE283EC9BF7C3F3B
:104AF000B6AB223E73FE7C3FDE761C3EAC3A7D3F79
:104B00008340163E74747D3FB708103ECCAB7D3FAA
:104B100086CF093EB1E07D3F0295033E24137E3FE0
:104B200073B2FA3D23437E3F7638EE3DB0707E3F50
:104B30002EBCE13DC99B7E3FB93DD53D6DC47E3F56
:104B400036BDC83D9DEA7E3FC33ABC3D580E7F3F0F
:104B500080B6AF3D9D2F7F3F8C30A33D6D4E7F3F94
:104B600005A9963DC76A7F3F0A208A3DAB847F3FF7
:104B7000742B7B3D189C7F3F6814623D0FB17F3FD3
:104B80002FFB483D8FC37F3F07E02F3D98D37F3FEA
:104B90002CC3163D29E17F3FB949FB3C43EC7F3FE5
:104BA000B00AC93CE6F47F3FB6C9963C11FB7F3F93
:104BB000900E493CC4FE7F3F890FC93B0000803FF7
:104BC00000000000C4FE7F3F890FC9BB11FB7F3F7F
:104BD000900E49BCE6F47F3FB6C996BC43EC7F3FDC
:104BE000B00AC9BC29E17F3FB949FBBC98D37F3FDC
:104BF0002CC316BD8FC37F3F07E02FBD0FB17F3F92
:104C00002FFB48BD189C7F3F681462BDAB847F3F7B
:104C1000742B7BBDC76A7F3F0A208ABD6D4E7F3FE4
:104C200005A996BD9D2F7F3F8C30A3BD580E7F3FB9
:104C300080B6AFBD9DEA7E3FC33ABCBD6DC47E3F2A
:104C400036BDC8BDC99B7E3FB93DD5BDB0707E3F66
:104C50002EBCE1BD23437E3F7638EEBD24137E3F5C
:104C600073B2FABDB1E07D3F029503BECCAB7D3F90
:104C700086CF09BE74747D3FB70810BEAC3A7D3F45
:104C8000834016BE73FE7C3FDE761CBEC9BF7C3FF0
:104C9000B6AB22BEB07E7C3FFCDE28BE283B7C3F0C
:104CA000A2102FBE31F57B3F984035BECDAC7B3F87
:104CB000CF6E3BBEFC617B3F379B41BEBE147B3F4A
:104CC000C2C547BE16C57A3F60EE4DBE02737A3F3D
:104CD000011554BE841E7A3F97395ABE9DC7793F4D
:104CE000135C60BE4E6E793F667C66BE9812793F5B
:104CF0007F9A6CBE7BB4783F51B672BEF853783F52
:104D0000CCCF78BE10F1773FE1E67EBEC58B773F12
:104D1000C07D82BE1724773FCE8685BE07BA763F18
:104D2000938E88BE974D763F07958BBEC6DE753F46
:104D3000229A8EBE976D753FDD9D91BE0BFA743F32
:104D400031A094BE2284743F17A197BEDD0B743F3F
:104D500086A09ABE3F91733F789E9DBE4714733FD5
:104D6000E59AA0BEF894723FC595A3BE5213723F58
:104D7000128FA6BE578F713FC486A9BE0809713F26
:104D8000D47CACBE6680703F3A71AFBE73F56F3FA6
:104D9000EF63B2BE30686F3FEC54B5BE9ED86E3F35
:104DA0002A44B8BEBE466E3FA031BBBE93B26D3F33
:104DB0004A1DBEBE1D1C6D3F1E07C1BE5E836C3FFB
:104DC00015EFC3BE58E86B3F29D5C6BE0C4B6B3FF1
:104DD00053B9C9BE7BAB6A3F8B9BCCBEA7096A3F68
:104DE000CA7BCFBE9165693F095AD2BE3CBF683FBE
:104DF0004136D5BEA816683F6B10D8BED86B673F4A
:104E000080E8DABECCBE663F79BEDDBE880F663F65
:104E10004F92E0BE0B5E653FFA63E3BE59AA643F62
:104E20007533E6BE73F4633FB700E9BE5A3C633F97
:104E3000BBCBEBBE1082623F7994EEBE98C5613F5A
:104E4000EA5AF1BEF206613F071FF4BE2146603FF9
:104E5000CBE0F6BE27835F3F2DA0F9BE05BE5E3FC7
:104E6000275DFCBEBEF65D3FB217FFBE532D5D3F12
:104E7000E4E700BFC7615C3FB14202BF1A945B3FE9
:104E80003D9C03BF50C45A3F84F404BF6AF2593FAB
:104E9000824B06BF6A1E593F36A107BF5348583F91
:104EA0009BF508BF2670573FAD480ABFE595563FB2
:104EB0006B9A0BBF93B9553FD0EA0CBF31DB543F1F
:104EC000DA390EBFC3FA533F84870FBF4918533FE7
:104ED000CDD310BFC633523FB01E12BF3D4D513F20
:104EE0002A6813BFAF64503F39B014BF1F7A4F3FD9
:104EF000D9F615BF908D4E3F073C17BF029F4D3F1F
:104F0000C07F18BF79AE4C3F00C219BFF8BB4B3F02
:104F1000C6021BBF7FC74A3F0C421CBF12D1493F8C
:104F2000D17F1DBFB3D8483F12BC1EBF65DE473FCF
:104F3000CBF61FBF2AE2463FF92F21BF03E4453FCE
:104F4000996722BFF5E3443FA99D23BF00E2433F99
:104F500025D224BF29DE423F0A0526BF70D8413F33
:104F6000563627BFDAD0403F056628BF67C73F3FA8
:104F7000159429BF1BBC3E3F82C02ABFF9AE3D3FFE
:104F80004AEB2BBF03A03C3F69142DBF3B8F3B3F37
:104F9000DE3B2EBFA47C3A3FA5612FBF4268393F5C
:104FA000BB8530BF1652383F1DA831BF233A373F6B
:104FB000C9C832BF6C20363FBCE733BFF304353F6E
:104FC000F30435BFBCE7333F6C2036BFC9C8323F5E
:104FD000233A37BF1DA8313F165238BFBB85303F3B
:104FE000426839BFA5612F3FA47C3ABFDE3B2E3F0C
:104FF0003B8F3BBF69142D3F03A03CBF4AEB2B3FC7
:10500000F9AE3DBF82C02A3F1BBC3EBF1594293F6D
:1050100067C73FBF0566283FDAD040BF5636273FF7
:1050200070D841BF0A05263F29DE42BF25D2243F62
:1050300000E243BFA99D233FF5E344BF9967223FA8
:1050400003E445BFF92F213F2AE246BFCBF61F3FBD
:1050500065DE47BF12BC1E3FB3D848BFD17F1D3F9E
:1050600012D149BF0C421C3F7FC74ABFC6021B3F3B
:10507000F8BB4BBF00C2193F79AE4CBFC07F183F91
:10508000029F4DBF073C173F908D4EBFD9F6153F8D
:105090001F7A4FBF39B0143FAF6450BF2A68133F27
:1050A0003D4D51BFB01E123FC63352BFCDD3103F4E
:1050B000491853BF84870F3FC3FA53BFDA390E3FF5
:1050C00031DB54BFD0EA0C3F93B955BF6B9A0B3F0D
:1050D000E59556BFAD480A3F267057BF9BF5083F80
:1050E000534858BF36A1073F6A1E59BF824B063F3F
:1050F0006AF259BF84F4043F50C45ABF3D9C033F39
:105100001A945BBFB142023FC7615CBFE4E7003F56
:10511000532D5DBFB217FF3EBEF65DBF275DFC3E5F
:1051200005BE5EBF2DA0F93E27835FBFCBE0F63EF4
:10513000214660BF071FF43EF20661BFEA5AF13E06
:1051400098C561BF7994EE3E108262BFBBCBEB3E47
:105150005A3C63BFB700E93E73F463BF7533E63E64
:1051600059AA64BFFA63E33E0B5E65BF4F92E03E0F
:10517000880F66BF79BEDD3ECCBE66BF80E8DA3EF2
:10518000D86B67BF6B10D83EA81668BF4136D53EB6
:105190003CBF68BF095AD23E916569BFCA7BCF3E0A
:1051A000A7096ABF8B9BCC3E7BAB6ABF53B9C93E94
:1051B0000C4B6BBF29D5C63E58E86BBF15EFC33EFD
:1051C0005E836CBF1E07C13E1D1C6DBF4A1DBE3EE7
:1051D00093B26DBFA031BB3EBE466EBF2A44B83EFF
:1051E0009ED86EBFEC54B53E30686FBFEF63B23EE1
:1051F00073F56FBF3A71AF3E668070BFD47CAC3E32
:10520000080971BFC486A93E578F71BF128FA63E91
:10521000521372BFC595A33EF89472BFE59AA03EA3
:10522000471473BF789E9D3E3F9173BF86A09A3E00
:10523000DD0B74BF17A1973E228474BF31A0943E4A
:105240000BFA74BFDD9D913E976D75BF229A8E3E1D
:10525000C6DE75BF07958B3E974D76BF938E883E11
:1052600007BA76BFCE86853E172477BFC07D823EC3
:10527000C58B77BFE1E67E3E10F177BFCCCF783E9D
:10528000F85378BF51B6723E7BB478BF7F9A6C3EBC
:10529000981279BF667C663E4E6E79BF135C603EA5
:1052A0009DC779BF97395A3E841E7ABF0115543E77
:1052B00002737ABF60EE4D3E16C57ABFC2C5473E47
:1052C000BE147BBF379B413EFC617BBFCF6E3B3E34
:1052D000CDAC7BBF9840353E31F57BBFA2102F3E51
:1052E000283B7CBFFCDE283EB07E7CBFB6AB223EB6
:1052F000C9BF7CBFDE761C3E73FE7CBF8340163E7A
:10530000AC3A7DBFB708103E74747DBF86CF093EAE
:10531000CCAB7DBF0295033EB1E07DBF73B2FA3DD9
:1053200024137EBF7638EE3D23437EBF2EBCE13D85
:10533000B0707EBFB93DD53DC99B7EBF36BDC83D6F
:105340006DC47EBFC33ABC3D9DEA7EBF80B6AF3D13
:10535000580E7FBF8C30A33D9D2F7FBF05A9963D82
:105360006D4E7FBF0A208A3DC76A7FBF742B7B3D8D
:10537000AB847FBF6814623D189C7FBF2FFB483D04
:105380000FB17FBF07E02F3D8FC37FBF2CC3163DFA
:1053900098D37FBFB949FB3C29E17FBFB00AC93C24
:1053A00043EC7FBFB6C9963CE6F47FBF900E493C04
:1053B00011FB7FBF890FC93BC4FE7FBF0000000007
:1053C0000000803FC70F493BB1FF7F3F890FC93BBA
:1053D000C4FE7F3F59CB163C39FD7F3F900E493CC0
:1053E00011FB7F3F4B517B3C4AF87F3FB6C9963C4F
:1053F000E6F47F3F69EAAF3CE3F07F3FB00AC93C87
:1054000043EC7F3F7B2AE23C05E77F3FB949FB3C09
:1054100029E17F3F2F340A3DAFDA7F3F2CC3163D91
:1054200098D37F3FCC51233DE2CB7F3F07E02F3D18
:105430008FC37F3FD56D3C3D9EBA7F3F2FFB483DDC
:105440000FB17F3F0E88553DE3A67F3F6814623D54
:10545000189C7F3F38A06E3DB1907F3F742B7B3D01
:10546000AB847F3F0ADB833D08787F3F0A208A3D7B
:10547000C76A7F3FB464903DE95C7F3F05A9963DD4
:105480006D4E7F3FF9EC9C3D543F7F3F8C30A33DF8
:105490009D2F7F3FBA73A93D491F7F3F80B6AF3D27
:1054A000580E7F3FDAF8B53DC9FC7E3FC33ABC3D9C
:1054B0009DEA7E3F397CC23DD4D77E3F36BDC83D94
:1054C0006DC47E3FB7FDCE3D69B07E3FB93DD53D51
:1054D000C99B7E3F377DDB3D8B867E3F2EBCE13D09
:1054E000B0707E3F9AFAE73D385A7E3F7638EE3DFF
:1054F00023437E3FC075F43D722B7E3F73B2FA3D6D
:1055000024137E3F4577003E38FA7D3F0295033EE7
:10551000B1E07D3F6EB2063E8CC67D3F86CF093E30
:10552000CCAB7D3F4AEC0C3E6E907D3FB708103E01
:1055300074747D3FCA24133EDE577D3F8340163E80
:10554000AC3A7D3FE05B193EDD1C7D3FDE761C3EC4
:1055500073FE7C3F7B911F3E6CDF7C3FB6AB223EEF
:10556000C9BF7C3F8CC5253E8A9F7C3FFCDE283E20
:10557000B07E7C3F04F82B3E3A5D7C3FA2102F3E6C
:10558000283B7C3FD428323E7A187C3F9840353EF9
:1055900031F57B3FEC57383E4DD17B3FCF6E3B3EE4
:1055A000CDAC7B3F3E853E3EB2877B3F379B413E45
:1055B000FC617B3FB9B0443EAB3B7B3FC2C5473E3D
:1055C000BE147B3F4FDA4A3E37ED7A3F60EE4D3EE8
:1055D00016C57A3FF101513E599C7A3F0115543E60
:1055E00002737A3F8F27573E10497A3F97395A3EC8
:1055F000841E7A3F1A4B5D3E5EF3793F135C603E3A
:105600009DC7793F836C633E439B793F667C663ED2
:105610004E6E793FBA8B693EC040793F7F9A6C3EAF
:105620009812793FB2A86F3ED6E3783F51B6723EEA
:105630007BB4783F5AC3753E8684783FCCCF783EA2
:10564000F853783FA4DB7B3ED122783FE1E67E3EF3
:1056500010F1773FC0F8803EB7BE773FC07D823EF5
:10566000C58B773F7002843E3A58773FCE86853EA1
:105670001724773FDA0A873E5BEF763F938E883EAA
:1056800007BA763FF8118A3E1B84763F07958B3E1A
:10569000974D763FC0178D3E7A16763F229A8E3E02
:1056A000C6DE753F2C1C903E7BA6753FDD9D913E6E
:1056B000976D753F351F933E1D34753F31A0943E65
:1056C0000BFA743FD220963E62BF743F17A1973EFB
:1056D0002284743FFE20993E4B48743F86A09A3E38
:1056E000DD0B743FAF1F9C3ED9CE733F789E9D3E2D
:1056F0003F91733FDF1C9F3E0E53733FE59AA03EE0
:105700004714733F8718A23EEBD4723FC595A33E62
:10571000F894723F9F12A53E7054723F128FA63EBE
:105720005213723F1F0BA83E9FD1713FC486A93E02
:10573000578F713F0102AB3E7A4C713FD47CAC3E37
:105740000809713F3CF7AD3E02C5703F3A71AF3E6C
:105750006680703FCBEAB03E373B703FEF63B23EAE
:1057600073F56F3FA5DCB33E1BAF6F3FEC54B53E06
:1057700030686F3FC3CCB63EB0206F3F2A44B83E7E
:105780009ED86E3F1EBBB93EF88F6E3FA031BB3E28
:10579000BE466E3FAFA7BC3EF2FC6D3F4A1DBE3E0B
:1057A00093B26D3F6F92BF3EA1676D3F1E07C13E32
:1057B0001D1C6D3F557BC23E07D06C3F15EFC33EAD
:1057C0005E836C3F5C62C53E24366C3F29D5C63E85
:1057D00058E86B3F7C47C83EFB996B3F53B9C93EC5
:1057E0000C4B6B3FAE2ACB3E8CFB6A3F8B9BCC3E77
:1057F0007BAB6A3FEA0BCE3ED95A6A3FCA7BCF3EAB
:10580000A7096A3F2AEBD03EE4B7693F095AD23E66
:105810009165693F67C8D33EAE12693F4136D53EB8
:105820003CBF683F99A3D63E396B683F6B10D83EAA
:10583000A816683FB97CD93E87C1673F80E8DA3E49
:10584000D86B673FC153DC3E9915673F79BEDD3E9B
:10585000CCBE663FA928DF3E7167663F4F92E03EAF
:10586000880F663F6AFBE13E10B7653FFA63E33E8F
:105870000B5E653FFECBE43E7904653F7533E63E43
:1058800059AA643F5D9AE73EAC4F643FB700E93EDA
:1058900073F4633F8166EA3EAC98633FBBCBEB3E5B
:1058A0005A3C633F6330ED3E7BDF623F7994EE3ECE
:1058B0001082623FFBF7EF3E1A24623FEA5AF13E44
:1058C00098C5613F43BDF23E8A66613F071FF43EC3
:1058D000F206613F3580F53ECFA6603FCBE0F63E55
:1058E0002146603FC840F83EE9E45F3F2DA0F93E05
:1058F00027835F3FF7FEFA3EDB205F3F275DFC3EDC
:1059000005BE5E3FBBBAFD3EA65A5E3FB217FF3EE4
:10591000BEF65D3F063A003F4D925D3FE4E7003F33
:10592000532D5D3F7395013FD1C75C3FB142023FAC
:10593000C7615C3F9FEF023F34FB5B3F3D9C033FF1
:105940001A945B3F8948043F792C5B3F84F4043F01
:1059500050C45A3F2CA0053FA05B5A3F824B063FE4
:105960006AF2593F86F6063FAD88593F36A1073F98
:105970006A1E593F924B083FA1B3583F9BF5083F21
:105980005348583F4E9F093F7FDC573FAD480A3F81
:105990002670573FB7F10A3F4803573F6B9A0B3FBA
:1059A000E595563FC9420C3FFE27563FD0EA0C3FD3
:1059B00093B9553F81920D3FA44A553FDA390E3FC6
:1059C00031DB543FDBE00E3F3B6B543F84870F3F9E
:1059D000C3FA533FD52D103FC789533FCDD3103F56
:1059E0004918533F6B79113F49A6523FB01E123FF1
:1059F000C633523F9AC3123FC2C0513F2A68133F79
:105A00003D4D513F5F0C143F37D9503F39B0143FE3
:105A1000AF64503FB753153FA8EF4F3FD9F6153F3E
:105A20001F7A4F3F9F99163F17044F3F073C173F80
:105A3000908D4E3F12DE173F89164E3FC07F183FB4
:105A4000029F4D3F0F21193FFD264D3F00C2193FD8
:105A500079AE4C3F93621A3F78354C3FC6021B3FEC
:105A6000F8BB4B3F99A21B3FFA414B3F0C421C3FF6
:105A70007FC74A3F1FE11C3F874C4A3FD17F1D3FF4
:105A800012D1493F221E1E3F2155493F12BC1E3FE5
:105A9000B3D8483F9F591F3FCA5B483FCBF61F3FD3
:105AA00065DE473F9393203F8560473FF92F213FB5
:105AB0002AE2463FFBCB213F5463463F9967223F92
:105AC00003E4453FD302233F3964453FA99D233F6B
:105AD000F5E3443F1A38243F3763443F25D2243F3F
:105AE00000E2433FCB6B253F5160433F0A05263F11
:105AF00029DE423FE39D263F895B423F5636273FE2
:105B000070D8413F61CE273FE154413F0566283FB1
:105B1000DAD0403F41FD283F5C4C403F1594293F7F
:105B200067C73F3F802A2A3FFC413F3F82C02A3F50
:105B30001BBC3E3F1B562B3FC5353E3F4AEB2B3F20
:105B4000F9AE3D3F0F802C3FB8273D3F69142D3FF4
:105B500003A03C3F59A82D3FD9173C3FDE3B2E3FC9
:105B60003B8F3B3FF7CE2E3F29063B3FA5612F3FA2
:105B7000A47C3A3FE6F32F3FACF2393FBB85303F80
:105B80004268393F2217313F65DD383F1DA8313F5C
:105B90001652383FAA38323F55C6373FC9C8323F40
:105BA000233A373F7A58333F7FAD363FBCE7333F28
:105BB0006C20363F8F76343FE792353FF304353F14
:105BC000F304353FE792353F8F76343F6C20363F04
:105BD000BCE7333F7FAD363F7A58333F233A373FF8
:105BE000C9C8323F55C6373FAA38323F1652383FF0
:105BF0001DA8313F65DD383F2217313F4268393FEC
:105C0000BB85303FACF2393FE6F32F3FA47C3A3FEF
:105C1000A5612F3F29063B3FF7CE2E3F3B8F3B3FF1
:105C2000DE3B2E3FD9173C3F59A82D3F03A03C3FF8
:105C300069142D3FB8273D3F0F802C3FF9AE3D3F03
:105C40004AEB2B3FC5353E3F1B562B3F1BBC3E3F0F
:105C500082C02A3FFC413F3F802A2A3F67C73F3F1F
:105C60001594293F5C4C403F41FD283FDAD0403F2E
:105C70000566283FE154413F61CE273F70D8413F40
:105C80005636273F895B423FE39D263F29DE423F50
:105C90000A05263F5160433FCB6B253F00E2433F5F
:105CA00025D2243F3763443F1A38243FF5E3443F6D
:105CB000A99D233F3964453FD302233F03E4453F79
:105CC0009967223F5463463FFBCB213F2AE2463F80
:105CD000F92F213F8560473F9393203F65DE473F83
:105CE000CBF61F3FCA5B483F9F591F3FB3D8483F81
:105CF00012BC1E3F2155493F221E1E3F12D1493F73
:105D0000D17F1D3F874C4A3F1FE11C3F7FC74A3F61
:105D10000C421C3FFA414B3F99A21B3FF8BB4B3F43
:105D2000C6021B3F78354C3F93621A3F79AE4C3F19
:105D300000C2193FFD264D3F0F21193F029F4D3FE5
:105D4000C07F183F89164E3F12DE173F908D4E3FA1
:105D5000073C173F17044F3F9F99163F1F7A4F3F4D
:105D6000D9F6153FA8EF4F3FB753153FAF64503FEB
:105D700039B0143F37D9503F5F0C143F3D4D513F70
:105D80002A68133FC2C0513F9AC3123FC633523FE5
:105D9000B01E123F49A6523F6B79113F4918533F3D
:105DA000CDD3103FC789533FD52D103FC3FA533F82
:105DB00084870F3F3B6B543FDBE00E3F31DB543FAA
:105DC000DA390E3FA44A553F81920D3F93B9553FB2
:105DD000D0EA0C3FFE27563FC9420C3FE595563F9F
:105DE0006B9A0B3F4803573FB7F10A3F2670573F66
:105DF000AD480A3F7FDC573F4E9F093F5348583F0D
:105E00009BF5083FA1B3583F924B083F6A1E593F8C
:105E100036A1073FAD88593F86F6063F6AF2593FE3
:105E2000824B063FA05B5A3F2CA0053F50C45A3F0F
:105E300084F4043F792C5B3F8948043F1A945B3F0C
:105E40003D9C033F34FB5B3F9FEF023FC7615C3FDC
:105E5000B142023FD1C75C3F7395013F532D5D3F77
:105E6000E4E7003F4D925D3F063A003FBEF65D3FDE
:105E7000B217FF3EA65A5E3FBBBAFD3E05BE5E3F6F
:105E8000275DFC3EDB205F3FF7FEFA3E27835F3F46
:105E90002DA0F93EE9E45F3FC840F83E2146603F4F
:105EA000CBE0F63ECFA6603F3580F53EF206613F7F
:105EB000071FF43E8A66613F43BDF23E98C5613FCD
:105EC000EA5AF13E1A24623FFBF7EF3E1082623F2E
:105ED0007994EE3E7BDF623F6330ED3E5A3C633F98
:105EE000BBCBEB3EAC98633F8166EA3E73F4633F05
:105EF000B700E93EAC4F643F5D9AE73E59AA643F64
:105F00007533E63E7904653FFECBE43E0B5E653FAC
:105F1000FA63E33E10B7653F6AFBE13E880F663FD8
:105F20004F92E03E7167663FA928DF3ECCBE663FD8
:105F300079BEDD3E9915673FC153DC3ED86B673FA4
:105F400080E8DA3E87C1673FB97CD93EA816683F32
:105F50006B10D83E396B683F99A3D63E3CBF683F73
:105F60004136D53EAE12693F67C8D33E9165693F61
:105F7000095AD23EE4B7693F2AEBD03EA7096A3FEF
:105F8000CA7BCF3ED95A6A3FEA0BCE3E7BAB6A3F13
:105F90008B9BCC3E8CFB6A3FAE2ACB3E0C4B6B3FBF
:105FA00053B9C93EFB996B3F7C47C83E58E86B3FED
:105FB00029D5C63E24366C3F5C62C53E5E836C3F8D
:105FC00015EFC33E07D06C3F557BC23E1D1C6D3F95
:105FD0001E07C13EA1676D3F6F92BF3E93B26D3FFA
:105FE0004A1DBE3EF2FC6D3FAFA7BC3EBE466E3FB3
:105FF000A031BB3EF88F6E3F1EBBB93E9ED86E3FB0
:106000002A44B83EB0206F3FC3CCB63E30686F3FE5
:10601000EC54B53E1BAF6F3FA5DCB33E73F56F3F4D
:10602000EF63B23E373B703FCBEAB03E6680703FD5
:106030003A71AF3E02C5703F3CF7AD3E0809713F73
:10604000D47CAC3E7A4C713F0102AB3E578F713F1E
:10605000C486A93E9FD1713F1F0BA83E5213723FC9
:10606000128FA63E7054723F9F12A53EF894723F65
:10607000C595A33EEBD4723F8718A23E4714733FE9
:10608000E59AA03E0E53733FDF1C9F3E3F91733F46
:10609000789E9D3ED9CE733FAF1F9C3EDD0B743F73
:1060A00086A09A3E4B48743FFE20993E2284743F5E
:1060B00017A1973E62BF743FD220963E0BFA743F01
:1060C00031A0943E1D34753F351F933E976D753F4B
:1060D000DD9D913E7BA6753F2C1C903EC6DE753F34
:1060E000229A8E3E7A16763FC0178D3E974D763FA8
:1060F00007958B3E1B84763FF8118A3E07BA763FA0
:10610000938E883E5BEF763FDA0A873E1724773F0F
:10611000CE86853E3A58773F7002843EC58B773FE6
:10612000C07D823EB7BE773FC0F8803E10F1773F1A
:10613000E1E67E3ED122783FA4DB7B3EF853783FF8
:10614000CCCF783E8684783F5AC3753E7BB4783F87
:1061500051B6723ED6E3783FB2A86F3E9812793FAF
:106160007F9A6C3EC040793FBA8B693E4E6E793F54
:10617000667C663E439B793F836C633E9DC7793F57
:10618000135C603E5EF3793F1A4B5D3E841E7A3F9E
:1061900097395A3E10497A3F8F27573E02737A3F0C
:1061A0000115543E599C7A3FF101513E16C57A3F84
:1061B00060EE4D3E37ED7A3F4FDA4A3EBE147B3FEC
:1061C000C2C5473EAB3B7B3FB9B0443EFC617B3F21
:1061D000379B413EB2877B3F3E853E3ECDAC7B3F09
:1061E000CF6E3B3E4DD17B3FEC57383E31F57B3F88
:1061F0009840353E7A187C3FD428323E283B7C3F7D
:10620000A2102F3E3A5D7C3F04F82B3EB07E7C3FCF
:10621000FCDE283E8A9F7C3F8CC5253EC9BF7C3F63
:10622000B6AB223E6CDF7C3F7B911F3E73FE7C3F12
:10623000DE761C3EDD1C7D3FE05B193EAC3A7D3FC7
:106240008340163EDE577D3FCA24133E74747D3F63
:10625000B708103E6E907D3F4AEC0C3ECCAB7D3FC4
:1062600086CF093E8CC67D3F6EB2063EB1E07D3FD3
:106270000295033E38FA7D3F4577003E24137E3F6A
:1062800073B2FA3D722B7E3FC075F43D23437E3FCF
:106290007638EE3D385A7E3F9AFAE73DB0707E3F41
:1062A0002EBCE13D8B867E3F377DDB3DC99B7E3F2B
:1062B000B93DD53D69B07E3FB7FDCE3D6DC47E3F53
:1062C00036BDC83DD4D77E3F397CC23D9DEA7E3F76
:1062D000C33ABC3DC9FC7E3FDAF8B53D580E7F3F5E
:1062E00080B6AF3D491F7F3FBA73A93D9D2F7F3FC9
:1062F0008C30A33D543F7F3FF9EC9C3D6D4E7F3F7A
:1063000005A9963DE95C7F3FB464903DC76A7F3F35
:106310000A208A3D08787F3F0ADB833DAB847F3FBC
:10632000742B7B3DB1907F3F38A06E3D189C7F3F22
:106330006814623DE3A67F3F0E88553D0FB17F3F55
:106340002FFB483D9EBA7F3FD56D3C3D8FC37F3FBD
:1063500007E02F3DE2CB7F3FCC51233D98D37F3FD9
:106360002CC3163DAFDA7F3F2F340A3D29E17F3F32
:10637000B949FB3C05E77F3F7B2AE23C43EC7F3F8A
:10638000B00AC93CE3F07F3F69EAAF3CE6F47F3FE7
:10639000B6C9963C4AF87F3F4B517B3C11FB7F3F8F
:1063A000900E493C39FD7F3F59CB163CC4FE7F3FE0
:1063B000890FC93BB1FF7F3FC70F493B0000803FBA
:1063C00000000000B1FF7F3FC70F49BBC4FE7F3F05
:1063D000890FC9BB39FD7F3F59CB16BC11FB7F3FED
:1063E000900E49BC4AF87F3F4B517BBCE6F47F3F9F
:1063F000B6C996BCE3F07F3F69EAAFBC43EC7F3F90
:10640000B00AC9BC05E77F3F7B2AE2BC29E17F3F98
:10641000B949FBBCAFDA7F3F2F340ABD98D37F3F29
:106420002CC316BDE2CB7F3FCC5123BD8FC37F3F32
:1064300007E02FBD9EBA7F3FD56D3CBD0FB17F3FBA
:106440002FFB48BDE3A67F3F0E8855BD189C7F3FBC
:10645000681462BDB1907F3F38A06EBDAB847F3FB2
:10646000742B7BBD08787F3F0ADB83BDC76A7F3F03
:106470000A208ABDE95C7F3FB46490BD6D4E7F3FCA
:1064800005A996BD543F7F3FF9EC9CBD9D2F7F3FF2
:106490008C30A3BD491F7F3FBA73A9BD580E7F3F03
:1064A00080B6AFBDC9FC7E3FDAF8B5BD9DEA7E3F40
:1064B000C33ABCBDD4D77E3F397CC2BD6DC47E3FDC
:1064C00036BDC8BD69B07E3FB7FDCEBDC99B7E3F1E
:1064D000B93DD5BD8B867E3F377DDBBDB0707E3F3D
:1064E0002EBCE1BD385A7E3F9AFAE7BD23437E3F7A
:1064F0007638EEBD722B7E3FC075F4BD24137E3F0F
:1065000073B2FABD38FA7D3F457700BEB1E07D3FFA
:10651000029503BE8CC67D3F6EB206BECCAB7D3FFE
:1065200086CF09BE6E907D3F4AEC0CBE74747D3FF1
:10653000B70810BEDE577D3FCA2413BEAC3A7D3F7C
:10654000834016BEDD1C7D3FE05B19BE73FE7C3FC1
:10655000DE761CBE6CDF7C3F7B911FBEC9BF7C3FDB
:10656000B6AB22BE8A9F7C3F8CC525BEB07E7C3FE9
:10657000FCDE28BE3A5D7C3F04F82BBE283B7C3F06
:10658000A2102FBE7A187C3FD42832BE31F57B3F53
:10659000984035BE4DD17B3FEC5738BECDAC7B3FEC
:1065A000CF6E3BBEB2877B3F3E853EBEFC617B3FEC
:1065B000379B41BEAB3B7B3FB9B044BEBE147B3F73
:1065C000C2C547BE37ED7A3F4FDA4ABE16C57A3F9D
:1065D00060EE4DBE599C7A3FF10151BE02737A3F85
:1065E000011554BE10497A3F8F2757BE841E7A3F4B
:1065F00097395ABE5EF3793F1A4B5DBE9DC7793F0E
:10660000135C60BE439B793F836C63BE4E6E793FE3
:10661000667C66BEC040793FBA8B69BE9812793FEE
:106620007F9A6CBED6E3783FB2A86FBE7BB4783F4A
:1066300051B672BE8684783F5AC375BEF853783F10
:10664000CCCF78BED122783FA4DB7BBE10F1773F60
:10665000E1E67EBEB7BE773FC0F880BEC58B773F10
:10666000C07D82BE3A58773F700284BE1724773FC0
:10667000CE8685BE5BEF763FDA0A87BE07BA763FE5
:10668000938E88BE1B84763FF8118ABE974D763F65
:1066900007958BBE7A16763FC0178DBEC6DE753F56
:1066A000229A8EBE7BA6753F2C1C90BE976D753FBF
:1066B000DD9D91BE1D34753F351F93BE0BFA743FAF
:1066C00031A094BE62BF743FD22096BE2284743F34
:1066D00017A197BE4B48743FFE2099BEDD0B743F57
:1066E00086A09ABED9CE733FAF1F9CBE3F91733F29
:1066F000789E9DBE0E53733FDF1C9FBE4714733FB1
:10670000E59AA0BEEBD4723F8718A2BEF894723F00
:10671000C595A3BE7054723F9F12A5BE5213723F1F
:10672000128FA6BE9FD1713F1F0BA8BE578F713F1E
:10673000C486A9BE7A4C713F0102ABBE0809713F05
:10674000D47CACBE02C5703F3CF7ADBE6680703FE6
:106750003A71AFBE373B703FCBEAB0BE73F56F3FC7
:10676000EF63B2BE1BAF6F3FA5DCB3BE30686F3FB7
:10677000EC54B5BEB0206F3FC3CCB6BE9ED86E3FC2
:106780002A44B8BEF88F6E3F1EBBB9BEBE466E3FF0
:10679000A031BBBEF2FC6D3FAFA7BCBE93B26D3F54
:1067A0004A1DBEBEA1676D3F6F92BFBE1D1C6D3FEF
:1067B0001E07C1BE07D06C3F557BC2BE5E836C3FD7
:1067C00015EFC3BE24366C3F5C62C5BE58E86B3F14
:1067D00029D5C6BEFB996B3F7C47C8BE0C4B6B3FAF
:1067E00053B9C9BE8CFB6A3FAE2ACBBE7BAB6A3FB6
:1067F0008B9BCCBED95A6A3FEA0BCEBEA7096A3F33
:10680000CA7BCFBEE4B7693F2AEBD0BE9165693F32
:10681000095AD2BEAE12693F67C8D3BE3CBF683FBB
:106820004136D5BE396B683F99A3D6BEA816683FDE
:106830006B10D8BE87C1673FB97CD9BED86B673FA4
:1068400080E8DABE9915673FC153DCBECCBE663F17
:1068500079BEDDBE7167663FA928DFBE880F663F3F
:106860004F92E0BE10B7653F6AFBE1BE0B5E653F2D
:10687000FA63E3BE7904653FFECBE4BE59AA643FE8
:106880007533E6BEAC4F643F5D9AE7BE73F4633F79
:10689000B700E9BEAC98633F8166EABE5A3C633FED
:1068A000BBCBEBBE7BDF623F6330EDBE1082623F4D
:1068B0007994EEBE1A24623FFBF7EFBE98C5613FA4
:1068C000EA5AF1BE8A66613F43BDF2BEF206613FFD
:1068D000071FF4BECFA6603F3580F5BE2146603F5E
:1068E000CBE0F6BEE9E45F3FC840F8BE27835F3FD8
:1068F0002DA0F9BEDB205F3FF7FEFABE05BE5E3F6E
:10690000275DFCBEA65A5E3FBBBAFDBEBEF65D3F2C
:10691000B217FFBE4D925D3F063A00BF532D5D3F5B
:10692000E4E700BFD1C75C3F739501BFC7615C3F1F
:10693000B14202BF34FB5B3F9FEF02BF1A945B3F43
:106940003D9C03BF792C5B3F894804BF50C45A3F2C
:1069500084F404BFA05B5A3F2CA005BF6AF2593FE4
:10696000824B06BFAD88593F86F606BF6A1E593F67
:1069700036A107BFA1B3583F924B08BF5348583FB9
:106980009BF508BF7FDC573F4E9F09BF2670573FDE
:10699000AD480ABF4803573FB7F10ABFE595563FD8
:1069A0006B9A0BBFFE27563FC9420CBF93B9553FA8
:1069B000D0EA0CBFA44A553F81920DBF31DB543F52
:1069C000DA390EBF3B6B543FDBE00EBFC3FA533FD7
:1069D00084870FBFC789533FD52D10BF4918533F38
:1069E000CDD310BF49A6523F6B7911BFC633523F7A
:1069F000B01E12BFC2C0513F9AC312BF3D4D513F9E
:106A00002A6813BF37D9503F5F0C14BFAF64503FA3
:106A100039B014BFA8EF4F3FB75315BF1F7A4F3F90
:106A2000D9F615BF17044F3F9F9916BF908D4E3F63
:106A3000073C17BF89164E3F12DE17BF029F4D3F1E
:106A4000C07F18BFFD264D3F0F2119BF79AE4C3FC7
:106A500000C219BF78354C3F93621ABFF8BB4B3F59
:106A6000C6021BBFFA414B3F99A21BBF7FC74A3FDB
:106A70000C421CBF874C4A3F1FE11CBF12D1493F4B
:106A8000D17F1DBF2155493F221E1EBFB3D8483FAD
:106A900012BC1EBFCA5B483F9F591FBF65DE473F00
:106AA000CBF61FBF8560473F939320BF2AE2463F46
:106AB000F92F21BF5463463FFBCB21BF03E4453F81
:106AC000996722BF3964453FD30223BFF5E3443FB2
:106AD000A99D23BF3763443F1A3824BF00E2433FD8
:106AE00025D224BF5160433FCB6B25BF29DE423FF7
:106AF0000A0526BF895B423FE39D26BF70D8413F10
:106B0000563627BFE154413F61CE27BFDAD0403F20
:106B1000056628BF5C4C403F41FD28BF67C73F3F2B
:106B2000159429BFFC413F3F802A2ABF1BBC3E3F32
:106B300082C02ABFC5353E3F1B562BBFF9AE3D3F35
:106B40004AEB2BBFB8273D3F0F802CBF03A03C3F33
:106B500069142DBFD9173C3F59A82DBF3B8F3B3F30
:106B6000DE3B2EBF29063B3FF7CE2EBFA47C3A3F2B
:106B7000A5612FBFACF2393FE6F32FBF4268393F22
:106B8000BB8530BF65DD383F221731BF1652383F15
:106B90001DA831BF55C6373FAA3832BF233A373F09
:106BA000C9C832BF7FAD363F7A5833BF6C20363FFD
:106BB000BCE733BFE792353F8F7634BFF304353FF0
:106BC000F30435BF8F76343FE79235BFBCE7333FE0
:106BD0006C2036BF7A58333F7FAD36BFC9C8323FCD
:106BE000233A37BFAA38323F55C637BF1DA8313FB9
:106BF000165238BF2217313F65DD38BFBB85303FA5
:106C0000426839BFE6F32F3FACF239BFA5612F3F91
:106C1000A47C3ABFF7CE2E3F29063BBFDE3B2E3F7A
:106C20003B8F3BBF59A82D3FD9173CBF69142D3F5F
:106C300003A03CBF0F802C3FB8273DBF4AEB2B3F42
:106C4000F9AE3DBF1B562B3FC5353EBF82C02A3F24
:106C50001BBC3EBF802A2A3FFC413FBF1594293F01
:106C600067C73FBF41FD283F5C4C40BF0566283FDA
:106C7000DAD040BF61CE273FE15441BF5636273FAF
:106C800070D841BFE39D263F895B42BF0A05263F7E
:106C900029DE42BFCB6B253F516043BF25D2243F45
:106CA00000E243BF1A38243F376344BFA99D233F06
:106CB000F5E344BFD302233F396445BF9967223FC0
:106CC00003E445BFFBCB213F546346BFF92F213F6F
:106CD0002AE246BF9393203F856047BFCBF61F3F14
:106CE00065DE47BF9F591F3FCA5B48BF12BC1E3FAE
:106CF000B3D848BF221E1E3F215549BFD17F1D3F3B
:106D000012D149BF1FE11C3F874C4ABF0C421C3FB8
:106D10007FC74ABF99A21B3FFA414BBFC6021B3F28
:106D2000F8BB4BBF93621A3F78354CBF00C2193F86
:106D300079AE4CBF0F21193FFD264DBFC07F183FD4
:106D4000029F4DBF12DE173F89164EBF073C173F0B
:106D5000908D4EBF9F99163F17044FBFD9F6153F30
:106D60001F7A4FBFB753153FA8EF4FBF39B0143F3D
:106D7000AF6450BF5F0C143F37D950BF2A68133F30
:106D80003D4D51BF9AC3123FC2C051BFB01E123F0A
:106D9000C63352BF6B79113F49A652BFCDD3103FC6
:106DA000491853BFD52D103FC78953BF84870F3F64
:106DB000C3FA53BFDBE00E3F3B6B54BFDA390E3FE3
:106DC00031DB54BF81920D3FA44A55BFD0EA0C3F3E
:106DD00093B955BFC9420C3FFE2756BF6B9A0B3F74
:106DE000E59556BFB7F10A3F480357BFAD480A3F84
:106DF000267057BF4E9F093F7FDC57BF9BF5083F6A
:106E0000534858BF924B083FA1B358BF36A1073F24
:106E10006A1E59BF86F6063FAD8859BF824B063FB2
:106E20006AF259BF2CA0053FA05B5ABF84F4043F0F
:106E300050C45ABF8948043F792C5BBF3D9C033F37
:106E40001A945BBF9FEF023F34FB5BBFB142023F2E
:106E5000C7615CBF7395013FD1C75CBFE4E7003FEA
:106E6000532D5DBF063A003F4D925DBFB217FF3E06
:106E7000BEF65DBFBBBAFD3EA65A5EBF275DFC3EB7
:106E800005BE5EBFF7FEFA3EDB205FBF2DA0F93ED8
:106E900027835FBFC840F83EE9E45FBFCBE0F63E22
:106EA000214660BF3580F53ECFA660BF071FF43E88
:106EB000F20661BF43BDF23E8A6661BFEA5AF13E07
:106EC00098C561BFFBF7EF3E1A2462BF7994EE3E8E
:106ED000108262BF6330ED3E7BDF62BFBBCBEB3E17
:106EE0005A3C63BF8166EA3EAC9863BFB700E93E97
:106EF00073F463BF5D9AE73EAC4F64BF7533E63E03
:106F000059AA64BFFECBE43E790465BFFA63E33E51
:106F10000B5E65BF6AFBE13E10B765BF4F92E03E76
:106F2000880F66BFA928DF3E716766BF79BEDD3E68
:106F3000CCBE66BFC153DC3E991567BF80E8DA3E20
:106F4000D86B67BFB97CD93E87C167BF6B10D83E8D
:106F5000A81668BF99A3D63E396B68BF4136D53EA7
:106F60003CBF68BF67C8D33EAE1269BF095AD23E64
:106F7000916569BF2AEBD03EE4B769BFCA7BCF3EBB
:106F8000A7096ABFEA0BCE3ED95A6ABF8B9BCC3E9B
:106F90007BAB6ABFAE2ACB3E8CFB6ABF53B9C93EFE
:106FA0000C4B6BBF7C47C83EFB996BBF29D5C63ED7
:106FB00058E86BBF5C62C53E24366CBF15EFC33E1C
:106FC0005E836CBF557BC23E07D06CBF1E07C13EBF
:106FD0001D1C6DBF6F92BF3EA1676DBF4A1DBE3EB7
:106FE00093B26DBFAFA7BC3EF2FC6DBFA031BB3EFC
:106FF000BE466EBF1EBBB93EF88F6EBF2A44B83E78
:107000009ED86EBFC3CCB63EB0206FBFEC54B53E29
:1070100030686FBFA5DCB33E1BAF6FBFEF63B23EFE
:1070200073F56FBFCBEAB03E373B70BF3A71AF3EEE
:10703000668070BF3CF7AD3E02C570BFD47CAC3EED
:10704000080971BF0102AB3E7A4C71BFC486A93EEC
:10705000578F71BF1F0BA83E9FD171BF128FA63EE5
:10706000521372BF9F12A53E705472BFC595A33EC6
:10707000F89472BF8718A23EEBD472BFE59AA03E87
:10708000471473BFDF1C9F3E0E5373BF789E9D3E17
:107090003F9173BFAF1F9C3ED9CE73BF86A09A3E6F
:1070A000DD0B74BFFE20993E4B4874BF17A1973E7D
:1070B000228474BFD220963E62BF74BF31A0943E3A
:1070C0000BFA74BF351F933E1D3475BFDD9D913E95
:1070D000976D75BF2C1C903E7BA675BF229A8E3E85
:1070E000C6DE75BFC0178D3E7A1676BF07958B3EFC
:1070F000974D76BFF8118A3E1B8476BF938E883EEB
:1071000007BA76BFDA0A873E5BEF76BFCE86853E4A
:10711000172477BF7002843E3A5877BFC07D823E05
:10712000C58B77BFC0F8803EB7BE77BFE1E67E3E35
:1071300010F177BFA4DB7B3ED12278BFCCCF783E65
:10714000F85378BF5AC3753E868478BF51B6723EF5
:107150007BB478BFB2A86F3ED6E378BF7F9A6C3E0F
:10716000981279BFBA8B693EC04079BF667C663E93
:107170004E6E79BF836C633E439B79BF135C603E68
:107180009DC779BF1A4B5D3E5EF379BF97395A3E72
:10719000841E7ABF8F27573E10497ABF0115543E8F
:1071A00002737ABFF101513E599C7ABF60EE4D3EA9
:1071B00016C57ABF4FDA4A3E37ED7ABFC2C5473EA1
:1071C000BE147BBFB9B0443EAB3B7BBF379B413E57
:1071D000FC617BBF3E853E3EB2877BBFCF6E3B3EB0
:1071E000CDAC7BBFEC57383E4DD17BBF9840353E90
:1071F00031F57BBFD428323E7A187CBFA2102F3ED7
:10720000283B7CBF04F82B3E3A5D7CBFFCDE283E69
:10721000B07E7CBF8CC5253E8A9F7CBFB6AB223E2C
:10722000C9BF7CBF7B911F3E6CDF7CBFDE761C3EFE
:1072300073FE7CBFE05B193EDD1C7DBF8340163EC4
:10724000AC3A7DBFCA24133EDE577DBFB708103E5F
:1072500074747DBF4AEC0C3E6E907DBF86CF093EB4
:10726000CCAB7DBF6EB2063E8CC67DBF0295033EA1
:10727000B1E07DBF4577003E38FA7DBF73B2FA3D7D
:1072800024137EBFC075F43D722B7EBF7638EE3D71
:1072900023437EBF9AFAE73D385A7EBF2EBCE13DBC
:1072A000B0707EBF377DDB3D8B867EBFB93DD53D5F
:1072B000C99B7EBFB7FDCE3D69B07EBF36BDC83D20
:1072C0006DC47EBF397CC23DD4D77EBFC33ABC3DBE
:1072D0009DEA7EBFDAF8B53DC9FC7EBF80B6AF3D02
:1072E000580E7FBFBA73A93D491F7FBF8C30A33DA5
:1072F0009D2F7FBFF9EC9C3D543F7FBF05A9963D74
:107300006D4E7FBFB464903DE95C7FBF0A208A3D2B
:10731000C76A7FBF0ADB833D08787FBF742B7B3D44
:10732000AB847FBF38A06E3DB1907FBF6814623DD3
:10733000189C7FBF0E88553DE3A67FBF2FFB483DBD
:107340000FB17FBFD56D3C3D9EBA7FBF07E02F3D9B
:107350008FC37FBFCC51233DE2CB7FBF2CC3163DF3
:1073600098D37FBF2F340A3DAFDA7FBFB949FB3CCA
:1073700029E17FBF7B2AE23C05E77FBFB00AC93C19
:1073800043EC7FBF69EAAF3CE3F07FBFB6C9963CF0
:10739000E6F47FBF4B517B3C4AF87FBF900E493CDF
:1073A00011FB7FBF59CB163C39FD7FBF890FC93B0D
:1073B000C4FE7FBFC70F493BB1FF7FBF0000000085
:1073C0000000803FD40FC93AECFF7F3FC70F493B15
:1073D000B1FF7F3FC1CB963B4EFF7F3F890FC93B3B
:1073E000C4FE7F3F3053FB3B13FE7F3F59CB163C1F
:1073F00039FD7F3F02ED2F3C39FC7F3F900E493C29
:1074000011FB7F3F0030623CC1F97F3F4B517B3C19
:107410004AF87F3F38398A3CACF67F3FB6C9963C84
:10742000E6F47F3F1C5AA33CF8F27F3F69EAAF3C89
:10743000E3F07F3F9B7ABC3CA7EE7F3FB00AC93C9C
:1074400043EC7F3FA69AD53CB8E97F3F7B2AE23CDC
:1074500005E77F3F2DBAEE3C2BE47F3FB949FB3C6B
:1074600029E17F3F90EC033D00DE7F3F2F340A3D52
:10747000AFDA7F3FB87B103D37D77F3F2CC3163D37
:1074800098D37F3F880A1D3DD1CF7F3FCC51233D0C
:10749000E2CB7F3FF698293DCCC77F3F07E02F3DE9
:1074A0008FC37F3FFC26363D2ABF7F3FD56D3C3DD5
:1074B0009EBA7F3F91B4423DEAB57F3F2FFB483DE6
:1074C0000FB17F3FAF414F3D0DAC7F3F0E88553D23
:1074D000E3A67F3F4CCE5B3D91A17F3F6814623DA8
:1074E000189C7F3F625A683D78967F3F38A06E3D7A
:1074F000B1907F3FE9E5743DC28A7F3F742B7B3DAD
:10750000AB847F3F6CB8803D6D7E7F3F0ADB833D5F
:1075100008787F3F94FD863D7B717F3F0A208A3D3E
:10752000C76A7F3F6A428D3DEC637F3FB464903D04
:10753000E95C7F3FE786933DBF557F3F05A9963DB8
:107540006D4E7F3F0ACB993DF4467F3FF9EC9C3D61
:10755000543F7F3FCF0EA03D8D377F3F8C30A33D02
:107560009D2F7F3F3052A63D87277F3FBA73A93DAD
:10757000491F7F3F2B95AC3DE4167F3F80B6AF3D62
:10758000580E7F3FBBD7B23DA4057F3FDAF8B53D2B
:10759000C9FC7E3FDD19B93DC7F37E3FC33ABC3D10
:1075A0009DEA7E3F8D5BBF3D4CE17E3F397CC23D15
:1075B000D4D77E3FC69CC53D34CE7E3F36BDC83D48
:1075C0006DC47E3F86DDCB3D7FBA7E3FB7FDCE3DAD
:1075D00069B07E3FC81DD23D2DA67E3FB93DD53D49
:1075E000C99B7E3F895DD83D3D917E3F377DDB3D28
:1075F0008B867E3FC49CDE3DB17B7E3F2EBCE13D51
:10760000B0707E3F76DBE43D88657E3F9AFAE73DC9
:10761000385A7E3F9A19EB3DC14E7E3F7638EE3D9B
:1076200023437E3F2E57F13D5E377E3FC075F43DCC
:10763000722B7E3F2C94F73D5E1F7E3F73B2FA3D66
:1076400024137E3F92D0FD3DC2067E3F4577003E2B
:1076500038FA7D3F2E06023E88ED7D3F0295033EBF
:10766000B1E07D3FC223053EB2D37D3F6EB2063E00
:107670008CC67D3F0541083E40B97D3F86CF093E1F
:10768000CCAB7D3FF35D0B3E309E7D3F4AEC0C3E24
:107690006E907D3F8B7A0E3E85827D3FB708103E0F
:1076A00074747D3FCC96113E3D667D3FCA24133EE7
:1076B000DE577D3FB2B2143E59497D3F8340163EAE
:1076C000AC3A7D3F3DCE173ED82B7D3FE05B193E67
:1076D000DD1C7D3F6BE91A3EBC0D7D3FDE761C3E16
:1076E00073FE7C3F38041E3E03EF7C3F7B911F3EC0
:1076F0006CDF7C3FA51E213EAECF7C3FB6AB223E69
:10770000C9BF7C3FAD38243EBDAF7C3F8CC5253E14
:107710008A9F7C3F5152273E318F7C3FFCDE283EC2
:10772000B07E7C3F8D6B2A3E086E7C3F04F82B3E7A
:107730003A5D7C3F61842D3E444C7C3FA2102F3E3D
:10774000283B7C3FC99C303EE5297C3FD428323E13
:107750007A187C3FC4B4333EE9067C3F9840353EFE
:1077600031F57B3F50CC363E53E37B3FEC57383E00
:107770004DD17B3F6CE3393E20BF7B3FCF6E3B3E1C
:10778000CDAC7B3F15FA3C3E539A7B3F3E853E3E57
:10779000B2877B3F4910403EEA747B3F379B413EB6
:1077A000FC617B3F0726433EE74E7B3FB9B0443E3A
:1077B000AB3B7B3F4D3B463E48287B3FC2C5473EE7
:1077C000BE147B3F1850493E0E017B3F4FDA4A3EC4
:1077D00037ED7A3F67644C3E3AD97A3F60EE4D3ED2
:1077E00016C57A3F38784F3ECBB07A3FF101513E13
:1077F000599C7A3F898B523EC1877A3F0115543E8E
:1078000002737A3F589E553E1C5E7A3F8F27573E43
:1078100010497A3FA4B0583EDD337A3F97395A3E3B
:10782000841E7A3F6AC25B3E04097A3F1A4B5D3E72
:107830005EF3793FA8D35E3E91DD793F135C603EF5
:107840009DC7793F5CE4613E83B1793F836C633EC1
:10785000439B793F86F4643EDC84793F667C663ED8
:107860004E6E793F2204683E9A57793FBA8B693E43
:10787000C040793F2F136B3EBF29793F7F9A6C3E02
:107880009812793FAB216E3E4AFB783FB2A86F3E1B
:10789000D6E3783F942F713E3BCC783F51B6723E91
:1078A0007BB4783FE83C743E939C783F5AC3753E66
:1078B0008684783FA649773E526C783FCCCF783E9D
:1078C000F853783FCB557A3E773B783FA4DB7B3E3D
:1078D000D122783F56617D3E040A783FE1E67E3E44
:1078E00010F1773F2236803EF7D7773FC0F8803ED1
:1078F000B7BE773F4ABB813E51A5773FC07D823EF0
:10790000C58B773F2240833E1372773F7002843EDF
:107910003A58773FAAC4843E3C3E773FCE86853EA8
:107920001724773FDF48863ECC09773FDA0A873E47
:107930005BEF763FC1CC873EC4D4763F938E883EC2
:1079400007BA763F5050893E249F763FF8118A3E11
:107950001B84763F8AD38A3EEC68763F07958B3E40
:10796000974D763F6E568C3E1B32763FC0178D3E4C
:107970007A16763FFCD88D3EB3FA753F229A8E3E3A
:10798000C6DE753F325B8F3EB3C2753F2C1C903E06
:107990007BA6753F10DD903E1C8A753FDD9D913EB4
:1079A000976D753F945E923EED50753F351F933E47
:1079B0001D34753FBFDF933E2717753F31A0943EBE
:1079C0000BFA743F8D60953EC9DC743FD220963E21
:1079D00062BF743F00E1963ED5A1743F17A1973E68
:1079E0002284743F1661983E4966743FFE20993E9A
:1079F0004B48743FCEE0993E272A743F86A09A3EBA
:107A0000DD0B743F27609B3E6EED733FAF1F9C3EC6
:107A1000D9CE733F20DF9C3E1FB0733F789E9D3EC2
:107A20003F91733FB85D9E3E3972733FDF1C9F3EAE
:107A30000E53733FEEDB9F3EBE33733FE59AA03E8D
:107A40004714733FC259A13EACF4723F8718A23E5F
:107A5000EBD4723F33D7A23E04B5723FC595A33E27
:107A6000F894723F3F54A43EC774723F9F12A53EE4
:107A70007054723FE5D0A53EF433723F128FA63E9C
:107A80005213723F254DA73E8CF2713F1F0BA83E4B
:107A90009FD1713FFEC8A83E8EB0713FC486A93EFB
:107AA000578F713F6F44AA3EFB6D713F0102AB3EA1
:107AB0007A4C713F77BFAB3ED42A713FD47CAC3E49
:107AC0000809713F153AAD3E17E7703F3CF7AD3EF0
:107AD00002C5703F49B4AE3EC6A2703F3A71AF3E98
:107AE0006680703F102EB03EE15D703FCBEAB03E45
:107AF000373B703F6BA7B13E6718703FEF63B23EF4
:107B000073F56F3F5820B33E5AD26F3FA5DCB33EAA
:107B10001BAF6F3FD698B43EB88B6F3FEC54B53E69
:107B200030686F3FE610B63E83446F3FC3CCB63E2D
:107B3000B0206F3F8488B73EBAFC6E3F2A44B83EFF
:107B40009ED86E3FB2FFB83E5DB46E3F1EBBB93EDD
:107B5000F88F6E3F6E76BA3E6D6B6E3FA031BB3EC6
:107B6000BE466E3FB6ECBB3EEB216E3FAFA7BC3EC0
:107B7000F2FC6D3F8B62BD3ED5D76D3F4A1DBE3EC8
:107B800093B26D3FEBD7BE3E2D8D6D3F6F92BF3EE2
:107B9000A1676D3FD54CC03EF2416D3F1E07C13E0F
:107BA0001D1C6D3F48C1C13E24F66C3F557BC23E53
:107BB00007D06C3F4435C33EC5A96C3F15EFC33EAB
:107BC0005E836C3FC8A8C43ED45C6C3F5C62C53E1B
:107BD00024366C3FD21BC63E500F6C3F29D5C63EA3
:107BE00058E86B3F628EC73E3BC16B3F7C47C83E47
:107BF000FB996B3F7700C93E95726B3F53B9C93E05
:107C00000C4B6B3F1072CA3E5E236B3FAE2ACB3EDD
:107C10008CFB6A3F2CE3CB3E95D36A3F8B9BCC3EDB
:107C20007BAB6A3FCA53CD3E3C836A3FEA0BCE3EF4
:107C3000D95A6A3FEAC3CE3E52326A3FCA7BCF3E30
:107C4000A7096A3F8A33D03ED7E0693F2AEBD03E8E
:107C5000E4B7693FAAA2D13ECC8E693F095AD23E11
:107C60009165693F4811D33E323C693F67C8D33EB6
:107C7000AE12693F647FD43E07E9683F4136D53E86
:107C80003CBF683FFDECD53E4C95683F99A3D63E7E
:107C9000396B683F135AD73E0341683F6B10D83E9B
:107CA000A816683FA3C6D83E2AEC673FB97CD93EE8
:107CB00087C1673FAD32DA3EC196673F80E8DA3E62
:107CC000D86B673F319EDB3ECA40673FC153DC3E05
:107CD0009915673F2E09DD3E45EA663F79BEDD3ED8
:107CE000CCBE663FA273DE3E3093663FA928DF3EDE
:107CF0007167663F8DDDDF3E8E3B663F4F92E03E13
:107D0000880F663FEE46E13E5EE3653F6AFBE13E7B
:107D100010B7653FC4AFE23EA08A653FFA63E33E19
:107D20000B5E653F0E18E43E5431653FFECBE43EEA
:107D30007904653FCB7FE53E7BD7643F7533E63EF4
:107D400059AA643FFBE6E63E147D643F5D9AE73E38
:107D5000AC4F643F9C4DE83E2122643FB700E93EB2
:107D600073F4633FAEB3E93EA1C6633F8166EA3E6A
:107D7000AC98633F3019EB3E956A633FBBCBEB3E5B
:107D80005A3C633F217EEC3EFC0D633F6330ED3E89
:107D90007BDF623F80E2ED3ED7B0623F7994EE3EFA
:107DA0001082623F4C46EF3E2653623FFBF7EF3EA8
:107DB0001A24623F85A9F03EEAF4613FEA5AF13E97
:107DC00098C5613F290CF23E2296613F43BDF23EC9
:107DD0008A66613F386EF33ED036613F071FF43E3E
:107DE000F206613FB1CFF43EF2D6603F3580F53EFA
:107DF000CFA6603F9330F63E8976603FCBE0F63EFB
:107E00002146603FDC90F73E9615603FC840F83E43
:107E1000E9E45F3F8EF0F83E19B45F3F2DA0F93ED4
:107E200027835F3FA54FFA3E12525F3FF7FEFA3EAF
:107E3000DB205F3F22AEFB3E81EF5E3F275DFC3ED5
:107E400005BE5E3F040CFD3E678C5E3FBBBAFD3E47
:107E5000A65A5E3F4A69FE3EC3285E3FB217FF3E08
:107E6000BEF65D3FF3C5FF3E97C45D3F063A003F57
:107E70004D925D3FFF90003FE15F5D3FE4E7003FD3
:107E8000532D5D3FB53E013FA3FA5C3F7395013F23
:107E9000D1C75C3F1CEC013FDD945C3FB142023F27
:107EA000C7615C3F3299023F8E2E5C3F9FEF023FDD
:107EB00034FB5B3FF845033FB8C75B3F3D9C033F46
:107EC0001A945B3F6DF2033F5A605B3F8948043F61
:107ED000792C5B3F919E043F75F85A3F84F4043F30
:107EE00050C45A3F624A053F09905A3F2CA0053FB3
:107EF000A05B5A3FE2F5053F16275A3F824B063FEB
:107F00006AF2593F0EA1063F9CBD593F86F6063FD7
:107F1000AD88593FE84B073F9C53593F36A1073F77
:107F20006A1E593F6FF6073F17E9583F924B083FCB
:107F3000A1B3583FA1A0083F0B7E583F9BF5083FD7
:107F40005348583F7F4A093F7912583F4E9F093F97
:107F50007FDC573F09F4093F63A6573FAD480A3F0E
:107F60002670573F3D9D0A3FC739573FB7F10A3F3B
:107F70004803573F1C460B3FA7CC563F6B9A0B3F1D
:107F8000E595563FA5EE0B3F025F563FC9420C3FB9
:107F9000FE27563FD7960C3FD9F0553FD0EA0C3F0D
:107FA00093B9553FB33E0D3F2C82553F81920D3F13
:107FB000A44A553F38E60D3FFB12553FDA390E3FD4
:107FC00031DB543F658D0E3F47A3543FDBE00E3F4E
:107FD0003B6B543F3B340F3F0F33543F84870F3F7D
:107FE000C3FA533FB8DA0F3F55C2533FD52D103F68
:107FF000C789533FDC80103F1851533FCDD3103F0A
:108000004918533FA726113F59DF523F6B79113F63
:1080100049A6523F19CC113F186D523FB01E123F76
:10802000C633523F3071123F54FA513F9AC3123F48
:10803000C2C0513FEE15133F1087513F2A68133FCE
:108040003D4D513F50BA133F4A13513F5F0C143F0F
:1080500037D9503F585E143F039F503F39B0143F0B
:10806000AF64503F0402153F3B2A503FB753153FC2
:10807000A8EF4F3F54A5153FF4B44F3FD9F6153F35
:108080001F7A4F3F4748163F2B3F4F3F9F99163F60
:1080900017044F3FDFEA163FE4C84E3F073C173F47
:1080A000908D4E3F188D173F1C524E3F12DE173FEA
:1080B00089164E3FF52E183FD5DA4D3FC07F183F49
:1080C000029F4D3F73D0183F10634D3F0F21193F62
:1080D000FD264D3F9471193FCBEA4C3F00C2193F3A
:1080E00079AE4C3F55121A3F08724C3F93621A3FCB
:1080F00078354C3FB8B21A3FC7F84B3FC6021B3F1A
:10810000F8BB4B3FBB521B3F097F4B3F99A21B3F24
:10811000FA414B3F5FF21B3FCC044B3F0C421C3FEC
:108120007FC74A3FA2911C3F138A4A3F1FE11C3F71
:10813000874C4A3F84301D3FDC0E4A3FD17F1D3FB4
:1081400012D1493F06CF1D3F2993493F221E1E3FB2
:108150002155493F266D1E3FFA16493F12BC1E3F6E
:10816000B3D8483FE50A1F3F4E9A483F9F591F3FEB
:10817000CA5B483F41A81F3F271D483FCBF61F3F22
:1081800065DE473F3B45203F849F473F9393203F19
:108190008560473FD2E1203F6721473FF92F213FCC
:1081A0002AE2463F067E213FCEA2463FFBCB213F3F
:1081B0005463463FD719223FBB23463F9967223F6E
:1081C00003E4453F43B5223F2DA4453FD302233F5F
:1081D0003964453F4B50233F2624453FA99D233F0B
:1081E000F5E3443FEEEA233FA5A3443F1A38243F7A
:1081F0003763443F2C85243FAB22443F25D2243FA4
:1082000000E2433F041F253F38A1433FCB6B253F8E
:108210005160433F77B8253F4C1F433F0A05263F37
:1082200029DE423F8451263FE89C423FE39D263FA2
:10823000895B423F2AEA263F0B1A423F5636273FC8
:1082400070D8413F6882273FB796413F61CE273FB4
:10825000E154413F401A283FEC12413F0566283F58
:10826000DAD0403FB0B1283FA98E403F41FD283FC2
:108270005C4C403FB848293FF009403F1594293FE6
:1082800067C73F3F57DF293FC0843F3F802A2A3FCF
:10829000FC413F3F8E752A3F1BFF3E3F82C02A3F75
:1082A0001BBC3E3F5B0B2B3FFF783E3F1B562B3FDB
:1082B000C5353E3FBFA02B3F6EF23D3F4AEB2B3F03
:1082C000F9AE3D3FB9352C3F676B3D3F0F802C3FEA
:1082D000B8273D3F49CA2C3FECE33C3F69142D3F92
:1082E00003A03C3F6F5E2D3FFC5B3C3F59A82D3FF8
:1082F000D9173C3F29F22D3F98D33B3FDE3B2E3F21
:108300003B8F3B3F78852E3FC14A3B3FF7CE2E3F08
:1083100029063B3F5B182F3F75C13A3FA5612F3FB0
:10832000A47C3A3FD3AA2F3FB7373A3FE6F32F3F1B
:10833000ACF2393FDE3C303F85AD393FBB85303F45
:108340004268393F7CCE303FE122393F2217313F2E
:1083500065DD383FAD5F313FCB97383F1DA8313FDA
:108360001652383F71F0313F430C383FAA38323F44
:1083700055C6373FC780323F4A80373FC9C8323F72
:10838000233A373FAF10333FDFF3363F7A58333F5E
:108390007FAD363F29A0333F0467363FBCE7333F0C
:1083A0006C20363F342F343FB8D9353F8F76343F79
:1083B000E792353FCFBD343FFB4B353FF304353FAC
:1083C000F304353FFB4B353FCFBD343FE792353F9C
:1083D0008F76343FB8D9353F342F343F6C20363F49
:1083E000BCE7333F0467363F29A0333F7FAD363FBC
:1083F0007A58333FDFF3363FAF10333F233A373FEE
:10840000C9C8323F4A80373FC780323F55C6373FE1
:10841000AA38323F430C383F71F0313F1652383F93
:108420001DA8313FCB97383FAD5F313F65DD383F09
:108430002217313FE122393F7CCE303F4268393F3D
:10844000BB85303F85AD393FDE3C303FACF2393F34
:10845000E6F32F3FB7373A3FD3AA2F3FA47C3A3FEA
:10846000A5612F3F75C13A3F5B182F3F29063B3F5F
:10847000F7CE2E3FC14A3B3F78852E3F3B8F3B3F97
:10848000DE3B2E3F98D33B3F29F22D3FD9173C3F8F
:1084900059A82D3FFC5B3C3F6F5E2D3F03A03C3F46
:1084A00069142D3FECE33C3F49CA2C3FB8273D3FC0
:1084B0000F802C3F676B3D3FB9352C3FF9AE3D3FF8
:1084C0004AEB2B3F6EF23D3FBFA02B3FC5353E3FF1
:1084D0001B562B3FFF783E3F5B0B2B3F1BBC3E3FA9
:1084E00082C02A3F1BFF3E3F8E752A3FFC413F3F23
:1084F000802A2A3FC0843F3F57DF293F67C73F3F5D
:108500001594293FF009403FB848293F5C4C403F53
:1085100041FD283FA98E403FB0B1283FDAD0403F0F
:108520000566283FEC12413F401A283FE154413F85
:1085300061CE273FB796413F6882273F70D8413FC1
:108540005636273F0B1A423F2AEA263F895B423FB5
:10855000E39D263FE89C423F8451263F29DE423F6F
:108560000A05263F4C1F433F77B8253F5160433FE4
:10857000CB6B253F38A1433F041F253F00E2433F1B
:1085800025D2243FAB22443F2C85243F3763443F10
:108590001A38243FA5A3443FEEEA233FF5E3443FC6
:1085A000A99D233F2624453F4B50233F3964453F37
:1085B000D302233F2DA4453F43B5223F03E4453F6B
:1085C0009967223FBB23463FD719223F5463463F5A
:1085D000FBCB213FCEA2463F067E213F2AE2463F0B
:1085E000F92F213F6721473FD2E1203F8560473F78
:1085F0009393203F849F473F3B45203F65DE473FA5
:10860000CBF61F3F271D483F41A81F3FCA5B483F8D
:108610009F591F3F4E9A483FE50A1F3FB3D8483F36
:1086200012BC1E3FFA16493F266D1E3F2155493F99
:10863000221E1E3F2993493F06CF1D3F12D1493FBD
:10864000D17F1D3FDC0E4A3F84301D3F874C4A3F9F
:108650001FE11C3F138A4A3FA2911C3F7FC74A3F3C
:108660000C421C3FCC044B3F5FF21B3FFA414B3F97
:1086700099A21B3F097F4B3FBB521B3FF8BB4B3FAF
:10868000C6021B3FC7F84B3FB8B21A3F78354C3F84
:1086900093621A3F08724C3F55121A3F79AE4C3F15
:1086A00000C2193FCBEA4C3F9471193FFD264D3F64
:1086B0000F21193F10634D3F73D0183F029F4D3F6C
:1086C000C07F183FD5DA4D3FF52E183F89164E3F33
:1086D00012DE173F1C524E3F188D173F908D4E3FB4
:1086E000073C173FE4C84E3FDFEA163F17044F3FF1
:1086F0009F99163F2B3F4F3F4748163F1F7A4F3FEA
:10870000D9F6153FF4B44F3F54A5153FA8EF4F3F9E
:10871000B753153F3B2A503F0402153FAF64503F0B
:1087200039B0143F039F503F585E143F37D9503F34
:108730005F0C143F4A13513F50BA133F3D4D513F18
:108740002A68133F1087513FEE15133FC2C0513FB7
:108750009AC3123F54FA513F3071123FC633523F11
:10876000B01E123F186D523F19CC113F49A6523F1F
:108770006B79113F59DF523FA726113F4918533FEC
:10878000CDD3103F1851533FDC80103FC789533F72
:10879000D52D103F55C2533FB8DA0F3FC3FA533FB0
:1087A00084870F3F0F33543F3B340F3F3B6B543FA5
:1087B000DBE00E3F47A3543F658D0E3F31DB543F56
:1087C000DA390E3FFB12553F38E60D3FA44A553FBC
:1087D00081920D3F2C82553FB33E0D3F93B9553FDB
:1087E000D0EA0C3FD9F0553FD7960C3FFE27563FB5
:1087F000C9420C3F025F563FA5EE0B3FE595563F41
:108800006B9A0B3FA7CC563F1C460B3F4803573F84
:10881000B7F10A3FC739573F3D9D0A3F2670573F82
:10882000AD480A3F63A6573F09F4093F7FDC573F35
:108830004E9F093F7912583F7F4A093F5348583F9E
:108840009BF5083F0B7E583FA1A0083FA1B3583FBE
:10885000924B083F17E9583F6FF6073F6A1E593F92
:1088600036A1073F9C53593FE84B073FAD88593F1E
:1088700086F6063F9CBD593F0EA1063F6AF2593F5E
:10888000824B063F16275A3FE2F5053FA05B5A3F51
:108890002CA0053F09905A3F624A053F50C45A3FF9
:1088A00084F4043F75F85A3F919E043F792C5B3F56
:1088B0008948043F5A605B3F6DF2033F1A945B3F67
:1088C0003D9C033FB8C75B3FF845033F34FB5B3F2C
:1088D0009FEF023F8E2E5C3F3299023FC7615C3FA3
:1088E000B142023FDD945C3F1CEC013FD1C75C3FCD
:1088F0007395013FA3FA5C3FB53E013F532D5D3FA9
:10890000E4E7003FE15F5D3FFF90003F4D925D3F38
:10891000063A003F97C45D3FF3C5FF3EBEF65D3F9C
:10892000B217FF3EC3285E3F4A69FE3EA65A5E3F2D
:10893000BBBAFD3E678C5E3F040CFD3E05BE5E3F4C
:10894000275DFC3E81EF5E3F22AEFB3EDB205F3FBA
:10895000F7FEFA3E12525F3FA54FFA3E27835F3F74
:108960002DA0F93E19B45F3F8EF0F83EE9E45F3F79
:10897000C840F83E9615603FDC90F73E2146603FC8
:10898000CBE0F63E8976603F9330F63ECFA6603F5F
:108990003580F53EF2D6603FB1CFF43EF206613F3E
:1089A000071FF43ED036613F386EF33E8A66613F62
:1089B00043BDF23E2296613F290CF23E98C5613FCD
:1089C000EA5AF13EEAF4613F85A9F03E1A24623F7B
:1089D000FBF7EF3E2653623F4C46EF3E1082623F6C
:1089E0007994EE3ED7B0623F80E2ED3E7BDF623F9E
:1089F0006330ED3EFC0D633F217EEC3E5A3C633F0D
:108A0000BBCBEB3E956A633F3019EB3EAC98633FBE
:108A10008166EA3EA1C6633FAEB3E93E73F4633FAD
:108A2000B700E93E2122643F9C4DE83EAC4F643FD5
:108A30005D9AE73E147D643FFBE6E63E59AA643F3B
:108A40007533E63E7BD7643FCB7FE53E7904653FD7
:108A5000FECBE43E5431653F0E18E43E0B5E653FAD
:108A6000FA63E33EA08A653FC4AFE23E10B7653FBC
:108A70006AFBE13E5EE3653FEE46E13E880F663FFE
:108A80004F92E03E8E3B663F8DDDDF3E7167663F75
:108A9000A928DF3E3093663FA273DE3ECCBE663F20
:108AA00079BEDD3E45EA663F2E09DD3E9915673FFA
:108AB000C153DC3ECA40673F319EDB3ED86B673F07
:108AC00080E8DA3EC196673FAD32DA3E87C1673F44
:108AD000B97CD93E2AEC673FA3C6D83EA816683FAA
:108AE0006B10D83E0341683F135AD73E396B683F3D
:108AF00099A3D63E4C95683FFDECD53E3CBF683F00
:108B00004136D53E07E9683F647FD43EAE12693FE7
:108B100067C8D33E323C693F4811D33E9165693FF7
:108B2000095AD23ECC8E693FAAA2D13EE4B7693F32
:108B30002AEBD03ED7E0693F8A33D03EA7096A3F8F
:108B4000CA7BCF3E52326A3FEAC3CE3ED95A6A3F11
:108B5000EA0BCE3E3C836A3FCA53CD3E7BAB6A3FB5
:108B60008B9BCC3E95D36A3F2CE3CB3E8CFB6A3F7C
:108B7000AE2ACB3E5E236B3F1072CA3E0C4B6B3F5E
:108B800053B9C93E95726B3F7700C93EFB996B3F65
:108B90007C47C83E3BC16B3F628EC73E58E86B3F87
:108BA00029D5C63E500F6C3FD21BC63E24366C3FC3
:108BB0005C62C53ED45C6C3FC8A8C43E5E836C3F1B
:108BC00015EFC33EC5A96C3F4435C33E07D06C3F8B
:108BD000557BC23E24F66C3F48C1C13E1D1C6D3F13
:108BE0001E07C13EF2416D3FD54CC03EA1676D3FAF
:108BF0006F92BF3E2D8D6D3FEBD7BE3E93B26D3F62
:108C00004A1DBE3ED5D76D3F8B62BD3EF2FC6D3F27
:108C1000AFA7BC3EEB216E3FB6ECBB3EBE466E3FFF
:108C2000A031BB3E6D6B6E3F6E76BA3EF88F6E3FE5
:108C30001EBBB93E5DB46E3FB2FFB83E9ED86E3FDC
:108C40002A44B83EBAFC6E3F8488B73EB0206F3FDE
:108C5000C3CCB63E83446F3FE610B63E30686F3FEC
:108C6000EC54B53EB88B6F3FD698B43E1BAF6F3F08
:108C7000A5DCB33E5AD26F3F5820B33E73F56F3F29
:108C8000EF63B23E6718703F6BA7B13E373B703F52
:108C9000CBEAB03EE15D703F102EB03E6680703F83
:108CA0003A71AF3EC6A2703F49B4AE3E02C5703FB6
:108CB0003CF7AD3E17E7703F153AAD3E0809713FEE
:108CC000D47CAC3ED42A713F77BFAB3E7A4C713F27
:108CD0000102AB3EFB6D713F6F44AA3E578F713F5F
:108CE000C486A93E8EB0713FFEC8A83E9FD1713F99
:108CF0001F0BA83E8CF2713F254DA73E5213723FC9
:108D0000128FA63EF433723FE5D0A53E7054723FF9
:108D10009F12A53EC774723F3F54A43EF894723F21
:108D2000C595A33E04B5723F33D7A23EEBD4723F44
:108D30008718A23EACF4723FC259A13E4714733F5C
:108D4000E59AA03EBE33733FEEDB9F3E0E53733F6A
:108D5000DF1C9F3E3972733FB85D9E3E3F91733F6B
:108D6000789E9D3E1FB0733F20DF9C3ED9CE733F5F
:108D7000AF1F9C3E6EED733F27609B3EDD0B743F43
:108D800086A09A3E272A743FCEE0993E4B48743F16
:108D9000FE20993E4966743F1661983E2284743FD6
:108DA00017A1973ED5A1743F00E1963E62BF743F84
:108DB000D220963EC9DC743F8D60953E0BFA743F1D
:108DC00031A0943E2717753FBFDF933E1D34753F9A
:108DD000351F933EED50753F945E923E976D753F03
:108DE000DD9D913E1C8A753F10DD903E7BA6753F50
:108DF0002C1C903EB3C2753F325B8F3EC6DE753F82
:108E0000229A8E3EB3FA753FFCD88D3E7A16763F95
:108E1000C0178D3E1B32763F6E568C3E974D763F87
:108E200007958B3EEC68763F8AD38A3E1B84763F5B
:108E3000F8118A3E249F763F5050893E07BA763F0C
:108E4000938E883EC4D4763FC1CC873E5BEF763F9D
:108E5000DA0A873ECC09773FDF48863E1724773F02
:108E6000CE86853E3C3E773FAAC4843E3A58773F43
:108E70007002843E1372773F2240833EC58B773F5A
:108E8000C07D823E51A5773F4ABB813EB7BE773F4A
:108E9000C0F8803EF7D7773F2236803E10F1773F0B
:108EA000E1E67E3E040A783F56617D3ED122783F5E
:108EB000A4DB7B3E773B783FCB557A3EF853783F37
:108EC000CCCF783E526C783FA649773E8684783F77
:108ED0005AC3753E939C783FE83C743E7BB4783F20
:108EE00051B6723E3BCC783F942F713ED6E3783F2B
:108EF000B2A86F3E4AFB783FAB216E3E9812793F95
:108F00007F9A6C3EBF29793F2F136B3EC040793F5B
:108F1000BA8B693E9A57793F2204683E4E6E793F7C
:108F2000667C663EDC84793F86F4643E439B793FF1
:108F3000836C633E83B1793F5CE4613E9DC7793FBA
:108F4000135C603E91DD793FA8D35E3E5EF3793FCE
:108F50001A4B5D3E04097A3F6AC25B3E841E7A3F2B
:108F600097395A3EDD337A3FA4B0583E10497A3FD4
:108F70008F27573E1C5E7A3F589E553E02737A3FBC
:108F80000115543EC1877A3F898B523E599C7A3FE6
:108F9000F101513ECBB07A3F38784F3E16C57A3F4B
:108FA00060EE4D3E3AD97A3F67644C3E37ED7A3FEA
:108FB0004FDA4A3E0E017B3F1850493EBE147B3FBC
:108FC000C2C5473E48287B3F4D3B463EAB3B7B3FBF
:108FD000B9B0443EE74E7B3F0726433EFC617B3FF2
:108FE000379B413EEA747B3F4910403EB2877B3F4E
:108FF0003E853E3E539A7B3F15FA3C3ECDAC7B3FCF
:10900000CF6E3B3E20BF7B3F6CE3393E4DD17B3F73
:10901000EC57383E53E37B3F50CC363E31F57B3F37
:109020009840353EE9067C3FC4B4333E7A187C3F15
:10903000D428323EE5297C3FC99C303E283B7C3F0A
:10904000A2102F3E444C7C3F61842D3E3A5D7C3F14
:1090500004F82B3E086E7C3F8D6B2A3EB07E7C3F31
:10906000FCDE283E318F7C3F5152273E8A9F7C3F59
:109070008CC5253EBDAF7C3FAD38243EC9BF7C3F8B
:10908000B6AB223EAECF7C3FA51E213E6CDF7C3FBF
:109090007B911F3E03EF7C3F38041E3E73FE7C3FF6
:1090A000DE761C3EBC0D7D3F6BE91A3EDD1C7D3F2C
:1090B000E05B193ED82B7D3F3DCE173EAC3A7D3F5D
:1090C0008340163E59497D3FB2B2143EDE577D3F84
:1090D000CA24133E3D667D3FCC96113E74747D3F9D
:1090E000B708103E85827D3F8B7A0E3E6E907D3FA5
:1090F0004AEC0C3E309E7D3FF35D0B3ECCAB7D3F9A
:1091000086CF093E40B97D3F0541083E8CC67D3F74
:109110006EB2063EB2D37D3FC223053EB1E07D3F35
:109120000295033E88ED7D3F2E06023E38FA7D3FD4
:109130004577003EC2067E3F92D0FD3D24137E3F20
:1091400073B2FA3D5E1F7E3F2C94F73D722B7E3F3B
:10915000C075F43D5E377E3F2E57F13D23437E3F81
:109160007638EE3DC14E7E3F9A19EB3D385A7E3F30
:109170009AFAE73D88657E3F76DBE43DB0707E3F3E
:109180002EBCE13DB17B7E3FC49CDE3D8B867E3FA5
:10919000377DDB3D3D917E3F895DD83DC99B7E3F5C
:1091A000B93DD53D2DA67E3FC81DD23D69B07E3F5D
:1091B000B7FDCE3D7FBA7E3F86DDCB3D6DC47E3FA1
:1091C00036BDC83D34CE7E3FC69CC53DD4D77E3F1C
:1091D000397CC23D4CE17E3F8D5BBF3D9DEA7E3FC9
:1091E000C33ABC3DC7F37E3FDD19B93DC9FC7E3FA4
:1091F000DAF8B53DA4057F3FBBD7B23D580E7F3F9F
:1092000080B6AF3DE4167F3F2B95AC3D491F7F3FB5
:10921000BA73A93D87277F3F3052A63D9D2F7F3FE0
:109220008C30A33D8D377F3FCF0EA03D543F7F3F15
:10923000F9EC9C3DF4467F3F0ACB993D6D4E7F3F54
:1092400005A9963DBF557F3FE786933DE95C7F3F8B
:10925000B464903DEC637F3F6A428D3DC76A7F3FB7
:109260000A208A3D7B717F3F94FD863D08787F3FD1
:109270000ADB833D6D7E7F3F6CB8803DAB847F3FD2
:10928000742B7B3DC28A7F3FE9E5743DB1907F3FFF
:1092900038A06E3D78967F3F625A683D189C7F3FAC
:1092A0006814623D91A17F3F4CCE5B3DE3A67F3FBA
:1092B0000E88553D0DAC7F3FAF414F3D0FB17F3F15
:1092C0002FFB483DEAB57F3F91B4423D9EBA7F3FB8
:1092D000D56D3C3D2ABF7F3FFC26363D8FC37F3F87
:1092E00007E02F3DCCC77F3FF698293DE2CB7F3F7B
:1092F000CC51233DD1CF7F3F880A1D3D98D37F3F7E
:109300002CC3163D37D77F3FB87B103DAFDA7F3F88
:109310002F340A3D00DE7F3F90EC033D29E17F3F83
:10932000B949FB3C2BE47F3F2DBAEE3C05E77F3F7C
:109330007B2AE23CB8E97F3FA69AD53C43EC7F3FCD
:10934000B00AC93CA7EE7F3F9B7ABC3CE3F07F3F6D
:1093500069EAAF3CF8F27F3F1C5AA33CE6F47F3F3A
:10936000B6C9963CACF67F3F38398A3C4AF87F3F15
:109370004B517B3CC1F97F3F0030623C11FB7F3F8A
:10938000900E493C39FC7F3F02ED2F3C39FD7F3F79
:1093900059CB163C13FE7F3F3053FB3BC4FE7F3F4F
:1093A000890FC93B4EFF7F3FC1CB963BB1FF7F3F4B
:1093B000C70F493BECFF7F3FD40FC93A0000803F05
:1093C00000000000ECFF7F3FD40FC9BAB1FF7F3F20
:1093D000C70F49BB4EFF7F3FC1CB96BBC4FE7F3F4B
:1093E000890FC9BB13FE7F3F3053FBBB39FD7F3F65
:1093F00059CB16BC39FC7F3F02ED2FBC11FB7F3FE0
:10940000900E49BCC1F97F3F003062BC4AF87F3FF3
:109410004B517BBCACF67F3F38398ABCE6F47F3FCA
:10942000B6C996BCF8F27F3F1C5AA3BCE3F07F3F5D
:1094300069EAAFBCA7EE7F3F9B7ABCBC43EC7F3FA1
:10944000B00AC9BCB8E97F3FA69AD5BC05E77F3F03
:109450007B2AE2BC2BE47F3F2DBAEEBC29E17F3FA3
:10946000B949FBBC00DE7F3F90EC03BDAFDA7F3F24
:109470002F340ABD37D77F3FB87B10BD98D37F3FCD
:109480002CC316BDD1CF7F3F880A1DBDE2CB7F3FE5
:10949000CC5123BDCCC77F3FF69829BD8FC37F3FFA
:1094A00007E02FBD2ABF7F3FFC2636BD9EBA7F3F17
:1094B000D56D3CBDEAB57F3F91B442BD0FB17F3F52
:1094C0002FFB48BD0DAC7F3FAF414FBDE3A67F3FB3
:1094D0000E8855BD91A17F3F4CCE5BBD189C7F3F50
:1094E000681462BD78967F3F625A68BDB1907F3F35
:1094F00038A06EBDC28A7F3FE9E574BDAB847F3F73
:10950000742B7BBD6D7E7F3F6CB880BD08787F3F3C
:109510000ADB83BD7B717F3F94FD86BDC76A7F3FB9
:109520000A208ABDEC637F3F6A428DBDE95C7F3FC4
:10953000B46490BDBF557F3FE78693BD6D4E7F3FBE
:1095400005A996BDF4467F3F0ACB99BD543F7F3FA6
:10955000F9EC9CBD8D377F3FCF0EA0BD9D2F7F3F87
:109560008C30A3BD87277F3F3052A6BD491F7F3F68
:10957000BA73A9BDE4167F3F2B95ACBD580E7F3F53
:1095800080B6AFBDA4057F3FBBD7B2BDC9FC7E3F4F
:10959000DAF8B5BDC7F37E3FDD19B9BD9DEA7E3F60
:1095A000C33ABCBD4CE17E3F8D5BBFBDD4D77E3F8F
:1095B000397CC2BD34CE7E3FC69CC5BD6DC47E3FE6
:1095C00036BDC8BD7FBA7E3F86DDCBBD69B07E3F6C
:1095D000B7FDCEBD2DA67E3FC81DD2BDC99B7E3F27
:1095E000B93DD5BD3D917E3F895DD8BD8B867E3F1F
:1095F000377DDBBDB17B7E3FC49CDEBDB0707E3F5E
:109600002EBCE1BD88657E3F76DBE4BD385A7E3FE7
:109610009AFAE7BDC14E7E3F9A19EBBD23437E3FC8
:109620007638EEBD5E377E3F2E57F1BD722B7E3F02
:10963000C075F4BD5E1F7E3F2C94F7BD24137E3FA2
:1096400073B2FABDC2067E3F92D0FDBD38FA7D3FAF
:10965000457700BE88ED7D3F2E0602BEB1E07D3F1E
:10966000029503BEB2D37D3FC22305BE8CC67D3FAB
:109670006EB206BE40B97D3F054108BECCAB7D3F12
:1096800086CF09BE309E7D3FF35D0BBE6E907D3F61
:109690004AEC0CBE85827D3F8B7A0EBE74747D3F92
:1096A000B70810BE3D667D3FCC9611BEDE577D3FAC
:1096B000CA2413BE59497D3FB2B214BEAC3A7D3FB5
:1096C000834016BED82B7D3F3DCE17BEDD1C7D3FAF
:1096D000E05B19BEBC0D7D3F6BE91ABE73FE7C3F9B
:1096E000DE761CBE03EF7C3F38041EBE6CDF7C3F81
:1096F0007B911FBEAECF7C3FA51E21BEC9BF7C3F64
:10970000B6AB22BEBDAF7C3FAD3824BE8A9F7C3F46
:109710008CC525BE318F7C3F515227BEB07E7C3F29
:10972000FCDE28BE086E7C3F8D6B2ABE3A5D7C3F16
:1097300004F82BBE444C7C3F61842DBE283B7C3F0B
:10974000A2102FBEE5297C3FC99C30BE7A187C3F11
:10975000D42832BEE9067C3FC4B433BE31F57B3F2A
:10976000984035BE53E37B3F50CC36BE4DD17B3F56
:10977000EC5738BE20BF7B3F6CE339BECDAC7B3F9E
:10978000CF6E3BBE539A7B3F15FA3CBEB2877B3F00
:109790003E853EBEEA747B3F491040BEFC617B3F84
:1097A000379B41BEE74E7B3F072643BEAB3B7B3F2B
:1097B000B9B044BE48287B3F4D3B46BEBE147B3FFC
:1097C000C2C547BE0E017B3F185049BE37ED7A3FF8
:1097D0004FDA4ABE3AD97A3F67644CBE16C57A3F23
:1097E00060EE4DBECBB07A3F38784FBE599C7A3F81
:1097F000F10151BEC1877A3F898B52BE02737A3F15
:10980000011554BE1C5E7A3F589E55BE10497A3FE2
:109810008F2757BEDD337A3FA4B058BE841E7A3FEF
:1098200097395ABE04097A3F6AC25BBE5EF3793F3C
:109830001A4B5DBE91DD793FA8D35EBE9DC7793FCF
:10984000135C60BE83B1793F5CE461BE439B793FAA
:10985000836C63BEDC84793F86F464BE4E6E793FD0
:10986000667C66BE9A57793F220468BEC040793F45
:10987000BA8B69BEBF29793F2F136BBE9812793F0F
:109880007F9A6CBE4AFB783FAB216EBED6E3783F31
:10989000B2A86FBE3BCC783F942F71BE7BB4783FAB
:1098A00051B672BE939C783FE83C74BE8684783F84
:1098B0005AC375BE526C783FA64977BEF853783FBD
:1098C000CCCF78BE773B783FCB557ABED122783F5C
:1098D000A4DB7BBE040A783F56617DBE10F1773F62
:1098E000E1E67EBEF7D7773F223680BEB7BE773F30
:1098F000C0F880BE51A5773F4ABB81BEC58B773F7C
:10990000C07D82BE1372773F224083BE3A58773FB4
:10991000700284BE3C3E773FAAC484BE1724773FC2
:10992000CE8685BECC09773FDF4886BE5BEF763FAB
:10993000DA0A87BEC4D4763FC1CC87BE07BA763F69
:10994000938E88BE249F763F505089BE1B84763FFD
:10995000F8118ABEEC68763F8AD38ABE974D763F6F
:1099600007958BBE1B32763F6E568CBE7A16763FBD
:10997000C0178DBEB3FA753FFCD88DBEC6DE753FED
:10998000229A8EBEB3C2753F325B8FBE7BA6753FF7
:109990002C1C90BE1C8A753F10DD90BE976D753FE4
:1099A000DD9D91BEED50753F945E92BE1D34753FB6
:1099B000351F93BE2717753FBFDF93BE0BFA743F69
:1099C00031A094BEC9DC743F8D6095BE62BF743F08
:1099D000D22096BED5A1743F00E196BE2284743F8A
:1099E00017A197BE4966743F166198BE4B48743FF5
:1099F000FE2099BE272A743FCEE099BEDD0B743F4E
:109A000086A09ABE6EED733F27609BBED9CE733F92
:109A1000AF1F9CBE1FB0733F20DF9CBE3F91733FC2
:109A2000789E9DBE3972733FB85D9EBE0E53733FE4
:109A3000DF1C9FBEBE33733FEEDB9FBE4714733FF8
:109A4000E59AA0BEACF4723FC259A1BEEBD4723FFE
:109A50008718A2BE04B5723F33D7A2BEF894723FF6
:109A6000C595A3BEC774723F3F54A4BE7054723FE5
:109A70009F12A5BEF433723FE5D0A5BE5213723FCC
:109A8000128FA6BE8CF2713F254DA7BE9FD1713FAC
:109A90001F0BA8BE8EB0713FFEC8A8BE578F713F86
:109AA000C486A9BEFB6D713F6F44AABE7A4C713F5C
:109AB0000102ABBED42A713F77BFABBE0809713F2C
:109AC000D47CACBE17E7703F153AADBE02C5703FFF
:109AD0003CF7ADBEC6A2703F49B4AEBE6680703FD3
:109AE0003A71AFBEE15D703F102EB0BE373B703FA4
:109AF000CBEAB0BE6718703F6BA7B1BE73F56F3F7E
:109B0000EF63B2BE5AD26F3F5820B3BE1BAF6F3F58
:109B1000A5DCB3BEB88B6F3FD698B4BE30686F3F3C
:109B2000EC54B5BE83446F3FE610B6BEB0206F3F25
:109B3000C3CCB6BEBAFC6E3F8488B7BE9ED86E3F1B
:109B40002A44B8BE5DB46E3FB2FFB8BEF88F6E3F18
:109B50001EBBB9BE6D6B6E3F6E76BABEBE466E3F23
:109B6000A031BBBEEB216E3FB6ECBBBEF2FC6D3F3D
:109B7000AFA7BCBED5D76D3F8B62BDBE93B26D3F64
:109B80004A1DBEBE2D8D6D3FEBD7BEBEA1676D3F9A
:109B90006F92BFBEF2416D3FD54CC0BE1D1C6D3FE4
:109BA0001E07C1BE24F66C3F48C1C1BE07D06C3F42
:109BB000557BC2BEC5A96C3F4435C3BE5E836C3FB6
:109BC00015EFC3BED45C6C3FC8A8C4BE24366C3F3E
:109BD0005C62C5BE500F6C3FD21BC6BE58E86B3FDF
:109BE00029D5C6BE3BC16B3F628EC7BEFB996B3F9A
:109BF0007C47C8BE95726B3F7700C9BE0C4B6B3F6C
:109C000053B9C9BE5E236B3F1072CABE8CFB6A3F5C
:109C1000AE2ACBBE95D36A3F2CE3CBBE7BAB6A3F6B
:109C20008B9BCCBE3C836A3FCA53CDBED95A6A3F98
:109C3000EA0BCEBE52326A3FEAC3CEBEA7096A3FE4
:109C4000CA7BCFBED7E0693F8A33D0BEE4B7693F55
:109C50002AEBD0BECC8E693FAAA2D1BE9165693FE6
:109C6000095AD2BE323C693F4811D3BEAE12693F99
:109C700067C8D3BE07E9683F647FD4BE3CBF683F76
:109C80004136D5BE4C95683FFDECD5BE396B683F7B
:109C900099A3D6BE0341683F135AD7BEA816683FA2
:109CA0006B10D8BE2AEC673FA3C6D8BE87C1673FFA
:109CB000B97CD9BEC196673FAD32DABED86B673F7B
:109CC00080E8DABECA40673F319EDBBE9915673F28
:109CD000C153DCBE45EA663F2E09DDBECCBE663F01
:109CE00079BEDDBE3093663FA273DEBE7167663F0C
:109CF000A928DFBE8E3B663F8DDDDFBE880F663F45
:109D00004F92E0BE5EE3653FEE46E1BE10B7653FB1
:109D10006AFBE1BEA08A653FC4AFE2BE0B5E653F51
:109D2000FA63E3BE5431653F0E18E4BE7904653F23
:109D3000FECBE4BE7BD7643FCB7FE5BE59AA643F30
:109D40007533E6BE147D643FFBE6E6BEAC4F643F70
:109D50005D9AE7BE2122643F9C4DE8BE73F4633FE9
:109D6000B700E9BEA1C6633FAEB3E9BEAC98633F9E
:109D70008166EABE956A633F3019EBBE5A3C633F89
:109D8000BBCBEBBEFC0D633F217EECBE7BDF623FB5
:109D90006330EDBED7B0623F80E2EDBE1082623F1D
:109DA0007994EEBE2653623F4C46EFBE1A24623FC2
:109DB000FBF7EFBEEAF4613F85A9F0BE98C5613FAD
:109DC000EA5AF1BE2296613F290CF2BE8A66613FD3
:109DD00043BDF2BED036613F386EF3BEF206613F3E
:109DE000071FF4BEF2D6603FB1CFF4BECFA6603FEE
:109DF0003580F5BE8976603F9330F6BE2146603FE0
:109E0000CBE0F6BE9615603FDC90F7BEE9E45F3F1D
:109E1000C840F8BE19B45F3F8EF0F8BE27835F3F9D
:109E20002DA0F9BE12525F3FA54FFABEDB205F3F67
:109E3000F7FEFABE81EF5E3F22AEFBBE05BE5E3F7F
:109E4000275DFCBE678C5E3F040CFDBEA65A5E3FDC
:109E5000BBBAFDBEC3285E3F4A69FEBEBEF65D3F8B
:109E6000B217FFBE97C45D3FF3C5FFBE4D925D3F85
:109E7000063A00BFE15F5D3FFF9000BF532D5D3F9D
:109E8000E4E700BFA3FA5C3FB53E01BFD1C75C3F2A
:109E9000739501BFDD945C3F1CEC01BFC7615C3F63
:109EA000B14202BF8E2E5C3F329902BF34FB5B3F52
:109EB0009FEF02BFB8C75B3FF84503BF1A945B3FF3
:109EC0003D9C03BF5A605B3F6DF203BF792C5B3F43
:109ED000894804BF75F85A3F919E04BF50C45A3F49
:109EE00084F404BF09905A3F624A05BFA05B5A3F01
:109EF0002CA005BF16275A3FE2F505BF6AF2593F6D
:109F0000824B06BF9CBD593F0EA106BFAD88593F8D
:109F100086F606BF9C53593FE84B07BF6A1E593F60
:109F200036A107BF17E9583F6FF607BFA1B3583FE7
:109F3000924B08BF0B7E583FA1A008BF5348583F23
:109F40009BF508BF7912583F7F4A09BF7FDC573F16
:109F50004E9F09BF63A6573F09F409BF2670573FBC
:109F6000AD480ABFC739573F3D9D0ABF4803573F19
:109F7000B7F10ABFA7CC563F1C460BBFE595563F2D
:109F80006B9A0BBF025F563FA5EE0BBFFE27563FF5
:109F9000C9420CBFD9F0553FD7960CBF93B9553F76
:109FA000D0EA0CBF2C82553FB33E0DBFA44A553FAB
:109FB00081920DBFFB12553F38E60DBF31DB543F98
:109FC000DA390EBF47A3543F658D0EBF3B6B543F3C
:109FD000DBE00EBF0F33543F3B340FBFC3FA533F98
:109FE00084870FBF55C2533FB8DA0FBFC789533FAD
:109FF000D52D10BF1851533FDC8010BF4918533F77
:10A00000CDD310BF59DF523FA72611BF49A6523FFB
:10A010006B7911BF186D523F19CC11BFC633523F37
:10A02000B01E12BF54FA513F307112BFC2C0513F2F
:10A030009AC312BF1087513FEE1513BF3D4D513FDC
:10A040002A6813BF4A13513F50BA13BF37D9503F44
:10A050005F0C14BF039F503F585E14BFAF64503F66
:10A0600039B014BF3B2A503F040215BFA8EF4F3F41
:10A07000B75315BFF4B44F3F54A515BF1F7A4F3FD8
:10A08000D9F615BF2B3F4F3F474816BF17044F3F28
:10A090009F9916BFE4C84E3FDFEA16BF908D4E3F32
:10A0A000073C17BF1C524E3F188D17BF89164E3FF5
:10A0B00012DE17BFD5DA4D3FF52E18BF029F4D3F78
:10A0C000C07F18BF10634D3F73D018BFFD264D3FB2
:10A0D0000F2119BFCBEA4C3F947119BF79AE4C3FA9
:10A0E00000C219BF08724C3F55121ABF78354C3F59
:10A0F00093621ABFC7F84B3FB8B21ABFF8BB4B3FC9
:10A10000C6021BBF097F4B3FBB521BBFFA414B3FEF
:10A1100099A21BBFCC044B3F5FF21BBF7FC74A3FD6
:10A120000C421CBF138A4A3FA2911CBF874C4A3F76
:10A130001FE11CBFDC0E4A3F84301DBF12D1493FD6
:10A14000D17F1DBF2993493F06CF1DBF2155493FF0
:10A15000221E1EBFFA16493F266D1EBFB3D8483FC8
:10A1600012BC1EBF4E9A483FE50A1FBFCA5B483F5C
:10A170009F591FBF271D483F41A81FBF65DE473FAE
:10A18000CBF61FBF849F473F3B4520BF8560473FBD
:10A19000939320BF6721473FD2E120BF2AE2463F89
:10A1A000F92F21BFCEA2463F067E21BF5463463F12
:10A1B000FBCB21BFBB23463FD71922BF03E4453F5A
:10A1C000996722BF2DA4453F43B522BF3964453F5F
:10A1D000D30223BF2624453F4B5023BFF5E3443F22
:10A1E000A99D23BFA5A3443FEEEA23BF3763443FA5
:10A1F0001A3824BFAB22443F2C8524BF00E2433FE2
:10A2000025D224BF38A1433F041F25BF5160433FDF
:10A21000CB6B25BF4C1F433F77B825BF29DE423F9C
:10A220000A0526BFE89C423F845126BF895B423F16
:10A23000E39D26BF0B1A423F2AEA26BF70D8413F52
:10A24000563627BFB796413F688227BFE154413F4A
:10A2500061CE27BFEC12413F401A28BFDAD0403F01
:10A26000056628BFA98E403FB0B128BF5C4C403F77
:10A2700041FD28BFF009403FB84829BF67C73F3FAD
:10A28000159429BFC0843F3F57DF29BFFC413F3FA2
:10A29000802A2ABF1BFF3E3F8E752ABF1BBC3E3F54
:10A2A00082C02ABFFF783E3F5B0B2BBFC5353E3FC8
:10A2B0001B562BBF6EF23D3FBFA02BBFF9AE3D3FFB
:10A2C0004AEB2BBF676B3D3FB9352CBFB8273D3FED
:10A2D0000F802CBFECE33C3F49CA2CBF03A03C3F9E
:10A2E00069142DBFFC5B3C3F6F5E2DBFD9173C3F0F
:10A2F00059A82DBF98D33B3F29F22DBF3B8F3B3F41
:10A30000DE3B2EBFC14A3B3F78852EBF29063B3F2F
:10A31000F7CE2EBF75C13A3F5B182FBFA47C3A3FE2
:10A32000A5612FBFB7373A3FD3AA2FBFACF2393F51
:10A33000E6F32FBF85AD393FDE3C30BF4268393F81
:10A34000BB8530BFE122393F7CCE30BF65DD383F71
:10A35000221731BFCB97383FAD5F31BF1652383F20
:10A360001DA831BF430C383F71F031BF55C6373F90
:10A37000AA3832BF4A80373FC78032BF233A373FBF
:10A38000C9C832BFDFF3363FAF1033BF7FAD363FB2
:10A390007A5833BF0467363F29A033BF6C20363F5D
:10A3A000BCE733BFB8D9353F342F34BFE792353FD0
:10A3B0008F7634BFFB4B353FCFBD34BFF304353F01
:10A3C000F30435BFCFBD343FFB4B35BF8F76343FF1
:10A3D000E79235BF342F343FB8D935BFBCE7333FA0
:10A3E0006C2036BF29A0333F046736BF7A58333F0D
:10A3F0007FAD36BFAF10333FDFF336BFC9C8323F42
:10A40000233A37BFC780323F4A8037BFAA38323F2E
:10A4100055C637BF71F0313F430C38BF1DA8313FDF
:10A42000165238BFAD5F313FCB9738BF2217313F4F
:10A4300065DD38BF7CCE303FE12239BFBB85303F80
:10A44000426839BFDE3C303F85AD39BFE6F32F3F70
:10A45000ACF239BFD3AA2F3FB7373ABFA5612F3F20
:10A46000A47C3ABF5B182F3F75C13ABFF7CE2E3F91
:10A4700029063BBF78852E3FC14A3BBFDE3B2E3FBE
:10A480003B8F3BBF29F22D3F98D33BBF59A82D3FAF
:10A49000D9173CBF6F5E2D3FFC5B3CBF69142D3F5D
:10A4A00003A03CBF49CA2C3FECE33CBF0F802C3FCC
:10A4B000B8273DBFB9352C3F676B3DBF4AEB2B3FFB
:10A4C000F9AE3DBFBFA02B3F6EF23DBF1B562B3FE9
:10A4D000C5353EBF5B0B2B3FFF783EBF82C02A3F96
:10A4E0001BBC3EBF8E752A3F1BFF3EBF802A2A3F02
:10A4F000FC413FBF57DF293FC0843FBF1594293F30
:10A5000067C73FBFB848293FF00940BF41FD283F1A
:10A510005C4C40BFB0B1283FA98E40BF0566283FC4
:10A52000DAD040BF401A283FEC1241BF61CE273F2E
:10A53000E15441BF6882273FB79641BF5636273F57
:10A5400070D841BF2AEA263F0B1A42BFE39D263F3F
:10A55000895B42BF8451263FE89C42BF0A05263FE3
:10A5600029DE42BF77B8253F4C1F43BFCB6B253F49
:10A57000516043BF041F253F38A143BF25D2243F6C
:10A5800000E243BF2C85243FAB2244BF1A38243F4E
:10A59000376344BFEEEA233FA5A344BFA99D233FF1
:10A5A000F5E344BF4B50233F262445BFD302233F4E
:10A5B000396445BF43B5223F2DA445BF9967223F6B
:10A5C00003E445BFD719223FBB2346BFFBCB213F46
:10A5D000546346BF067E213FCEA246BFF92F213FDE
:10A5E0002AE246BFD2E1203F672147BF9393203F35
:10A5F000856047BF3B45203F849F47BFCBF61F3F49
:10A6000065DE47BF41A81F3F271D48BF9F591F3F19
:10A61000CA5B48BFE50A1F3F4E9A48BF12BC1E3FA7
:10A62000B3D848BF266D1E3FFA1649BF221E1E3FF3
:10A63000215549BF06CF1D3F299349BFD17F1D3FFB
:10A6400012D149BF84301D3FDC0E4ABF1FE11C3FC1
:10A65000874C4ABFA2911C3F138A4ABF0C421C3F41
:10A660007FC74ABF5FF21B3FCC044BBF99A21B3F81
:10A67000FA414BBFBB521B3F097F4BBFC6021B3F7A
:10A68000F8BB4BBFB8B21A3FC7F84BBF93621A3F33
:10A6900078354CBF55121A3F08724CBF00C2193FA3
:10A6A00079AE4CBF9471193FCBEA4CBF0F21193FD3
:10A6B000FD264DBF73D0183F10634DBFC07F183FBC
:10A6C000029F4DBFF52E183FD5DA4DBF12DE173F62
:10A6D00089164EBF188D173F1C524EBF073C173FBF
:10A6E000908D4EBFDFEA163FE4C84EBF9F99163FDC
:10A6F00017044FBF4748163F2B3F4FBFD9F6153FB2
:10A700001F7A4FBF54A5153FF4B44FBFB753153F41
:10A71000A8EF4FBF0402153F3B2A50BF39B0143F8A
:10A72000AF6450BF585E143F039F50BF5F0C143F8F
:10A7300037D950BF50BA133F4A1351BF2A68133F4D
:10A740003D4D51BFEE15133F108751BF9AC3123FC5
:10A75000C2C051BF3071123F54FA51BFB01E123FF8
:10A76000C63352BF19CC113F186D52BF6B79113FE0
:10A7700049A652BFA726113F59DF52BFCDD3103F84
:10A78000491853BFDC80103F185153BFD52D103FDF
:10A79000C78953BFB8DA0F3F55C253BF84870F3FF5
:10A7A000C3FA53BF3B340F3F0F3354BFDBE00E3FC0
:10A7B0003B6B54BF658D0E3F47A354BFDA390E3F44
:10A7C00031DB54BF38E60D3FFB1255BF81920D3F80
:10A7D000A44A55BFB33E0D3F2C8255BFD0EA0C3F73
:10A7E00093B955BFD7960C3FD9F055BFC9420C3F1E
:10A7F000FE2756BFA5EE0B3F025F56BF6B9A0B3F7D
:10A80000E59556BF1C460B3FA7CC56BFB7F10A3F94
:10A81000480357BF3D9D0A3FC73957BFAD480A3F60
:10A82000267057BF09F4093F63A657BF4E9F093FE3
:10A830007FDC57BF7F4A093F791258BF9BF5083F1D
:10A84000534858BFA1A0083F0B7E58BF924B083F0A
:10A85000A1B358BF6FF6073F17E958BF36A1073FAE
:10A860006A1E59BFE84B073F9C5359BF86F6063F07
:10A87000AD8859BF0EA1063F9CBD59BF824B063F14
:10A880006AF259BFE2F5053F16275ABF2CA0053FD3
:10A89000A05B5ABF624A053F09905ABF84F4043F47
:10A8A00050C45ABF919E043F75F85ABF8948043F6F
:10A8B000792C5BBF6DF2033F5A605BBF3D9C033F49
:10A8C0001A945BBFF845033FB8C75BBF9FEF023FD9
:10A8D00034FB5BBF3299023F8E2E5CBFB142023F18
:10A8E000C7615CBF1CEC013FDD945CBF7395013F09
:10A8F000D1C75CBFB53E013FA3FA5CBFE4E7003FB0
:10A90000532D5DBFFF90003FE15F5DBF063A003F02
:10A910004D925DBFF3C5FF3E97C45DBFB217FF3ECA
:10A92000BEF65DBF4A69FE3EC3285EBFBBBAFD3EB0
:10A93000A65A5EBF040CFD3E678C5EBF275DFC3EE1
:10A9400005BE5EBF22AEFB3E81EF5EBFF7FEFA3E64
:10A95000DB205FBFA54FFA3E12525FBF2DA0F93E2C
:10A9600027835FBF8EF0F83E19B45FBFC840F83E42
:10A97000E9E45FBFDC90F73E961560BFCBE0F63EA2
:10A98000214660BF9330F63E897660BF3580F53E44
:10A99000CFA660BFB1CFF43EF2D660BF071FF43E32
:10A9A000F20661BF386EF33ED03661BF43BDF23E62
:10A9B0008A6661BF290CF23E229661BFEA5AF13ED7
:10A9C00098C561BF85A9F03EEAF461BFFBF7EF3E91
:10A9D0001A2462BF4C46EF3E265362BF7994EE3E86
:10A9E000108262BF80E2ED3ED7B062BF6330ED3EC1
:10A9F0007BDF62BF217EEC3EFC0D63BFBBCBEB3E39
:10AA00005A3C63BF3019EB3E956A63BF8166EA3EEC
:10AA1000AC9863BFAEB3E93EA1C663BFB700E93EE1
:10AA200073F463BF9C4DE83E212264BF5D9AE73E0C
:10AA3000AC4F64BFFBE6E63E147D64BF7533E63E73
:10AA400059AA64BFCB7FE53E7BD764BFFECBE43E13
:10AA5000790465BF0E18E43E543165BFFA63E33EE6
:10AA60000B5E65BFC4AFE23EA08A65BF6AFBE13EF4
:10AA700010B765BFEE46E13E5EE365BF4F92E03E34
:10AA8000880F66BF8DDDDF3E8E3B66BFA928DF3EA7
:10AA9000716766BFA273DE3E309366BF79BEDD3E4E
:10AAA000CCBE66BF2E09DD3E45EA66BFC153DC3E23
:10AAB000991567BF319EDB3ECA4067BF80E8DA3E2A
:10AAC000D86B67BFAD32DA3EC19667BFB97CD93E5D
:10AAD00087C167BFA3C6D83E2AEC67BF6B10D83EBC
:10AAE000A81668BF135AD73E034168BF99A3D63E44
:10AAF000396B68BFFDECD53E4C9568BF4136D53EFD
:10AB00003CBF68BF647FD43E07E968BF67C8D33ED7
:10AB1000AE1269BF4811D33E323C69BF095AD23EDA
:10AB2000916569BFAAA2D13ECC8E69BF2AEBD03E07
:10AB3000E4B769BF8A33D03ED7E069BFCA7BCF3E56
:10AB4000A7096ABFEAC3CE3E52326ABFEA0BCE3EC5
:10AB5000D95A6ABFCA53CD3E3C836ABF8B9BCC3E59
:10AB60007BAB6ABF2CE3CB3E95D36ABFAE2ACB3E0C
:10AB70008CFB6ABF1072CA3E5E236BBF53B9C93EDD
:10AB80000C4B6BBF7700C93E95726BBF7C47C83ECC
:10AB9000FB996BBF628EC73E3BC16BBF29D5C63EDA
:10ABA00058E86BBFD21BC63E500F6CBF5C62C53EFF
:10ABB00024366CBFC8A8C43ED45C6CBF15EFC33E3E
:10ABC0005E836CBF4435C33EC5A96CBF557BC23E96
:10ABD00007D06CBF48C1C13E24F66CBF1E07C13E02
:10ABE0001D1C6DBFD54CC03EF2416DBF6F92BF3E84
:10ABF000A1676DBFEBD7BE3E2D8D6DBF4A1DBE3E1A
:10AC000093B26DBF8B62BD3ED5D76DBFAFA7BC3EC3
:10AC1000F2FC6DBFB6ECBB3EEB216EBFA031BB3E7C
:10AC2000BE466EBF6E76BA3E6D6B6EBF1EBBB93E42
:10AC3000F88F6EBFB2FFB83E5DB46EBF2A44B83E17
:10AC40009ED86EBF8488B73EBAFC6EBFC3CCB63EFA
:10AC5000B0206FBFE610B63E83446FBFEC54B53EE4
:10AC600030686FBFD698B43EB88B6FBFA5DCB33EDB
:10AC70001BAF6FBF5820B33E5AD26FBFEF63B23ED7
:10AC800073F56FBF6BA7B13E671870BFCBEAB03EDC
:10AC9000373B70BF102EB03EE15D70BF3A71AF3EE2
:10ACA000668070BF49B4AE3EC6A270BF3CF7AD3EF1
:10ACB00002C570BF153AAD3E17E770BFD47CAC3EFD
:10ACC000080971BF77BFAB3ED42A71BF0102AB3E0A
:10ACD0007A4C71BF6F44AA3EFB6D71BFC486A93E1A
:10ACE000578F71BFFEC8A83E8EB071BF1F0BA83E24
:10ACF0009FD171BF254DA73E8CF271BF128FA63E2A
:10AD0000521372BFE5D0A53EF43372BF9F12A53E29
:10AD1000705472BF3F54A43EC77472BFC595A33E22
:10AD2000F89472BF33D7A23E04B572BF8718A23E13
:10AD3000EBD472BFC259A13EACF472BFE59AA03EFB
:10AD4000471473BFEEDB9F3EBE3373BFDF1C9F3ED5
:10AD50000E5373BFB85D9E3E397273BF789E9D3EA1
:10AD60003F9173BF20DF9C3E1FB073BFAF1F9C3E5F
:10AD7000D9CE73BF27609B3E6EED73BF86A09A3E0F
:10AD8000DD0B74BFCEE0993E272A74BFFE20993EAA
:10AD90004B4874BF1661983E496674BF17A1973E31
:10ADA000228474BF00E1963ED5A174BFD220963EA6
:10ADB00062BF74BF8D60953EC9DC74BF31A0943E04
:10ADC0000BFA74BFBFDF933E271775BF351F933E45
:10ADD0001D3475BF945E923EED5075BFDD9D913E72
:10ADE000976D75BF10DD903E1C8A75BF2C1C903E80
:10ADF0007BA675BF325B8F3EB3C275BF229A8E3E73
:10AE0000C6DE75BFFCD88D3EB3FA75BFC0178D3E48
:10AE10007A1676BF6E568C3E1B3276BF07958B3EF8
:10AE2000974D76BF8AD38A3EEC6876BFF8118A3E8A
:10AE30001B8476BF5050893E249F76BF938E883EF8
:10AE400007BA76BFC1CC873EC4D476BFDA0A873E44
:10AE50005BEF76BFDF48863ECC0977BFCE86853E66
:10AE6000172477BFAAC4843E3C3E77BF7002843E5D
:10AE70003A5877BF2240833E137277BFC07D823E2F
:10AE8000C58B77BF4ABB813E51A577BFC0F8803ED6
:10AE9000B7BE77BF2236803EF7D777BFE1E67E3E6A
:10AEA00010F177BF56617D3E040A78BFA4DB7B3E7C
:10AEB000D12278BFCB557A3E773B78BFCCCF783E56
:10AEC000F85378BFA649773E526C78BF5AC3753E97
:10AED000868478BFE83C743E939C78BF51B6723E3E
:10AEE0007BB478BF942F713E3BCC78BFB2A86F3E45
:10AEF000D6E378BFAB216E3E4AFB78BF7F9A6C3EAB
:10AF0000981279BF2F136B3EBF2979BFBA8B693E68
:10AF1000C04079BF2204683E9A5779BF667C663E7E
:10AF20004E6E79BF86F4643EDC8479BF836C633EE9
:10AF3000439B79BF5CE4613E83B179BF135C603EA3
:10AF40009DC779BFA8D35E3E91DD79BF1A4B5D3EA8
:10AF50005EF379BF6AC25B3E04097ABF97395A3EF5
:10AF6000841E7ABFA4B0583EDD337ABF8F27573E88
:10AF700010497ABF589E553E1C5E7ABF0115543E5B
:10AF800002737ABF898B523EC1877ABFF101513E6D
:10AF9000599C7ABF38784F3ECBB07ABF60EE4D3EB9
:10AFA00016C57ABF67644C3E3AD97ABF4FDA4A3E3B
:10AFB00037ED7ABF1850493E0E017BBFC2C5473EF0
:10AFC000BE147BBF4D3B463E48287BBFB9B0443ED4
:10AFD000AB3B7BBF0726433EE74E7BBF379B413EE3
:10AFE000FC617BBF4910403EEA747BBF3E853E3E1C
:10AFF000B2877BBF15FA3C3E539A7BBFCF6E3B3E78
:10B00000CDAC7BBF6CE3393E20BF7BBFEC57383EF5
:10B010004DD17BBF50CC363E53E37BBF9840353E8D
:10B0200031F57BBFC4B4333EE9067CBFD428323E41
:10B030007A187CBFC99C303EE5297CBFA2102F3E08
:10B04000283B7CBF61842D3E444C7CBF04F82B3EE2
:10B050003A5D7CBF8D6B2A3E086E7CBFFCDE283ECD
:10B06000B07E7CBF5152273E318F7CBF8CC5253EC0
:10B070008A9F7CBFAD38243EBDAF7CBFB6AB223EBD
:10B08000C9BF7CBFA51E213EAECF7CBF7B911F3EBA
:10B090006CDF7CBF38041E3E03EF7CBFDE761C3EB7
:10B0A00073FE7CBF6BE91A3EBC0D7DBFE05B193EB1
:10B0B000DD1C7DBF3DCE173ED82B7DBF8340163EA5
:10B0C000AC3A7DBFB2B2143E59497DBFCA24133E8B
:10B0D000DE577DBFCC96113E3D667DBFB708103E62
:10B0E00074747DBF8B7A0E3E85827DBF4AEC0C3E28
:10B0F0006E907DBFF35D0B3E309E7DBF86CF093ED7
:10B10000CCAB7DBF0541083E40B97DBF6EB2063E67
:10B110008CC67DBFC223053EB2D37DBF0295033EE0
:10B12000B1E07DBF2E06023E88ED7DBF4577003E33
:10B1300038FA7DBF92D0FD3DC2067EBF73B2FA3DA4
:10B1400024137EBF2C94F73D5E1F7EBFC075F43D77
:10B15000722B7EBF2E57F13D5E377EBF7638EE3DB7
:10B1600023437EBF9A19EB3DC14E7EBF9AFAE73D5D
:10B17000385A7EBF76DBE43D88657EBF2EBCE13D5C
:10B18000B0707EBFC49CDE3DB17B7EBF377DDB3DB2
:10B190008B867EBF895DD83D3D917EBFB93DD53D53
:10B1A000C99B7EBFC81DD23D2DA67EBFB7FDCE3D3B
:10B1B00069B07EBF86DDCB3D7FBA7EBF36BDC83D60
:10B1C0006DC47EBFC69CC53D34CE7EBF397CC23DBA
:10B1D000D4D77EBF8D5BBF3D4CE17EBFC33ABC3D43
:10B1E0009DEA7EBFDD19B93DC7F37EBFDAF8B53DF4
:10B1F000C9FC7EBFBBD7B23DA4057FBF80B6AF3DC3
:10B20000580E7FBF2B95AC3DE4167FBFBA73A93DA6
:10B21000491F7FBF3052A63D87277FBF8C30A33D9B
:10B220009D2F7FBFCF0EA03D8D377FBFF9EC9C3D9A
:10B23000543F7FBF0ACB993DF4467FBF05A9963D99
:10B240006D4E7FBFE786933DBF557FBFB464903D91
:10B25000E95C7FBF6A428D3DEC637FBF0A208A3D77
:10B26000C76A7FBF94FD863D7B717FBF0ADB833D4C
:10B2700008787FBF6CB8803D6D7E7FBF742B7B3DAF
:10B28000AB847FBFE9E5743DC28A7FBF38A06E3DC5
:10B29000B1907FBF625A683D78967FBF6814623D67
:10B2A000189C7FBF4CCE5B3D91A17FBF0E88553D62
:10B2B000E3A67FBFAF414F3D0DAC7FBF2FFB483DA5
:10B2C0000FB17FBF91B4423DEAB57FBFD56D3C3D24
:10B2D0009EBA7FBFFC26363D2ABF7FBF07E02F3DC9
:10B2E0008FC37FBFF698293DCCC77FBFCC51233D8C
:10B2F000E2CB7FBF880A1D3DD1CF7FBF2CC3163D57
:10B3000098D37FBFB87B103D37D77FBF2F340A3D1E
:10B31000AFDA7FBF90EC033D00DE7FBFB949FB3C55
:10B3200029E17FBF2DBAEE3C2BE47FBF7B2AE23CB4
:10B3300005E77FBFA69AD53CB8E97FBFB00AC93CF4
:10B3400043EC7FBF9B7ABC3CA7EE7FBF69EAAF3C72
:10B35000E3F07FBF1C5AA33CF8F27FBFB6C9963C0E
:10B36000E6F47FBF38398A3CACF67FBF4B517B3C5B
:10B370004AF87FBF0030623CC1F97FBF900E493C64
:10B3800011FB7FBF02ED2F3C39FC7FBF59CB163C30
:10B3900039FD7FBF3053FB3B13FE7FBF890FC93B95
:10B3A000C4FE7FBFC1CB963B4EFF7FBFC70F493B5B
:10B3B000B1FF7FBFD40FC93AECFF7FBF0000000090
:10B3C000920E493CB10AC93C2BC3163D2EFB483DA9
:10B3D000752B7B3D04A9963D80B6AF3D36BDC83D7B
:10B3E0002FBCE13D73B2FA3D87CF093E8340163E44
:10B3F000B5AB223EA2102F3ECF6E3B3EC2C5473EAC
:10B400000115543E135C603E7F9A6C3ECCCF783E73
:10B41000C07D823E938E883E229A8E3E32A0943E1C
:10B4200086A09A3EE59AA03E128FA63ED47CAC3E02
:10B43000EF63B23E2A44B83E491DBE3E15EFC33EFF
:10B4400053B9C93ECA7BCF3E4136D53E80E8DA3E8D
:10B450004F92E03E7533E63EBBCBEB3EEA5AF13EFF
:10B46000CBE0F63E275DFC3EE4E7003F3D9C033F1A
:10B47000824B063F9BF5083F6B9A0B3FDA390E3F34
:10B48000CDD3103F2A68133FD9F6153FC07F183F30
:10B49000C6021B3FD17F1D3FCBF61F3F9967223F5E
:10B4A00025D2243F5636273F1594293F4AEB2B3FA0
:10B4B000DE3B2E3FBB85303FC9C8323FF304353FEA
:10B4C000233A373F4268393F3B8F3B3FF9AE3D3F20
:10B4D00067C73F3F70D8413F01E2433F03E4453F28
:10B4E00065DE473F12D1493FF8BB4B3F029F4D3FBE
:10B4F000207A4F3F3D4D513F4918533F31DB543F78
:10B50000E595563F5348583F6AF2593F1A945B3FBE
:10B51000532D5D3F05BE5E3F2146603F97C5613FAD
:10B520005A3C633F59AA643F880F663FD86B673F18
:10B530003CBF683FA7096A3F0C4B6B3F5E836C3F83
:10B5400093B26D3F9ED86E3F73F56F3F0809713F10
:10B550005213723F4714733FDD0B743F0BFA743F75
:10B56000C6DE753F07BA763FC58B773FF853783F05
:10B570009812793F9DC7793F02737A3FBE147B3F93
:10B58000CDAC7B3F283B7C3FC9BF7C3FAC3A7D3F85
:10B59000CCAB7D3F23137E3FB0707E3F6DC47E3FBA
:10B5A000580E7F3F6D4E7F3FAB847F3F0FB17F3F93
:10B5B00097D37F3F43EC7F3F11FB7F3F0000803FED
:10B5C00011FB7F3F43EC7F3F97D37F3F0FB17F3F1E
:10B5D000AB847F3F6D4E7F3F580E7F3F6DC47E3FF3
:10B5E000B0707E3F23137E3FCCAB7D3FAC3A7D3FB6
:10B5F000C9BF7C3F283B7C3FCDAC7B3FBE147B3F2B
:10B6000002737A3F9DC7793F9812793FF853783F8C
:10B61000C58B773F07BA763FC6DE753F0BFA743F9E
:10B62000DD0B743F4714733F5213723F0809713F9B
:10B6300073F56F3F9ED86E3F93B26D3F5E836C3F54
:10B640000C4B6B3FA7096A3F3CBF683FD86B673F15
:10B65000880F663F59AA643F5A3C633F97C5613FD4
:10B660002146603F05BE5E3F532D5D3F1A945B3F10
:10B670006AF2593F5348583FE595563F31DB543FF6
:10B680004918533F3D4D513F207A4F3F029F4D3F58
:10B69000F8BB4B3F12D1493F65DE473F03E4453FCE
:10B6A00001E2433F70D8413F67C73F3FF9AE3D3F9E
:10B6B0003B8F3B3F4268393F233A373FF304353FE6
:10B6C000C9C8323FBB85303FDE3B2E3F4AEB2B3FA4
:10B6D0001594293F5636273F25D2243F9967223FAC
:10B6E000CBF61F3FD17F1D3FC6021B3FC07F183FD7
:10B6F000D9F6153F2A68133FCDD3103FDA390E3FF4
:10B700006B9A0B3F9BF5083F824B063F3D9C033FE6
:10B71000E4E7003F275DFC3ECBE0F63EEA5AF13E0F
:10B72000BBCBEB3E7533E63E4F92E03E80E8DA3E1F
:10B730004136D53ECA7BCF3E53B9C93E15EFC33E15
:10B74000491DBE3E2A44B83EEF63B23ED47CAC3EB7
:10B75000128FA63EE59AA03E86A09A3E32A0943E65
:10B76000229A8E3E938E883EC07D823ECCCF783E1C
:10B770007F9A6C3E135C603E0115543EC2C5473E45
:10B78000CF6E3B3EA2102F3EB5AB223E8340163E0D
:10B7900087CF093E73B2FA3D2FBCE13D36BDC83DAF
:10B7A00080B6AF3D04A9963D752B7B3D2EFB483DF1
:10B7B0002BC3163DB10AC93C920E493C0000000063
:10B7C000920E49BCB10AC9BC2BC316BD2EFB48BDA5
:10B7D000752B7BBD04A996BD80B6AFBD36BDC8BD77
:10B7E0002FBCE1BD73B2FABD87CF09BE834016BE40
:10B7F000B5AB22BEA2102FBECF6E3BBEC2C547BEA8
:10B80000011554BE135C60BE7F9A6CBECCCF78BE6F
:10B81000C07D82BE938E88BE229A8EBE32A094BE18
:10B8200086A09ABEE59AA0BE128FA6BED47CACBEFE
:10B83000EF63B2BE2A44B8BE491DBEBE15EFC3BEFB
:10B8400053B9C9BECA7BCFBE4136D5BE80E8DABE89
:10B850004F92E0BE7533E6BEBBCBEBBEEA5AF1BEFB
:10B86000CBE0F6BE275DFCBEE4E700BF3D9C03BF16
:10B87000824B06BF9BF508BF6B9A0BBFDA390EBF30
:10B88000CDD310BF2A6813BFD9F615BFC07F18BF2C
:10B89000C6021BBFD17F1DBFCBF61FBF996722BF5A
:10B8A00025D224BF563627BF159429BF4AEB2BBF9C
:10B8B000DE3B2EBFBB8530BFC9C832BFF30435BFE6
:10B8C000233A37BF426839BF3B8F3BBFF9AE3DBF1C
:10B8D00067C73FBF70D841BF01E243BF03E445BF24
:10B8E00065DE47BF12D149BFF8BB4BBF029F4DBFBA
:10B8F000207A4FBF3D4D51BF491853BF31DB54BF74
:10B90000E59556BF534858BF6AF259BF1A945BBFBA
:10B91000532D5DBF05BE5EBF214660BF97C561BFA9
:10B920005A3C63BF59AA64BF880F66BFD86B67BF14
:10B930003CBF68BFA7096ABF0C4B6BBF5E836CBF7F
:10B9400093B26DBF9ED86EBF73F56FBF080971BF0C
:10B95000521372BF471473BFDD0B74BF0BFA74BF71
:10B96000C6DE75BF07BA76BFC58B77BFF85378BF01
:10B97000981279BF9DC779BF02737ABFBE147BBF8F
:10B98000CDAC7BBF283B7CBFC9BF7CBFAC3A7DBF81
:10B99000CCAB7DBF23137EBFB0707EBF6DC47EBFB6
:10B9A000580E7FBF6D4E7FBFAB847FBF0FB17FBF8F
:10B9B00097D37FBF43EC7FBF11FB7FBF000080BFE9
:10B9C00011FB7FBF43EC7FBF97D37FBF0FB17FBF1A
:10B9D000AB847FBF6D4E7FBF580E7FBF6DC47EBFEF
:10B9E000B0707EBF23137EBFCCAB7DBFAC3A7DBFB2
:10B9F000C9BF7CBF283B7CBFCDAC7BBFBE147BBF27
:10BA000002737ABF9DC779BF981279BFF85378BF88
:10BA1000C58B77BF07BA76BFC6DE75BF0BFA74BF9A
:10BA2000DD0B74BF471473BF521372BF080971BF97
:10BA300073F56FBF9ED86EBF93B26DBF5E836CBF50
:10BA40000C4B6BBFA7096ABF3CBF68BFD86B67BF11
:10BA5000880F66BF59AA64BF5A3C63BF97C561BFD0
:10BA6000214660BF05BE5EBF532D5DBF1A945BBF0C
:10BA70006AF259BF534858BFE59556BF31DB54BFF2
:10BA8000491853BF3D4D51BF207A4FBF029F4DBF54
:10BA9000F8BB4BBF12D149BF65DE47BF03E445BFCA
:10BAA00001E243BF70D841BF67C73FBFF9AE3DBF9A
:10BAB0003B8F3BBF426839BF233A37BFF30435BFE2
:10BAC000C9C832BFBB8530BFDE3B2EBF4AEB2BBFA0
:10BAD000159429BF563627BF25D224BF996722BFA8
:10BAE000CBF61FBFD17F1DBFC6021BBFC07F18BFD3
:10BAF000D9F615BF2A6813BFCDD310BFDA390EBFF0
:10BB00006B9A0BBF9BF508BF824B06BF3D9C03BFE2
:10BB1000E4E700BF275DFCBECBE0F6BEEA5AF1BE0B
:10BB2000BBCBEBBE7533E6BE4F92E0BE80E8DABE1B
:10BB30004136D5BECA7BCFBE53B9C9BE15EFC3BE11
:10BB4000491DBEBE2A44B8BEEF63B2BED47CACBEB3
:10BB5000128FA6BEE59AA0BE86A09ABE32A094BE61
:10BB6000229A8EBE938E88BEC07D82BECCCF78BE18
:10BB70007F9A6CBE135C60BE011554BEC2C547BE41
:10BB8000CF6E3BBEA2102FBEB5AB22BE834016BE09
:10BB900087CF09BE73B2FABD2FBCE1BD36BDC8BDAB
:10BBA00080B6AFBD04A996BD752B7BBD2EFB48BDED
:10BBB0002BC316BDB10AC9BC920E49BC000000805F
:10BBC00000000000201D9201BF2A24035D19B60465
:10BBD0007CD947069E5BD90749906A090568FB0A2C
:10BBE0005ED38B0CE4C21B0E2B27AB0FCFF03911A9
:10BBF0006F10C812B17655144514E215DED96D17D1
:10BC00003CB8F81826A0821A6A820B1CE54F931DD7
:10BC10007BF9191F1C709F20C5A423227F88A623AF
:10BC20005E0C28258621A82628B9262885C4A329A4
:10BC3000EB341F2BBAFB982C620A112E6252872F0D
:10BC40004DC5FB30C7546E3287F2DE3357904D3509
:10BC50001420BA36B093243832DD8C39B7EEF23A7C
:10BC600070BA563CA632B83DB849173F1DF2734032
:10BC7000651ECE4135C1254350CD7A448F35CD4523
:10BC8000E7EC1C4765E669483315B449986CFB4AF4
:10BC9000F4DF3F4CC462814DA5E8BF4E4D65FB4FBC
:10BCA00094CC33516E126952F02A9B534B0ACA54FA
:10BCB000D2A4F555FAEE1D5754DD425898646459E4
:10BCC0009A79825A54119D5BE020B45C7C9DC75DDB
:10BCD0008A7CD75E8DB3E35F3038EC603F00F16162
:10BCE000AC01F2629032EF632689E864D3FBDD6534
:10BCF0002081CF66BD0FBD67819EA6686C248C69CC
:10BD0000A4986D6A79F24A6B6029246CFC34F96C52
:10BD1000140DCA6D9DA9966EB2025F6F9A102370C2
:10BD2000C6CBE270D22C9E71852C5572D0C307739E
:10BD3000D1EBB573D19D5F7445D30475CF85A575DF
:10BD40003DAF41768949D976DB4E6C7789B9FA7770
:10BD5000148484782DA90979B1238A79ADEE057A06
:10BD60005B057D7A2363EF7A9E035D7B90E2C57B62
:10BD7000EEFB297CDE4B897CB2CEE37CEC80397D06
:10BD8000405F8A7D8F66D67DEA931D7E93E45F7E59
:10BD9000FC559D7EC6E5D57EC491097FF657387F58
:10BDA0008F36627FF32B877FB436A77F9655C27F8D
:10BDB0008E87D87FC0CBE97F8221F67F5A88FD7FAE
:10BDC000FFFFFF7F5A88FD7F8221F67FC0CBE97F8E
:10BDD0008E87D87F9655C27FB436A77FF32B877F97
:10BDE0008F36627FF657387FC491097FC6E5D57ECE
:10BDF000FC559D7E93E45F7EEA931D7E8F66D67D23
:10BE0000405F8A7DEC80397DB2CEE37CDE4B897C5D
:10BE1000EEFB297C90E2C57B9E035D7B2363EF7A7A
:10BE20005B057D7AADEE057AB1238A792DA9097972
:10BE30001484847889B9FA77DB4E6C778949D9768E
:10BE40003DAF4176CF85A57545D30475D19D5F740F
:10BE5000D1EBB573D0C30773852C5572D22C9E716C
:10BE6000C6CBE2709A102370B2025F6F9DA9966EE6
:10BE7000140DCA6DFC34F96C6029246C79F24A6B9C
:10BE8000A4986D6A6C248C69819EA668BD0FBD67FD
:10BE90002081CF66D3FBDD652689E8649032EF63AD
:10BEA000AC01F2623F00F1613038EC608DB3E35FCA
:10BEB0008A7CD75E7C9DC75DE020B45C54119D5B9D
:10BEC0009A79825A9864645954DD4258FAEE1D57A3
:10BED000D2A4F5554B0ACA54F02A9B536E126952EC
:10BEE00094CC33514D65FB4FA5E8BF4EC462814DE4
:10BEF000F4DF3F4C986CFB4A3315B44965E669485A
:10BF0000E7EC1C478F35CD4550CD7A4435C12543EC
:10BF1000651ECE411DF27340B849173FA632B83DA9
:10BF200070BA563CB7EEF23A32DD8C39B093243811
:10BF30001420BA3657904D3587F2DE33C7546E322F
:10BF40004DC5FB306252872F620A112EBAFB982C26
:10BF5000EB341F2B85C4A32928B926288621A826BF
:10BF60005E0C28257F88A623C5A423221C709F2051
:10BF70007BF9191FE54F931D6A820B1C26A0821ABC
:10BF80003CB8F818DED96D174514E215B176551492
:10BF90006F10C812CFF039112B27AB0FE4C21B0E64
:10BFA0005ED38B0C0568FB0A49906A099E5BD90732
:10BFB0007CD947065D19B604BF2A2403201D9201CF
:10BFC00000000000E0E26DFE41D5DBFCA3E649FB8A
:10BFD0008426B8F962A426F8B76F95F6FB9704F5A6
:10BFE000A22C74F31C3DE4F1D5D854F0310FC6EE09
:10BFF00091EF37ED4F89AAEBBBEB1DEA222692E8C1
:10C00000C44707E7DA5F7DE5967DF4E31BB06CE299
:10C010008506E6E0E48F60DF3B5BDCDD817759DCA1
:10C02000A2F3D7DA7ADE57D9D846D9D77B3B5CD68C
:10C0300015CBE0D4460467D39EF5EED19EAD78D003
:10C04000B33A04CF39AB91CD790D21CCA96FB2CAE7
:10C05000ECDF45C9506CDBC7CE2273C649110DC554
:10C060009045A9C35ACD47C248B6E8C0E30D8CBF7E
:10C070009BE131BECB3EDABCB03285BB71CA32BA6D
:10C080001913E3B89B1996B7CDEA4BB6689304B57C
:10C090000C20C0B33C9D7EB25B1740B1B39A04B094
:10C0A0006C33CCAE92ED96AD10D564ACB5F535AB36
:10C0B0002E5B0AAA0611E2A8AC22BDA7689B9BA62C
:10C0C00066867DA5ACEE62A420DF4BA3846238A215
:10C0D000768328A1734C1CA0D0C7139FC1FF0E9E6E
:10C0E00054FE0D9D70CD109CDA76179B2D04229A7C
:10C0F000E07E309943F042987F61599794DB7396C4
:10C100005C679295870DB594A0D6DB9304CB06931C
:10C11000ECF23592635669914EFDA09066EFDC8F8C
:10C120003A341D8F2ED3618E7BD3AA8D303CF88C90
:10C130002F144A8C2F62A08BBB2CFB8A317A5A8A2F
:10C14000C350BE8977B6268925B19388774605887E
:10C15000EC7B7B87D356F6864FDC75865311FA85C8
:10C16000A5FA8285DD9C108562FCA284701D3A844C
:10C170001204D68322B476834E311C83147FC68288
:10C18000C0A0758271992982166CE2816D1BA08115
:10C1900004AA62813A1A2A813C6EF6800AA8C780F6
:10C1A00071C99D800DD478804CC958806AAA3D80A1
:10C1B00072782780403416807EDE0980A677028060
:10C1C00000000080A67702807EDE09804034168061
:10C1D000727827806AAA3D804CC958800DD4788037
:10C1E00071C99D800AA8C7803C6EF6803A1A2A81E0
:10C1F00004AA62816D1BA081166CE281719929826B
:10C20000C0A07582147FC6824E311C8322B476830F
:10C210001204D683701D3A8462FCA284DD9C1085D2
:10C22000A5FA82855311FA854FDC7586D356F686BA
:10C23000EC7B7B877746058825B1938877B626897E
:10C24000C350BE89317A5A8ABB2CFB8A2F62A08BDD
:10C250002F144A8C303CF88C7BD3AA8D2ED3618E60
:10C260003A341D8F66EFDC8F4EFDA09063566991C6
:10C27000ECF2359204CB0693A0D6DB93870DB594F0
:10C280005C67929594DB73967F61599743F042986F
:10C29000E07E30992D04229ADA76179B70CD109C9F
:10C2A00054FE0D9DC1FF0E9ED0C7139F734C1CA062
:10C2B000768328A1846238A220DF4BA3ACEE62A46F
:10C2C00066867DA5689B9BA6AC22BDA70611E2A849
:10C2D0002E5B0AAAB5F535AB10D564AC92ED96ADE0
:10C2E0006C33CCAEB39A04B05B1740B13C9D7EB2C8
:10C2F0000C20C0B3689304B5CDEA4BB69B1996B732
:10C300001913E3B871CA32BAB03285BBCB3EDABC7E
:10C310009BE131BEE30D8CBF48B6E8C05ACD47C2A1
:10C320009045A9C349110DC5CE2273C6506CDBC719
:10C33000ECDF45C9A96FB2CA790D21CC39AB91CDDB
:10C34000B33A04CF9EAD78D09EF5EED1460467D3C4
:10C3500015CBE0D47B3B5CD6D846D9D77ADE57D90B
:10C36000A2F3D7DA817759DC3B5BDCDDE48F60DF59
:10C370008506E6E01BB06CE2967DF4E3DA5F7DE5CE
:10C38000C44707E7222692E8BBEB1DEA4F89AAEBD8
:10C3900091EF37ED310FC6EED5D854F01C3DE4F1E6
:10C3A000A22C74F3FB9704F5B76F95F662A426F8F8
:10C3B0008426B8F9A3E649FB41D5DBFCE0E26DFE3B
:10C3C00000000000000092012403B6044806D907CB
:10C3D0006B09FB0A8C0C1C0EAB0F3A11C8125514DA
:10C3E000E2156E17F918831A0C1C931D1A1F9F2053
:10C3F0002422A7232825A8262728A4291F2B992CE7
:10C40000112E872FFC306E32DF334E35BA36253889
:10C410008D39F33A573CB83D173F7440CE4126431F
:10C420007B44CD451D476A48B449FB4A404C814D89
:10C43000C04EFB4F345169529B53CA54F6551E5798
:10C4400043586459825A9D5BB45CC85DD75EE45F13
:10C45000EC60F161F262EF63E964DE65D066BD67AE
:10C46000A7688C696E6A4B6B246CF96CCA6D976E09
:10C470005F6F2370E3709E7155720873B6736074BA
:10C480000575A6754276D9766C77FB7785780A793B
:10C490008A79067A7D7AEF7A5D7BC67B2A7C897CF5
:10C4A000E47C3A7D8A7DD67D1E7E607E9D7ED67E32
:10C4B0000A7F387F627F877FA77FC27FD97FEA7F2D
:10C4C000F67FFE7FFF7FFE7FF67FEA7FD97FC27F08
:10C4D000A77F877F627F387F0A7FD67E9D7E607EC2
:10C4E0001E7ED67D8A7D3A7DE47C897C2A7CC67B53
:10C4F0005D7BEF7A7D7A067A8A790A798578FB778F
:10C500006C77D9764276A67505756074B673087334
:10C5100055729E71E37023705F6F976ECA6DF96CF0
:10C52000246C4B6B6E6A8C69A768BD67D066DE654C
:10C53000E964EF63F262F161EC60E45FD75EC85DCD
:10C54000B45C9D5B825A645943581E57F655CA54D1
:10C550009B5369523451FB4FC04E814D404CFB4AB6
:10C56000B4496A481D47CD457B442643CE417440BB
:10C57000173FB83D573CF33A8D392538BA364E351A
:10C58000DF336E32FC30872F112E992C1F2BA429FC
:10C590002728A8262825A72324229F201A1F931D79
:10C5A0000C1C831AF9186E17E2155514C8123A11AB
:10C5B000AB0F1C0E8C0CFB0A6B09D9074806B6049E
:10C5C0002403920100006EFEDCFC4AFBB8F927F858
:10C5D00095F605F574F3E4F155F0C6EE38EDABEBE6
:10C5E0001EEA92E807E77DE5F4E36DE2E6E061DF4D
:10C5F000DCDD59DCD8DA58D9D9D75CD6E1D467D399
:10C60000EFD179D004CF92CD21CCB2CA46C9DBC7D5
:10C6100073C60DC5A9C348C2E9C08CBF32BEDABC1F
:10C6200085BB33BAE3B896B74CB605B5C0B37FB295
:10C6300040B105B0CCAE97AD65AC36AB0AAAE2A866
:10C64000BDA79CA67EA563A44CA338A229A11CA0CB
:10C65000149F0F9E0E9D119C179B229A3099439810
:10C66000599774969295B594DC9307933692699195
:10C67000A190DD8F1D8F628EAB8DF88C4A8CA08BC4
:10C68000FB8A5A8ABE892789948805887B87F68623
:10C690007686FA8583851185A3843A84D683778349
:10C6A0001C83C68276822A82E281A08163812A81EC
:10C6B000F680C8809E80798059803E8027801680D1
:10C6C0000A800280008002800A80168027803E80D7
:10C6D000598079809E80C880F6802A816381A081FC
:10C6E000E2812A827682C6821C837783D6833A844B
:10C6F000A38411858385FA857686F6867B870588EF
:10C7000094882789BE895A8AFB8AA08B4A8CF88C28
:10C71000AB8D628E1D8FDD8FA1906991369207934C
:10C72000DC93B59492957496599743983099229AD0
:10C73000179B119C0E9D0F9E149F1CA029A138A22F
:10C740004CA363A47EA59CA6BDA7E2A80AAA36AB0B
:10C7500065AC97ADCCAE05B040B17FB2C0B305B506
:10C760004CB696B7E3B833BA85BBDABC32BE8CBFE1
:10C77000E9C048C2A9C30DC573C6DBC746C9B2CA62
:10C7800021CC92CD04CF79D0EFD167D3E1D45CD660
:10C79000D9D758D9D8DA59DCDCDD61DFE6E06DE2C3
:10C7A000F4E37DE507E792E81EEAABEB38EDC6EE71
:10C7B00055F0E4F174F305F595F627F8B8F94AFB5E
:10C7C000DCFC6EFE000000000014014021000000AF
:10C7D000001401402200000000140140230000006A
:10C7E000004C004011000000004800405C000000C8
:10C7F00000480040060000000048004062000000C1
:10C8000000480040010000000048004037000000E0
:10C8100000000000040404000008000000080000FC
:10C82000080000000800020406080A0C00010203C8
:10C8300004050600B1270008A1380008B54C00081F
:10C84000295D00080000803F00000000000000009B
:10C85000000000000000803F000000000000000019
:10C8600000000000F628DC3D0000803F00000000D2
:10C8700000000000000000000000803F00000000F9
:10C88000000000000000000053D61441191C0008ED
:10C89000F931000865140008753500088118000892
:10C8A0006D5E0008000000000000000001020304AB
:10C8B0000607080900000000010203041028405880
:10C8C0007088A0B82131000875170008102840585A
:10C8D0007088A0B8000000000404040000080000F4
:10C8E00000080000080000000800020406080A0C06
:10C8F00000010203040506008D330008AD15000891
:10C90000D9180008D50F0008BD0E0008BD35000875
:10C91000193200083132000881320008611B00081A
:10C9200000000000040404000008000000080000EB
:10C93000080000000800020406080A0C00010203B7
:10C9400004050600851400087D330008B532000890
:10C950004D330008351000081D0F000800000000CE
:10C9600004040400000800000008000008000000A3
:10C970000800020406080A0C000102030405060070
:10C98000913600087D3A0008E91600085140000879
:10C9900081100008650F0008711C0008102840581D
:10C9A0007088A0B8CD040008102840587088A0B83E
:10C9B000000000000404040000080000000800005B
:10C9C000080000000800020406080A0C0001020327
:10C9D000040506008D370008093700081028405864
:10C9E0007088A0B8FD2800081537000879130008E2
:10C9F00091120008C9130008E112000800000000AD
:10CA00001914000845120008AD31000810284058DC
:10CA10007088A0B83D2900083D370008CD550008B2
:10CA2000A955000879310008C11100086D360008C9
:10CA3000E532000811330008411500087D16000892
:10CA4000E1100008B10F0008000000000000000025
:10CA500000000000000000000000000000000000D6
:10CA600000000000000000000000000010284058F6
:10CA70007088A0B8BD290008B12C0008D15F00085B
:10CA80001B2D000881040008BF110008192D0008A3
:10CA900051410008F50A0008011700081028405805
:10CAA0007088A0B87D290008653700083D3400086B
:10CAB0001917000871380008A91A00083D36000847
:10CAC000591A000895100008790F000810284058DE
:10CAD0007088A0B8955F00081D2C00080917000891
:10CAE000102840587088A0B8393100088D17000808
:10CAF000111700085D0C0008CD190008A10C0008F2
:10CB0000D9190008E10C0008E5190008210D0008FA
:10CB1000F1190008102840587088A0B8610D00086D
:10CB2000FD190008A50D0008091A0008E90D000804
:10CB3000151A000864CB0308000000208C0B0000CD
:10CB40009003000864CB030800FC012000040000EF
:10CB5000A0600008D0CC03088C0B0020B047000078
:10CB6000A0600008013872061AAA018135D7B35DAA
:10CB70003F19041B803F0C6ABF0C611A80102E8085
:10CB80003F3ACD1304291C293C4A3E048B2ABF0C92
:10CB90000325AA3E167A030ABD28420813E90314A6
:10CBA0000831041C08C1340812181B0875081BE161
:10CBB000170C1A131412361408CD53140879551B88
:10CBC0000815041AFD0C1399141C08211A3C320193
:10CBD00042022905190D141002405A0C044508029E
:10CBE00040803204296629232920A90429402920CC
:10CBF0002A10DF3928193C19042908A9042914A985
:10CC0000042930296F49073904290C69091A40346D
:10CC10001A3C041A38042A340419341A38041A3C09
:10CC2000041A40041A2014B9042914990479C46917
:10CC30000411D90429AC190A114A2070297729DF77
:10CC400069EB698B01FF01FF012602FF1001FF0163
:10CC50002A02FF0101FF012902FF1001FF01281331
:10CC6000B93E1408213F1B0879041AD1040114139A
:10CC7000D91E1B08DF041AE7041AEF041AF7041A76
:10CC8000FD0413051F1B080D041335151408F9398D
:10CC90001408E9401B086D081A8D08130D354C085F
:10CCA000232D501385041408C9185C08152A104A4E
:10CCB0001C081A01011A252813BD108C089D0F7C31
:10CCC0005AED20CB7D1D900213FF091214000000C5
:040000050800018965
:00000001FF
